cpu_usage,memory_usage,num_threads,num_fds,num_connections,has_network_socket,is_setuid,parent_is_shell,parent_is_browser,cmdline_length,has_special_chars,uses_crypto_api,uses_persistence_api,writes_etc,writes_tmp,executes_other_binary,reads_shadow,tries_to_disable_security,binds_to_port,connects_to_external_ip,uses_known_attacker_port,uses_suspicious_user_agent,uses_encoded_payload,uses_anti_debug,downloads_and_executes,label,severity
9.290,21.781,1,6,2,1,0,0,0,58,0,0,0,0,1,0,0,0,0,0,0,0,0,0,0,0,medium
26.317,20.337,5,17,2,1,0,0,1,21,0,0,0,0,0,0,0,0,0,0,0,0,0,0,0,0,low
23.898,13.315,5,24,2,0,0,0,1,90,0,0,0,0,0,0,0,0,0,0,0,0,0,0,0,0,medium
88.361,86.503,33,76,9,1,1,1,0,140,1,1,0,1,0,1,1,1,1,1,0,0,0,0,0,1,critical
11.858,28.318,5,26,1,0,0,0,0,68,0,0,0,0,0,0,0,0,0,0,0,0,0,0,0,0,low
21.816,11.262,2,16,0,0,0,0,0,96,0,0,0,0,0,0,0,0,0,0,0,0,0,0,0,0,low
18.795,26.370,4,3,1,1,0,0,1,64,0,0,0,0,1,0,0,0,0,0,0,0,0,0,0,0,low
61.880,97.246,37,48,7,1,1,0,0,238,1,1,1,1,1,1,0,1,1,1,1,0,1,1,1,1,high
63.838,51.068,15,70,2,1,0,1,0,393,1,1,1,0,0,0,1,1,0,1,0,1,1,0,1,1,critical
20.747,6.030,1,26,2,0,0,0,1,28,0,0,0,0,1,0,0,0,0,0,0,0,0,0,0,0,low
7.418,17.927,4,30,0,1,0,0,1,44,0,0,0,0,0,0,0,0,0,0,0,0,0,0,0,0,medium
74.700,75.540,28,179,6,1,1,0,0,154,1,1,0,0,1,1,1,0,0,1,0,0,0,0,1,1,medium
71.858,56.077,20,172,10,1,1,0,0,296,1,1,0,0,1,1,1,1,0,1,1,0,1,1,0,1,high
71.316,80.086,20,11,6,1,0,1,0,308,1,1,0,1,1,1,0,0,1,1,1,1,0,0,0,1,high
14.154,29.880,2,29,2,1,0,0,0,98,0,0,0,0,1,0,0,0,0,0,0,0,0,0,0,0,medium
97.810,91.097,26,34,10,1,1,1,0,118,1,1,1,0,0,0,1,1,0,1,1,0,0,0,1,1,medium
12.916,12.502,1,27,1,1,0,0,1,37,0,0,0,0,0,0,0,0,0,0,0,0,0,0,0,0,low
16.519,20.489,3,28,0,1,0,0,0,85,0,0,0,0,0,0,0,0,0,0,0,0,0,0,0,0,medium
29.116,22.210,2,7,2,1,0,0,0,91,0,0,0,0,0,0,0,0,0,0,0,0,0,0,0,0,medium
99.096,88.355,24,200,7,1,1,1,0,384,1,1,1,1,1,1,0,1,1,1,0,1,1,1,0,1,high
9.760,13.751,4,5,1,1,0,0,0,79,0,0,0,0,0,0,0,0,0,0,0,0,0,0,0,0,low
19.966,10.031,3,10,0,0,0,0,1,6,0,0,0,0,0,0,0,0,0,0,0,0,0,0,0,0,medium
76.810,50.812,7,90,5,1,0,1,0,141,1,1,0,0,1,1,1,0,0,1,1,1,0,1,1,1,high
62.056,80.154,21,159,3,1,0,1,0,116,1,1,0,1,0,1,0,0,1,1,0,1,1,1,1,1,medium
15.314,24.171,2,23,2,1,0,0,0,79,0,0,0,0,0,0,0,0,0,0,0,0,0,0,0,0,medium
25.329,0.094,5,1,0,1,0,0,1,29,0,0,0,0,0,0,0,0,0,0,0,0,0,0,0,0,medium
27.321,14.819,5,27,1,1,0,0,0,96,0,0,0,0,0,0,0,0,0,0,0,0,0,0,0,0,low
27.032,11.538,3,5,0,1,0,0,1,53,0,0,0,0,0,0,0,0,0,0,0,0,0,0,0,0,medium
23.066,29.206,2,13,0,1,0,0,1,32,0,0,0,0,0,0,0,0,0,0,0,0,0,0,0,0,medium
65.055,94.728,47,51,5,1,0,0,0,239,1,1,1,1,0,1,0,1,1,1,1,1,0,0,1,1,medium
14.290,23.678,2,5,1,1,0,0,0,18,0,0,0,0,0,0,0,0,0,0,0,0,0,0,0,0,medium
5.030,16.025,1,13,0,0,0,0,0,36,0,0,0,0,1,0,0,0,0,0,0,0,0,0,0,0,medium
10.883,17.121,4,28,0,1,0,0,1,29,0,0,0,0,0,0,0,0,0,0,0,0,0,0,0,0,medium
91.074,80.876,5,130,3,1,0,0,0,455,1,1,1,1,0,1,1,0,1,1,0,0,1,0,1,1,high
28.718,10.544,4,2,2,0,0,0,0,11,0,0,0,0,1,0,0,0,0,0,0,0,0,0,0,0,low
99.723,63.850,38,199,7,1,1,0,0,440,1,1,0,1,1,1,0,0,0,1,1,0,1,0,1,1,medium
7.661,13.174,4,5,1,1,0,0,0,84,0,0,0,0,1,0,0,0,0,0,0,0,0,0,0,0,medium
3.804,27.812,2,7,2,0,0,0,1,81,0,0,0,0,1,0,0,0,0,0,0,0,0,0,0,0,medium
1.330,5.504,3,9,1,0,0,0,1,91,0,0,0,0,0,0,0,0,0,0,0,0,0,0,0,0,medium
60.514,67.152,19,29,10,1,1,0,0,492,1,1,1,1,1,0,1,0,1,1,1,1,1,0,0,1,high
0.113,9.477,5,28,0,0,0,0,1,29,0,0,0,0,1,0,0,0,0,0,0,0,0,0,0,0,low
20.547,24.990,1,10,0,1,0,0,1,60,0,0,0,0,1,0,0,0,0,0,0,0,0,0,0,0,medium
7.787,2.377,3,23,1,0,0,0,0,8,0,0,0,0,1,0,0,0,0,0,0,0,0,0,0,0,low
11.942,1.376,4,27,0,1,0,0,1,71,0,0,0,0,0,0,0,0,0,0,0,0,0,0,0,0,low
97.096,60.014,11,93,4,1,1,0,0,372,1,1,1,0,0,1,0,0,1,1,1,0,1,0,0,1,high
8.908,18.176,5,1,0,1,0,0,0,50,0,0,0,0,0,0,0,0,0,0,0,0,0,0,0,0,medium
28.057,3.730,1,28,2,1,0,0,1,80,0,0,0,0,1,0,0,0,0,0,0,0,0,0,0,0,medium
63.442,97.359,49,106,2,1,1,0,0,313,1,1,1,1,1,0,0,0,0,1,1,1,1,1,0,1,critical
5.924,4.192,3,9,0,0,0,0,0,64,0,0,0,0,1,0,0,0,0,0,0,0,0,0,0,0,low
25.457,18.480,5,12,2,1,0,0,0,11,0,0,0,0,1,0,0,0,0,0,0,0,0,0,0,0,medium
11.213,12.740,3,29,0,1,0,0,1,76,0,0,0,0,1,0,0,0,0,0,0,0,0,0,0,0,low
58.802,61.466,49,180,7,1,1,0,0,222,1,1,0,1,1,1,0,0,0,1,0,0,0,1,0,1,medium
16.515,0.118,4,30,2,0,0,0,0,63,0,0,0,0,0,0,0,0,0,0,0,0,0,0,0,0,low
19.409,27.325,2,0,2,1,0,0,0,94,0,0,0,0,1,0,0,0,0,0,0,0,0,0,0,0,medium
15.673,11.404,3,14,0,0,0,0,0,41,0,0,0,0,1,0,0,0,0,0,0,0,0,0,0,0,medium
18.703,23.660,4,29,1,1,0,0,1,38,0,0,0,0,0,0,0,0,0,0,0,0,0,0,0,0,medium
22.988,15.235,1,4,0,1,0,0,0,17,0,0,0,0,0,0,0,0,0,0,0,0,0,0,0,0,low
14.235,26.567,4,5,1,0,0,0,0,44,0,0,0,0,1,0,0,0,0,0,0,0,0,0,0,0,medium
13.732,10.067,1,24,2,1,0,0,0,67,0,0,0,0,1,0,0,0,0,0,0,0,0,0,0,0,low
1.499,13.262,2,26,2,1,0,0,0,66,0,0,0,0,0,0,0,0,0,0,0,0,0,0,0,0,low
92.836,56.597,13,30,10,1,1,1,0,74,1,1,1,1,0,1,0,0,1,1,1,1,1,1,0,1,critical
64.260,83.739,47,80,1,1,1,0,0,383,1,1,1,0,0,0,1,0,1,1,0,0,0,1,1,1,medium
22.581,24.963,5,22,0,1,0,0,1,77,0,0,0,0,1,0,0,0,0,0,0,0,0,0,0,0,low
1.082,0.946,3,29,0,0,0,0,1,56,0,0,0,0,1,0,0,0,0,0,0,0,0,0,0,0,low
11.063,28.443,2,19,2,0,0,0,1,48,0,0,0,0,0,0,0,0,0,0,0,0,0,0,0,0,low
59.534,97.088,7,32,1,1,0,1,0,327,1,1,0,1,0,1,1,1,1,1,0,0,0,1,0,1,high
9.189,22.249,5,9,0,0,0,0,1,59,0,0,0,0,0,0,0,0,0,0,0,0,0,0,0,0,low
1.747,1.991,5,5,2,0,0,0,0,62,0,0,0,0,0,0,0,0,0,0,0,0,0,0,0,0,low
25.260,19.649,3,29,0,1,0,0,1,78,0,0,0,0,1,0,0,0,0,0,0,0,0,0,0,0,low
8.721,5.191,2,27,2,1,0,0,0,78,0,0,0,0,0,0,0,0,0,0,0,0,0,0,0,0,medium
7.901,10.757,3,27,0,1,0,0,1,8,0,0,0,0,0,0,0,0,0,0,0,0,0,0,0,0,low
80.997,77.364,14,151,4,1,0,1,0,488,1,1,0,1,1,0,1,0,1,1,1,1,0,1,1,1,critical
66.720,75.100,33,141,3,1,0,0,0,299,1,1,1,0,0,0,0,0,0,1,1,1,1,0,0,1,critical
29.911,26.935,5,9,1,0,0,0,0,58,0,0,0,0,0,0,0,0,0,0,0,0,0,0,0,0,medium
3.968,20.358,2,6,1,0,0,0,1,61,0,0,0,0,1,0,0,0,0,0,0,0,0,0,0,0,low
18.943,16.662,2,14,0,1,0,0,1,86,0,0,0,0,0,0,0,0,0,0,0,0,0,0,0,0,low
28.934,11.446,4,11,1,0,0,0,1,46,0,0,0,0,0,0,0,0,0,0,0,0,0,0,0,0,medium
82.022,80.775,30,52,1,1,0,1,0,462,1,1,0,1,1,1,1,1,0,1,1,0,0,1,0,1,high
7.969,25.918,2,24,0,1,0,0,1,75,0,0,0,0,1,0,0,0,0,0,0,0,0,0,0,0,low
13.852,8.382,4,5,1,1,0,0,1,100,0,0,0,0,0,0,0,0,0,0,0,0,0,0,0,0,low
6.171,22.588,4,9,1,1,0,0,0,28,0,0,0,0,1,0,0,0,0,0,0,0,0,0,0,0,medium
21.140,7.222,2,28,0,1,0,0,1,44,0,0,0,0,1,0,0,0,0,0,0,0,0,0,0,0,medium
20.351,9.773,1,8,0,0,0,0,1,35,0,0,0,0,0,0,0,0,0,0,0,0,0,0,0,0,medium
10.268,14.917,2,23,2,1,0,0,0,75,0,0,0,0,0,0,0,0,0,0,0,0,0,0,0,0,medium
26.636,16.959,3,27,1,1,0,0,1,63,0,0,0,0,0,0,0,0,0,0,0,0,0,0,0,0,medium
8.822,12.158,4,11,0,0,0,0,1,53,0,0,0,0,0,0,0,0,0,0,0,0,0,0,0,0,low
82.076,82.125,19,112,7,1,0,1,0,499,1,1,1,0,1,1,1,1,0,1,0,1,1,0,1,1,critical
99.368,98.301,31,50,3,1,0,1,0,472,1,1,1,1,0,0,0,0,0,1,0,0,0,1,1,1,high
83.341,88.393,30,157,8,1,1,0,0,447,1,1,0,1,1,1,1,1,1,1,0,0,0,0,1,1,high
96.314,80.762,48,38,8,1,0,1,0,147,1,1,0,1,1,1,0,0,1,1,1,0,0,0,0,1,high
2.979,7.378,2,8,1,0,0,0,0,45,0,0,0,0,1,0,0,0,0,0,0,0,0,0,0,0,medium
23.070,5.078,2,19,2,0,0,0,0,50,0,0,0,0,0,0,0,0,0,0,0,0,0,0,0,0,medium
22.589,15.395,3,18,1,0,0,0,1,65,0,0,0,0,1,0,0,0,0,0,0,0,0,0,0,0,medium
29.952,0.479,5,15,0,0,0,0,1,28,0,0,0,0,0,0,0,0,0,0,0,0,0,0,0,0,low
50.571,78.043,6,168,2,1,0,0,0,55,1,1,1,1,0,0,1,1,1,1,1,0,0,0,0,1,medium
1.643,17.343,4,24,0,1,0,0,0,87,0,0,0,0,0,0,0,0,0,0,0,0,0,0,0,0,medium
13.925,18.019,3,2,1,1,0,0,0,59,0,0,0,0,1,0,0,0,0,0,0,0,0,0,0,0,medium
11.806,14.976,4,18,0,0,0,0,0,47,0,0,0,0,0,0,0,0,0,0,0,0,0,0,0,0,low
61.120,84.222,15,143,1,1,1,0,0,447,1,1,1,1,1,1,0,0,1,1,0,1,0,1,1,1,high
22.653,15.619,3,1,2,0,0,0,0,90,0,0,0,0,0,0,0,0,0,0,0,0,0,0,0,0,medium
79.000,55.204,18,139,1,1,0,0,0,23,1,1,0,1,0,1,1,0,1,1,0,0,0,1,1,1,high
8.653,11.210,3,7,0,1,0,0,1,84,0,0,0,0,0,0,0,0,0,0,0,0,0,0,0,0,medium
27.395,23.828,5,5,0,1,0,0,0,44,0,0,0,0,0,0,0,0,0,0,0,0,0,0,0,0,low
5.431,1.074,4,30,0,1,0,0,0,18,0,0,0,0,0,0,0,0,0,0,0,0,0,0,0,0,medium
23.053,16.210,1,9,1,1,0,0,0,29,0,0,0,0,1,0,0,0,0,0,0,0,0,0,0,0,low
51.847,94.477,24,67,8,1,0,0,0,65,1,1,1,1,1,0,0,0,1,1,0,0,1,1,0,1,medium
62.444,67.178,38,54,2,1,1,0,0,212,1,1,0,1,0,0,0,0,0,1,0,1,0,1,0,1,high
50.694,97.308,11,185,4,1,1,1,0,90,1,1,0,0,1,1,0,0,1,1,0,0,1,0,0,1,high
1.110,23.371,4,12,2,0,0,0,1,87,0,0,0,0,1,0,0,0,0,0,0,0,0,0,0,0,low
11.675,6.123,3,9,1,1,0,0,0,28,0,0,0,0,0,0,0,0,0,0,0,0,0,0,0,0,low
9.500,5.041,5,10,1,1,0,0,1,6,0,0,0,0,1,0,0,0,0,0,0,0,0,0,0,0,medium
60.693,98.517,36,194,10,1,1,0,0,57,1,1,1,0,1,1,0,1,0,1,0,1,1,1,0,1,medium
53.210,62.119,8,16,8,1,1,1,0,28,1,1,1,1,0,0,0,1,0,1,1,1,0,0,0,1,critical
92.856,84.404,27,183,7,1,1,1,0,238,1,1,1,1,0,0,0,1,0,1,1,0,1,1,0,1,medium
26.204,25.712,2,14,2,1,0,0,0,79,0,0,0,0,0,0,0,0,0,0,0,0,0,0,0,0,medium
20.178,29.300,1,30,0,0,0,0,0,75,0,0,0,0,1,0,0,0,0,0,0,0,0,0,0,0,low
71.996,57.343,50,136,1,1,1,1,0,271,1,1,1,0,0,1,1,1,1,1,1,1,1,1,1,1,medium
25.106,8.901,4,1,1,1,0,0,0,96,0,0,0,0,0,0,0,0,0,0,0,0,0,0,0,0,medium
50.844,88.117,24,117,9,1,0,0,0,267,1,1,1,1,1,0,1,1,0,1,0,0,0,0,1,1,high
88.467,53.703,11,131,1,1,1,1,0,146,1,1,1,0,0,1,0,1,0,1,1,1,0,1,0,1,critical
96.909,52.529,28,66,9,1,0,1,0,255,1,1,1,1,1,1,0,0,1,1,0,0,0,1,1,1,critical
99.916,75.137,23,112,8,1,1,0,0,193,1,1,1,0,1,1,1,1,0,1,1,0,0,0,0,1,medium
18.241,29.584,2,27,2,1,0,0,0,92,0,0,0,0,1,0,0,0,0,0,0,0,0,0,0,0,low
61.211,56.209,45,140,8,1,1,1,0,216,1,1,0,1,1,1,1,0,0,1,1,0,0,0,0,1,critical
28.504,9.338,4,17,2,1,0,0,0,5,0,0,0,0,0,0,0,0,0,0,0,0,0,0,0,0,low
8.469,5.828,1,8,1,0,0,0,0,29,0,0,0,0,1,0,0,0,0,0,0,0,0,0,0,0,medium
62.054,57.173,30,199,9,1,0,1,0,347,1,1,1,1,1,1,0,1,1,1,1,1,0,0,0,1,medium
0.042,0.403,2,8,2,1,0,0,1,32,0,0,0,0,1,0,0,0,0,0,0,0,0,0,0,0,medium
10.712,23.164,3,19,2,1,0,0,0,65,0,0,0,0,0,0,0,0,0,0,0,0,0,0,0,0,medium
59.198,87.147,37,10,10,1,1,0,0,48,1,1,0,0,0,1,1,0,1,1,0,0,1,0,0,1,medium
19.738,2.887,2,5,2,1,0,0,1,97,0,0,0,0,1,0,0,0,0,0,0,0,0,0,0,0,medium
11.584,17.650,1,4,2,0,0,0,1,41,0,0,0,0,0,0,0,0,0,0,0,0,0,0,0,0,medium
9.632,17.486,1,22,2,0,0,0,1,44,0,0,0,0,1,0,0,0,0,0,0,0,0,0,0,0,low
88.715,85.163,7,24,9,1,0,0,0,425,1,1,1,0,0,0,0,0,1,1,0,1,0,1,0,1,medium
77.601,97.205,15,142,2,1,1,0,0,341,1,1,1,0,1,0,0,1,0,1,0,1,1,1,1,1,high
7.768,11.750,4,11,2,1,0,0,1,50,0,0,0,0,1,0,0,0,0,0,0,0,0,0,0,0,low
18.620,10.284,1,12,0,1,0,0,0,77,0,0,0,0,1,0,0,0,0,0,0,0,0,0,0,0,medium
1.503,20.718,5,15,0,0,0,0,1,12,0,0,0,0,1,0,0,0,0,0,0,0,0,0,0,0,medium
9.593,23.754,2,10,2,0,0,0,0,33,0,0,0,0,0,0,0,0,0,0,0,0,0,0,0,0,low
0.039,5.639,5,26,0,0,0,0,1,77,0,0,0,0,0,0,0,0,0,0,0,0,0,0,0,0,medium
82.707,79.457,37,166,5,1,0,0,0,45,1,1,1,0,0,0,0,1,1,1,1,1,1,1,0,1,critical
22.031,11.531,1,22,2,1,0,0,0,99,0,0,0,0,1,0,0,0,0,0,0,0,0,0,0,0,medium
2.351,26.875,4,9,0,0,0,0,0,14,0,0,0,0,0,0,0,0,0,0,0,0,0,0,0,0,medium
19.611,13.155,3,10,1,0,0,0,1,92,0,0,0,0,0,0,0,0,0,0,0,0,0,0,0,0,medium
21.257,6.095,5,15,2,0,0,0,0,100,0,0,0,0,0,0,0,0,0,0,0,0,0,0,0,0,low
1.076,24.251,2,7,1,1,0,0,1,54,0,0,0,0,1,0,0,0,0,0,0,0,0,0,0,0,medium
15.273,28.766,1,10,1,1,0,0,1,54,0,0,0,0,1,0,0,0,0,0,0,0,0,0,0,0,low
74.943,95.714,16,106,5,1,1,1,0,343,1,1,0,1,1,0,0,1,0,1,1,1,1,0,1,1,high
3.698,18.515,3,3,0,0,0,0,0,13,0,0,0,0,0,0,0,0,0,0,0,0,0,0,0,0,medium
67.337,63.725,49,115,8,1,0,1,0,202,1,1,0,0,0,0,0,0,0,1,1,1,0,1,0,1,critical
12.731,12.895,1,2,2,1,0,0,1,63,0,0,0,0,1,0,0,0,0,0,0,0,0,0,0,0,low
18.293,5.538,5,8,2,1,0,0,0,99,0,0,0,0,0,0,0,0,0,0,0,0,0,0,0,0,low
12.736,16.149,3,14,2,1,0,0,1,20,0,0,0,0,0,0,0,0,0,0,0,0,0,0,0,0,medium
18.577,23.948,4,30,0,1,0,0,1,44,0,0,0,0,0,0,0,0,0,0,0,0,0,0,0,0,low
74.567,98.612,39,26,5,1,1,1,0,315,1,1,1,0,1,0,0,1,0,1,0,0,0,1,1,1,medium
0.678,28.775,1,7,1,0,0,0,1,51,0,0,0,0,1,0,0,0,0,0,0,0,0,0,0,0,low
0.021,1.809,5,9,0,1,0,0,0,14,0,0,0,0,1,0,0,0,0,0,0,0,0,0,0,0,medium
6.016,10.404,5,18,2,0,0,0,0,83,0,0,0,0,0,0,0,0,0,0,0,0,0,0,0,0,low
9.576,5.332,3,8,1,0,0,0,1,56,0,0,0,0,1,0,0,0,0,0,0,0,0,0,0,0,low
88.716,95.604,36,55,5,1,0,1,0,236,1,1,1,0,1,1,1,1,1,1,0,0,1,1,1,1,medium
62.365,52.613,33,89,5,1,1,1,0,135,1,1,0,0,0,1,0,1,1,1,1,0,0,0,1,1,high
6.356,16.731,5,15,2,1,0,0,1,42,0,0,0,0,0,0,0,0,0,0,0,0,0,0,0,0,medium
16.381,19.671,5,13,2,1,0,0,1,12,0,0,0,0,0,0,0,0,0,0,0,0,0,0,0,0,medium
7.671,9.418,3,4,1,0,0,0,1,12,0,0,0,0,0,0,0,0,0,0,0,0,0,0,0,0,medium
19.403,6.305,1,28,0,1,0,0,1,36,0,0,0,0,0,0,0,0,0,0,0,0,0,0,0,0,low
70.883,75.871,31,177,2,1,1,0,0,247,1,1,1,1,1,0,1,0,1,1,1,0,0,1,0,1,medium
56.909,70.196,10,19,3,1,0,1,0,390,1,1,0,0,0,1,1,1,0,1,0,1,1,0,0,1,medium
9.423,9.972,1,10,1,0,0,0,1,18,0,0,0,0,0,0,0,0,0,0,0,0,0,0,0,0,low
14.900,8.601,3,12,1,1,0,0,0,46,0,0,0,0,0,0,0,0,0,0,0,0,0,0,0,0,low
2.079,12.006,1,19,2,1,0,0,0,69,0,0,0,0,1,0,0,0,0,0,0,0,0,0,0,0,low
24.022,28.815,5,24,1,0,0,0,1,52,0,0,0,0,0,0,0,0,0,0,0,0,0,0,0,0,medium
16.657,16.555,1,10,0,1,0,0,1,56,0,0,0,0,0,0,0,0,0,0,0,0,0,0,0,0,medium
21.942,24.563,3,29,1,0,0,0,1,8,0,0,0,0,0,0,0,0,0,0,0,0,0,0,0,0,medium
8.235,15.080,3,24,2,1,0,0,1,27,0,0,0,0,1,0,0,0,0,0,0,0,0,0,0,0,low
24.186,4.637,2,2,1,1,0,0,0,29,0,0,0,0,0,0,0,0,0,0,0,0,0,0,0,0,low
25.514,17.373,4,16,0,1,0,0,1,27,0,0,0,0,1,0,0,0,0,0,0,0,0,0,0,0,low
2.852,18.143,3,17,1,0,0,0,1,19,0,0,0,0,1,0,0,0,0,0,0,0,0,0,0,0,medium
28.759,15.056,4,18,1,1,0,0,0,8,0,0,0,0,1,0,0,0,0,0,0,0,0,0,0,0,low
18.378,20.517,4,4,2,1,0,0,1,16,0,0,0,0,0,0,0,0,0,0,0,0,0,0,0,0,low
96.083,93.413,38,42,6,1,0,1,0,467,1,1,0,1,1,0,1,0,1,1,1,1,0,1,1,1,critical
28.104,27.799,2,27,1,0,0,0,0,37,0,0,0,0,1,0,0,0,0,0,0,0,0,0,0,0,medium
13.744,8.322,1,10,0,0,0,0,0,89,0,0,0,0,1,0,0,0,0,0,0,0,0,0,0,0,medium
15.600,4.849,4,23,0,0,0,0,0,16,0,0,0,0,0,0,0,0,0,0,0,0,0,0,0,0,low
27.555,25.638,1,17,2,0,0,0,0,34,0,0,0,0,0,0,0,0,0,0,0,0,0,0,0,0,medium
25.149,8.321,4,13,1,0,0,0,1,50,0,0,0,0,0,0,0,0,0,0,0,0,0,0,0,0,low
63.775,53.280,6,114,8,1,1,1,0,378,1,1,1,0,1,0,0,0,1,1,1,0,1,0,0,1,medium
60.060,55.967,11,57,9,1,0,0,0,86,1,1,0,1,1,0,0,0,0,1,0,0,1,0,1,1,critical
4.196,4.082,3,12,1,0,0,0,1,91,0,0,0,0,0,0,0,0,0,0,0,0,0,0,0,0,low
6.114,3.950,3,23,1,1,0,0,1,55,0,0,0,0,0,0,0,0,0,0,0,0,0,0,0,0,medium
9.093,1.140,5,23,0,1,0,0,1,36,0,0,0,0,0,0,0,0,0,0,0,0,0,0,0,0,low
10.078,1.694,4,16,0,1,0,0,1,31,0,0,0,0,0,0,0,0,0,0,0,0,0,0,0,0,low
16.034,13.235,4,25,0,1,0,0,0,40,0,0,0,0,1,0,0,0,0,0,0,0,0,0,0,0,low
85.806,61.306,27,35,10,1,1,0,0,130,1,1,1,0,1,0,0,0,0,1,0,1,0,0,0,1,critical
15.998,14.592,3,6,0,1,0,0,0,100,0,0,0,0,0,0,0,0,0,0,0,0,0,0,0,0,medium
18.304,0.857,4,3,2,1,0,0,0,82,0,0,0,0,0,0,0,0,0,0,0,0,0,0,0,0,medium
1.538,8.593,4,2,1,0,0,0,1,75,0,0,0,0,1,0,0,0,0,0,0,0,0,0,0,0,medium
29.843,28.240,3,25,2,0,0,0,0,53,0,0,0,0,1,0,0,0,0,0,0,0,0,0,0,0,low
18.737,10.256,3,6,2,1,0,0,1,79,0,0,0,0,0,0,0,0,0,0,0,0,0,0,0,0,low
8.242,11.305,1,16,1,1,0,0,0,27,0,0,0,0,1,0,0,0,0,0,0,0,0,0,0,0,medium
69.014,61.327,23,51,3,1,1,0,0,179,1,1,1,0,0,1,0,1,0,1,1,0,0,0,1,1,critical
22.917,19.061,2,6,2,1,0,0,1,79,0,0,0,0,0,0,0,0,0,0,0,0,0,0,0,0,low
18.214,6.819,4,5,1,1,0,0,1,91,0,0,0,0,1,0,0,0,0,0,0,0,0,0,0,0,medium
20.542,13.001,1,18,0,1,0,0,0,83,0,0,0,0,1,0,0,0,0,0,0,0,0,0,0,0,medium
55.467,82.404,12,113,2,1,1,1,0,284,1,1,1,1,1,0,0,1,0,1,0,0,1,0,1,1,medium
15.801,28.124,1,11,1,0,0,0,1,58,0,0,0,0,0,0,0,0,0,0,0,0,0,0,0,0,medium
91.278,96.535,36,192,4,1,0,0,0,481,1,1,0,1,1,0,0,1,1,1,1,0,1,1,1,1,medium
81.252,75.259,37,194,6,1,0,1,0,84,1,1,1,1,1,1,0,1,1,1,0,1,0,0,1,1,high
11.815,9.894,5,14,0,0,0,0,0,61,0,0,0,0,0,0,0,0,0,0,0,0,0,0,0,0,medium
21.784,9.355,2,16,0,0,0,0,1,57,0,0,0,0,0,0,0,0,0,0,0,0,0,0,0,0,medium
54.973,53.281,16,84,10,1,1,0,0,197,1,1,1,1,0,0,0,1,0,1,1,0,1,1,1,1,medium
82.832,74.176,10,13,6,1,1,1,0,220,1,1,1,1,1,1,0,1,1,1,0,1,1,0,1,1,high
25.187,7.438,1,15,1,0,0,0,0,53,0,0,0,0,1,0,0,0,0,0,0,0,0,0,0,0,medium
4.885,3.488,4,28,2,1,0,0,1,6,0,0,0,0,0,0,0,0,0,0,0,0,0,0,0,0,medium
27.886,18.399,2,0,1,1,0,0,1,95,0,0,0,0,1,0,0,0,0,0,0,0,0,0,0,0,low
25.901,2.583,3,7,2,0,0,0,0,21,0,0,0,0,1,0,0,0,0,0,0,0,0,0,0,0,low
17.701,20.157,4,11,1,0,0,0,0,62,0,0,0,0,1,0,0,0,0,0,0,0,0,0,0,0,medium
85.742,89.109,40,101,3,1,1,1,0,36,1,1,0,0,0,0,0,1,0,1,0,1,0,1,1,1,high
22.448,10.689,4,8,0,0,0,0,1,46,0,0,0,0,1,0,0,0,0,0,0,0,0,0,0,0,medium
13.460,7.577,2,13,2,1,0,0,0,48,0,0,0,0,0,0,0,0,0,0,0,0,0,0,0,0,low
6.438,17.536,4,16,0,0,0,0,1,95,0,0,0,0,0,0,0,0,0,0,0,0,0,0,0,0,low
15.506,5.078,1,17,1,0,0,0,1,32,0,0,0,0,1,0,0,0,0,0,0,0,0,0,0,0,low
74.327,82.470,7,55,5,1,1,0,0,397,1,1,0,1,0,1,0,0,0,1,0,1,1,1,1,1,critical
3.072,5.231,3,16,2,1,0,0,1,20,0,0,0,0,1,0,0,0,0,0,0,0,0,0,0,0,low
70.483,81.951,41,193,10,1,1,0,0,271,1,1,1,1,1,0,0,0,0,1,0,1,1,0,1,1,critical
22.071,29.864,3,14,0,0,0,0,0,27,0,0,0,0,1,0,0,0,0,0,0,0,0,0,0,0,medium
16.076,8.319,2,21,2,1,0,0,0,77,0,0,0,0,1,0,0,0,0,0,0,0,0,0,0,0,low
21.784,22.631,5,19,1,1,0,0,1,68,0,0,0,0,1,0,0,0,0,0,0,0,0,0,0,0,medium
21.825,5.652,3,28,2,1,0,0,0,47,0,0,0,0,1,0,0,0,0,0,0,0,0,0,0,0,medium
14.808,7.122,1,26,1,1,0,0,0,73,0,0,0,0,1,0,0,0,0,0,0,0,0,0,0,0,low
13.887,5.059,4,4,1,0,0,0,0,67,0,0,0,0,1,0,0,0,0,0,0,0,0,0,0,0,low
22.690,8.218,4,9,0,1,0,0,1,76,0,0,0,0,1,0,0,0,0,0,0,0,0,0,0,0,low
80.154,74.913,39,84,8,1,1,1,0,246,1,1,1,0,0,1,0,1,1,1,0,0,0,1,1,1,medium
85.740,76.599,8,166,5,1,1,0,0,403,1,1,0,0,0,0,1,1,0,1,0,1,0,0,0,1,critical
29.320,1.081,1,29,0,1,0,0,0,89,0,0,0,0,1,0,0,0,0,0,0,0,0,0,0,0,medium
66.452,91.864,50,174,6,1,0,1,0,441,1,1,1,0,1,0,0,1,1,1,1,1,0,1,1,1,medium
23.973,4.209,2,14,2,0,0,0,0,40,0,0,0,0,0,0,0,0,0,0,0,0,0,0,0,0,low
10.849,8.168,1,25,0,1,0,0,1,62,0,0,0,0,1,0,0,0,0,0,0,0,0,0,0,0,medium
96.798,51.305,33,166,3,1,0,0,0,262,1,1,0,1,1,0,1,0,0,1,0,1,1,0,0,1,medium
18.908,21.421,3,1,0,1,0,0,0,16,0,0,0,0,0,0,0,0,0,0,0,0,0,0,0,0,low
56.320,97.045,17,74,8,1,0,0,0,407,1,1,1,0,0,0,0,1,0,1,0,1,1,1,0,1,critical
11.136,10.024,5,26,1,1,0,0,1,63,0,0,0,0,1,0,0,0,0,0,0,0,0,0,0,0,medium
24.042,0.716,3,1,0,1,0,0,1,5,0,0,0,0,1,0,0,0,0,0,0,0,0,0,0,0,medium
14.498,21.687,4,21,2,0,0,0,1,68,0,0,0,0,1,0,0,0,0,0,0,0,0,0,0,0,low
22.419,14.937,4,24,2,0,0,0,0,28,0,0,0,0,0,0,0,0,0,0,0,0,0,0,0,0,medium
12.714,11.039,4,23,0,1,0,0,0,41,0,0,0,0,0,0,0,0,0,0,0,0,0,0,0,0,low
94.427,79.347,5,11,8,1,0,0,0,71,1,1,1,1,1,1,1,1,0,1,1,0,0,0,0,1,high
80.759,53.591,47,65,4,1,1,0,0,64,1,1,1,0,1,0,1,0,1,1,0,0,0,1,0,1,medium
17.333,17.270,4,26,0,1,0,0,1,26,0,0,0,0,1,0,0,0,0,0,0,0,0,0,0,0,medium
28.406,14.114,2,6,1,1,0,0,0,42,0,0,0,0,1,0,0,0,0,0,0,0,0,0,0,0,medium
14.518,4.664,1,21,2,1,0,0,1,39,0,0,0,0,1,0,0,0,0,0,0,0,0,0,0,0,medium
19.613,13.950,5,22,0,1,0,0,0,56,0,0,0,0,0,0,0,0,0,0,0,0,0,0,0,0,medium
15.481,28.009,2,23,1,1,0,0,1,33,0,0,0,0,0,0,0,0,0,0,0,0,0,0,0,0,medium
13.193,19.872,1,20,2,1,0,0,0,48,0,0,0,0,0,0,0,0,0,0,0,0,0,0,0,0,low
8.488,18.934,4,9,1,1,0,0,1,36,0,0,0,0,1,0,0,0,0,0,0,0,0,0,0,0,medium
18.534,2.888,2,2,2,0,0,0,0,38,0,0,0,0,1,0,0,0,0,0,0,0,0,0,0,0,medium
24.495,7.242,1,13,2,0,0,0,1,61,0,0,0,0,0,0,0,0,0,0,0,0,0,0,0,0,medium
77.766,98.558,38,58,2,1,1,0,0,122,1,1,0,0,0,1,0,0,0,1,1,1,1,0,0,1,medium
94.738,73.811,19,104,2,1,0,0,0,96,1,1,1,1,1,0,1,1,0,1,1,0,0,0,0,1,high
18.134,18.804,1,27,0,1,0,0,1,64,0,0,0,0,1,0,0,0,0,0,0,0,0,0,0,0,medium
3.762,0.543,4,30,2,0,0,0,1,10,0,0,0,0,1,0,0,0,0,0,0,0,0,0,0,0,low
15.691,21.275,3,29,2,1,0,0,1,88,0,0,0,0,1,0,0,0,0,0,0,0,0,0,0,0,low
71.463,57.550,49,90,3,1,1,1,0,25,1,1,0,1,0,0,1,1,1,1,0,0,1,1,1,1,high
24.502,10.537,4,8,2,0,0,0,0,47,0,0,0,0,1,0,0,0,0,0,0,0,0,0,0,0,medium
29.990,19.393,5,7,1,1,0,0,0,70,0,0,0,0,0,0,0,0,0,0,0,0,0,0,0,0,medium
0.562,6.322,4,20,2,1,0,0,1,51,0,0,0,0,0,0,0,0,0,0,0,0,0,0,0,0,medium
20.106,16.082,1,5,2,0,0,0,1,80,0,0,0,0,0,0,0,0,0,0,0,0,0,0,0,0,low
97.445,86.034,5,27,6,1,0,0,0,256,1,1,0,1,0,0,1,1,0,1,0,1,1,1,0,1,medium
93.482,75.114,26,82,1,1,1,1,0,467,1,1,0,1,0,1,1,1,1,1,0,1,0,0,1,1,high
8.562,6.981,4,28,2,1,0,0,1,26,0,0,0,0,0,0,0,0,0,0,0,0,0,0,0,0,low
3.536,22.484,5,15,1,1,0,0,0,15,0,0,0,0,1,0,0,0,0,0,0,0,0,0,0,0,low
2.591,7.621,4,12,1,0,0,0,1,45,0,0,0,0,1,0,0,0,0,0,0,0,0,0,0,0,medium
93.737,72.134,42,94,10,1,0,0,0,421,1,1,1,0,0,0,1,0,1,1,0,1,0,0,0,1,critical
83.998,66.552,5,19,3,1,0,0,0,249,1,1,0,0,1,0,1,1,0,1,0,0,1,0,1,1,critical
61.924,58.764,46,142,3,1,1,0,0,21,1,1,1,0,1,1,1,1,1,1,0,0,0,1,0,1,critical
22.877,12.082,1,24,2,1,0,0,0,95,0,0,0,0,0,0,0,0,0,0,0,0,0,0,0,0,medium
68.449,86.083,10,65,6,1,1,0,0,349,1,1,0,1,0,0,0,0,1,1,1,1,0,1,0,1,critical
20.751,3.522,3,17,0,0,0,0,1,98,0,0,0,0,0,0,0,0,0,0,0,0,0,0,0,0,low
97.357,62.155,11,115,7,1,0,0,0,210,1,1,0,0,1,1,0,1,1,1,1,0,0,1,1,1,medium
12.756,8.921,5,27,0,0,0,0,0,46,0,0,0,0,1,0,0,0,0,0,0,0,0,0,0,0,low
4.014,10.887,5,8,0,0,0,0,1,90,0,0,0,0,0,0,0,0,0,0,0,0,0,0,0,0,low
20.014,11.672,1,15,0,1,0,0,0,24,0,0,0,0,0,0,0,0,0,0,0,0,0,0,0,0,medium
69.942,85.654,20,118,2,1,1,1,0,122,1,1,1,1,0,0,0,0,0,1,1,0,0,0,0,1,high
3.690,5.296,5,26,1,0,0,0,1,81,0,0,0,0,0,0,0,0,0,0,0,0,0,0,0,0,low
17.504,12.303,5,30,1,0,0,0,0,71,0,0,0,0,0,0,0,0,0,0,0,0,0,0,0,0,medium
25.640,13.308,3,20,2,0,0,0,0,49,0,0,0,0,1,0,0,0,0,0,0,0,0,0,0,0,medium
18.048,8.151,1,28,0,0,0,0,0,43,0,0,0,0,0,0,0,0,0,0,0,0,0,0,0,0,low
50.657,89.072,33,122,6,1,1,0,0,345,1,1,1,0,1,0,1,0,1,1,1,0,1,1,0,1,high
10.729,10.118,1,20,2,1,0,0,1,98,0,0,0,0,1,0,0,0,0,0,0,0,0,0,0,0,medium
8.115,18.130,4,9,0,1,0,0,1,6,0,0,0,0,1,0,0,0,0,0,0,0,0,0,0,0,medium
65.608,79.862,10,12,6,1,1,0,0,431,1,1,0,0,1,0,1,1,1,1,0,1,0,0,1,1,critical
5.784,14.682,5,25,2,1,0,0,0,98,0,0,0,0,1,0,0,0,0,0,0,0,0,0,0,0,low
24.744,10.633,1,3,2,0,0,0,1,72,0,0,0,0,1,0,0,0,0,0,0,0,0,0,0,0,low
10.233,8.803,4,1,0,1,0,0,1,82,0,0,0,0,1,0,0,0,0,0,0,0,0,0,0,0,medium
17.432,24.882,5,13,0,1,0,0,1,77,0,0,0,0,0,0,0,0,0,0,0,0,0,0,0,0,low
19.220,25.961,5,24,2,1,0,0,1,87,0,0,0,0,1,0,0,0,0,0,0,0,0,0,0,0,low
17.303,12.839,5,29,1,1,0,0,0,91,0,0,0,0,1,0,0,0,0,0,0,0,0,0,0,0,low
18.073,19.894,5,27,2,1,0,0,1,47,0,0,0,0,0,0,0,0,0,0,0,0,0,0,0,0,low
26.259,28.985,5,4,2,0,0,0,0,14,0,0,0,0,1,0,0,0,0,0,0,0,0,0,0,0,medium
5.287,18.322,2,24,0,1,0,0,1,24,0,0,0,0,0,0,0,0,0,0,0,0,0,0,0,0,low
13.029,20.532,1,25,0,0,0,0,1,76,0,0,0,0,1,0,0,0,0,0,0,0,0,0,0,0,low
9.239,22.432,2,2,2,1,0,0,0,14,0,0,0,0,1,0,0,0,0,0,0,0,0,0,0,0,medium
19.510,8.492,4,21,0,0,0,0,0,28,0,0,0,0,0,0,0,0,0,0,0,0,0,0,0,0,low
21.631,16.966,3,27,2,1,0,0,0,70,0,0,0,0,0,0,0,0,0,0,0,0,0,0,0,0,medium
11.730,24.800,3,28,0,0,0,0,1,54,0,0,0,0,0,0,0,0,0,0,0,0,0,0,0,0,medium
25.358,16.268,3,22,1,0,0,0,1,27,0,0,0,0,0,0,0,0,0,0,0,0,0,0,0,0,medium
8.200,16.341,1,3,0,0,0,0,1,79,0,0,0,0,0,0,0,0,0,0,0,0,0,0,0,0,low
8.544,12.178,4,11,2,0,0,0,0,76,0,0,0,0,1,0,0,0,0,0,0,0,0,0,0,0,low
17.058,23.981,2,11,0,0,0,0,1,71,0,0,0,0,1,0,0,0,0,0,0,0,0,0,0,0,low
6.999,4.271,3,29,1,1,0,0,1,80,0,0,0,0,0,0,0,0,0,0,0,0,0,0,0,0,low
7.787,4.045,1,21,2,1,0,0,0,71,0,0,0,0,0,0,0,0,0,0,0,0,0,0,0,0,low
8.732,27.159,4,11,2,1,0,0,1,84,0,0,0,0,1,0,0,0,0,0,0,0,0,0,0,0,low
0.179,8.720,2,22,0,1,0,0,1,23,0,0,0,0,1,0,0,0,0,0,0,0,0,0,0,0,low
18.420,7.881,1,10,0,1,0,0,1,35,0,0,0,0,0,0,0,0,0,0,0,0,0,0,0,0,medium
19.468,6.899,4,15,0,1,0,0,1,81,0,0,0,0,0,0,0,0,0,0,0,0,0,0,0,0,low
3.275,25.081,1,18,0,0,0,0,1,93,0,0,0,0,0,0,0,0,0,0,0,0,0,0,0,0,low
2.360,1.679,5,11,1,0,0,0,1,22,0,0,0,0,0,0,0,0,0,0,0,0,0,0,0,0,medium
51.561,72.401,34,200,9,1,1,0,0,280,1,1,1,0,1,1,0,1,0,1,0,0,1,0,0,1,high
65.882,50.584,41,19,9,1,0,0,0,377,1,1,0,0,0,0,0,0,0,1,1,0,0,1,1,1,medium
67.462,86.378,14,116,9,1,0,0,0,375,1,1,0,1,0,1,1,1,0,1,1,0,1,1,1,1,high
91.954,55.305,25,135,7,1,0,1,0,322,1,1,0,1,1,1,1,1,1,1,1,0,0,1,1,1,medium
11.718,25.009,1,11,2,0,0,0,1,56,0,0,0,0,0,0,0,0,0,0,0,0,0,0,0,0,low
21.891,9.525,2,6,2,1,0,0,0,34,0,0,0,0,0,0,0,0,0,0,0,0,0,0,0,0,low
18.688,16.017,5,27,0,1,0,0,1,77,0,0,0,0,0,0,0,0,0,0,0,0,0,0,0,0,low
64.700,66.050,14,117,7,1,0,1,0,61,1,1,1,0,0,0,1,0,1,1,0,0,1,0,1,1,high
51.428,96.629,7,126,3,1,0,1,0,156,1,1,1,0,1,0,0,0,1,1,0,0,1,0,0,1,medium
7.911,19.971,2,7,2,0,0,0,1,82,0,0,0,0,1,0,0,0,0,0,0,0,0,0,0,0,medium
1.435,10.684,4,30,0,0,0,0,1,74,0,0,0,0,1,0,0,0,0,0,0,0,0,0,0,0,low
53.801,92.023,19,110,9,1,0,0,0,34,1,1,1,0,0,1,0,1,1,1,0,1,1,0,0,1,critical
3.475,27.779,4,3,0,0,0,0,1,96,0,0,0,0,1,0,0,0,0,0,0,0,0,0,0,0,medium
21.525,5.850,3,4,2,0,0,0,0,58,0,0,0,0,0,0,0,0,0,0,0,0,0,0,0,0,low
4.002,22.305,2,11,2,1,0,0,0,40,0,0,0,0,0,0,0,0,0,0,0,0,0,0,0,0,medium
67.312,55.388,49,67,8,1,0,0,0,95,1,1,1,0,1,1,0,0,0,1,0,0,1,1,0,1,high
3.170,4.639,1,18,2,1,0,0,1,96,0,0,0,0,1,0,0,0,0,0,0,0,0,0,0,0,medium
20.385,18.788,3,30,0,0,0,0,1,25,0,0,0,0,1,0,0,0,0,0,0,0,0,0,0,0,low
4.183,1.796,2,1,0,1,0,0,0,75,0,0,0,0,1,0,0,0,0,0,0,0,0,0,0,0,medium
81.535,82.699,22,76,4,1,0,1,0,77,1,1,0,1,0,0,1,0,0,1,0,0,0,1,1,1,high
55.084,81.896,6,150,2,1,0,0,0,289,1,1,1,1,0,0,1,1,0,1,0,0,0,1,1,1,high
67.929,50.739,11,65,3,1,1,1,0,30,1,1,1,0,1,0,0,1,1,1,0,1,1,0,1,1,high
1.510,0.858,5,16,1,0,0,0,1,62,0,0,0,0,0,0,0,0,0,0,0,0,0,0,0,0,low
0.289,7.511,1,8,2,1,0,0,0,47,0,0,0,0,0,0,0,0,0,0,0,0,0,0,0,0,low
18.555,1.172,5,20,0,1,0,0,1,36,0,0,0,0,0,0,0,0,0,0,0,0,0,0,0,0,low
16.322,25.686,3,2,1,0,0,0,1,86,0,0,0,0,1,0,0,0,0,0,0,0,0,0,0,0,low
21.906,7.054,2,20,0,0,0,0,1,26,0,0,0,0,1,0,0,0,0,0,0,0,0,0,0,0,medium
25.869,29.226,5,27,1,0,0,0,1,30,0,0,0,0,1,0,0,0,0,0,0,0,0,0,0,0,low
15.125,11.598,1,26,0,0,0,0,1,25,0,0,0,0,0,0,0,0,0,0,0,0,0,0,0,0,low
9.147,10.535,2,24,2,0,0,0,0,55,0,0,0,0,0,0,0,0,0,0,0,0,0,0,0,0,medium
7.191,21.917,4,6,0,1,0,0,0,25,0,0,0,0,0,0,0,0,0,0,0,0,0,0,0,0,medium
53.211,54.369,42,68,4,1,0,0,0,424,1,1,0,1,1,1,1,0,1,1,1,1,1,0,1,1,high
11.709,24.713,2,19,2,0,0,0,1,74,0,0,0,0,1,0,0,0,0,0,0,0,0,0,0,0,low
11.288,3.822,1,11,2,1,0,0,1,96,0,0,0,0,0,0,0,0,0,0,0,0,0,0,0,0,low
93.147,85.137,41,40,7,1,1,1,0,481,1,1,1,1,1,0,1,1,0,1,1,1,1,0,1,1,critical
23.420,26.447,2,6,2,1,0,0,0,13,0,0,0,0,1,0,0,0,0,0,0,0,0,0,0,0,low
14.391,2.435,2,17,1,1,0,0,0,31,0,0,0,0,0,0,0,0,0,0,0,0,0,0,0,0,medium
2.117,12.396,2,2,2,0,0,0,0,50,0,0,0,0,0,0,0,0,0,0,0,0,0,0,0,0,medium
15.915,21.073,4,25,1,1,0,0,1,21,0,0,0,0,1,0,0,0,0,0,0,0,0,0,0,0,low
24.121,24.319,2,2,0,0,0,0,0,64,0,0,0,0,0,0,0,0,0,0,0,0,0,0,0,0,medium
87.622,63.272,38,175,8,1,1,0,0,243,1,1,1,1,0,0,0,1,1,1,0,1,0,0,0,1,medium
10.260,3.758,5,8,2,0,0,0,0,81,0,0,0,0,0,0,0,0,0,0,0,0,0,0,0,0,low
2.362,3.631,3,16,2,0,0,0,1,37,0,0,0,0,1,0,0,0,0,0,0,0,0,0,0,0,low
55.875,65.064,28,140,2,1,1,1,0,463,1,1,1,0,0,1,0,1,1,1,0,0,1,0,0,1,medium
54.314,95.667,12,49,2,1,0,1,0,89,1,1,0,0,0,1,0,1,0,1,0,1,0,0,0,1,high
17.298,17.600,1,25,1,1,0,0,0,78,0,0,0,0,1,0,0,0,0,0,0,0,0,0,0,0,medium
12.414,21.684,2,12,0,1,0,0,0,18,0,0,0,0,1,0,0,0,0,0,0,0,0,0,0,0,medium
18.474,2.309,1,10,1,1,0,0,0,64,0,0,0,0,1,0,0,0,0,0,0,0,0,0,0,0,low
7.371,18.492,5,1,1,0,0,0,1,65,0,0,0,0,0,0,0,0,0,0,0,0,0,0,0,0,low
7.163,4.032,4,1,0,0,0,0,0,42,0,0,0,0,0,0,0,0,0,0,0,0,0,0,0,0,low
10.104,21.604,2,10,1,1,0,0,1,36,0,0,0,0,1,0,0,0,0,0,0,0,0,0,0,0,low
21.108,27.317,2,30,1,0,0,0,0,94,0,0,0,0,0,0,0,0,0,0,0,0,0,0,0,0,medium
23.951,4.239,1,27,0,1,0,0,1,16,0,0,0,0,1,0,0,0,0,0,0,0,0,0,0,0,low
26.159,8.505,1,26,0,1,0,0,0,20,0,0,0,0,0,0,0,0,0,0,0,0,0,0,0,0,low
59.571,84.547,20,67,6,1,1,0,0,306,1,1,0,1,1,0,1,0,1,1,0,0,0,0,0,1,critical
1.313,27.371,3,19,2,1,0,0,1,46,0,0,0,0,1,0,0,0,0,0,0,0,0,0,0,0,low
66.896,70.667,36,89,9,1,0,0,0,27,1,1,0,0,0,1,1,1,0,1,0,0,1,0,1,1,critical
27.630,18.656,4,3,2,0,0,0,0,72,0,0,0,0,1,0,0,0,0,0,0,0,0,0,0,0,medium
15.084,16.022,1,22,1,0,0,0,0,33,0,0,0,0,1,0,0,0,0,0,0,0,0,0,0,0,low
94.593,71.499,26,156,5,1,1,0,0,265,1,1,0,1,1,0,0,0,1,1,1,0,0,1,0,1,medium
74.993,81.743,31,87,3,1,1,1,0,386,1,1,1,0,0,1,0,1,1,1,1,0,0,0,1,1,medium
7.441,6.650,5,17,0,0,0,0,1,60,0,0,0,0,1,0,0,0,0,0,0,0,0,0,0,0,medium
9.751,22.724,5,13,2,1,0,0,0,87,0,0,0,0,0,0,0,0,0,0,0,0,0,0,0,0,medium
17.065,15.215,2,23,0,0,0,0,1,80,0,0,0,0,1,0,0,0,0,0,0,0,0,0,0,0,medium
17.464,3.269,3,20,1,0,0,0,1,76,0,0,0,0,1,0,0,0,0,0,0,0,0,0,0,0,low
1.336,1.523,5,29,2,1,0,0,0,75,0,0,0,0,1,0,0,0,0,0,0,0,0,0,0,0,low
53.664,73.985,22,167,5,1,1,1,0,484,1,1,0,0,0,1,1,0,1,1,0,1,0,1,0,1,medium
14.850,8.026,5,7,1,0,0,0,0,83,0,0,0,0,1,0,0,0,0,0,0,0,0,0,0,0,low
12.707,28.372,5,1,2,1,0,0,0,42,0,0,0,0,0,0,0,0,0,0,0,0,0,0,0,0,low
29.052,9.271,2,18,0,0,0,0,1,39,0,0,0,0,1,0,0,0,0,0,0,0,0,0,0,0,medium
17.948,13.098,5,15,0,0,0,0,0,83,0,0,0,0,0,0,0,0,0,0,0,0,0,0,0,0,medium
13.145,3.158,2,23,2,1,0,0,1,100,0,0,0,0,0,0,0,0,0,0,0,0,0,0,0,0,low
54.198,65.465,11,91,1,1,0,0,0,185,1,1,0,1,0,0,0,0,0,1,1,0,0,0,0,1,medium
83.911,59.440,15,65,2,1,1,1,0,75,1,1,0,1,1,1,0,1,0,1,1,1,1,0,0,1,critical
76.011,52.934,37,24,3,1,0,1,0,20,1,1,0,1,1,0,1,0,0,1,0,1,1,1,0,1,critical
97.157,85.711,20,147,1,1,1,1,0,456,1,1,1,1,0,1,0,0,1,1,1,0,1,0,0,1,high
21.268,18.966,1,12,2,0,0,0,1,7,0,0,0,0,1,0,0,0,0,0,0,0,0,0,0,0,medium
26.674,5.416,1,5,0,0,0,0,1,37,0,0,0,0,0,0,0,0,0,0,0,0,0,0,0,0,medium
88.551,95.126,48,185,2,1,0,1,0,273,1,1,0,1,0,1,1,0,1,1,1,1,1,0,0,1,medium
80.602,91.815,45,98,1,1,1,1,0,201,1,1,1,1,0,1,1,1,0,1,0,1,1,1,0,1,critical
91.008,98.141,25,98,10,1,0,1,0,495,1,1,0,0,1,0,0,1,0,1,0,0,1,0,1,1,high
15.675,17.450,5,30,1,1,0,0,0,87,0,0,0,0,0,0,0,0,0,0,0,0,0,0,0,0,low
21.138,21.324,4,2,2,1,0,0,0,92,0,0,0,0,1,0,0,0,0,0,0,0,0,0,0,0,medium
10.192,21.000,4,25,2,0,0,0,0,21,0,0,0,0,1,0,0,0,0,0,0,0,0,0,0,0,medium
86.046,96.057,14,121,1,1,0,0,0,239,1,1,1,1,1,0,0,0,1,1,0,1,0,1,1,1,medium
0.053,7.325,3,1,1,0,0,0,0,64,0,0,0,0,0,0,0,0,0,0,0,0,0,0,0,0,low
24.537,8.363,1,12,1,1,0,0,1,75,0,0,0,0,1,0,0,0,0,0,0,0,0,0,0,0,low
10.680,10.919,2,0,2,0,0,0,0,37,0,0,0,0,0,0,0,0,0,0,0,0,0,0,0,0,medium
73.296,82.326,43,132,5,1,1,1,0,111,1,1,1,0,1,1,0,1,1,1,0,1,1,1,0,1,medium
11.787,19.143,1,4,0,1,0,0,0,82,0,0,0,0,1,0,0,0,0,0,0,0,0,0,0,0,low
67.538,73.584,18,118,8,1,0,1,0,128,1,1,0,0,0,0,1,1,0,1,1,1,0,0,0,1,high
73.001,58.709,41,20,1,1,1,1,0,219,1,1,0,1,0,0,1,1,0,1,1,0,1,0,0,1,high
9.823,14.011,5,23,0,0,0,0,0,10,0,0,0,0,0,0,0,0,0,0,0,0,0,0,0,0,medium
9.857,9.006,4,2,0,0,0,0,1,67,0,0,0,0,0,0,0,0,0,0,0,0,0,0,0,0,medium
0.273,25.986,4,4,2,1,0,0,1,42,0,0,0,0,1,0,0,0,0,0,0,0,0,0,0,0,medium
80.122,99.689,7,95,9,1,1,1,0,132,1,1,1,1,0,0,1,1,1,1,1,0,1,0,1,1,high
69.844,68.171,23,66,4,1,1,0,0,30,1,1,1,0,0,0,0,1,1,1,1,0,1,1,1,1,high
20.153,16.560,2,25,2,0,0,0,0,96,0,0,0,0,0,0,0,0,0,0,0,0,0,0,0,0,medium
5.180,1.971,4,19,0,1,0,0,1,88,0,0,0,0,1,0,0,0,0,0,0,0,0,0,0,0,medium
5.494,18.067,3,1,1,1,0,0,1,95,0,0,0,0,0,0,0,0,0,0,0,0,0,0,0,0,low
17.704,13.280,5,9,0,1,0,0,0,92,0,0,0,0,1,0,0,0,0,0,0,0,0,0,0,0,medium
17.211,23.941,5,20,0,0,0,0,0,41,0,0,0,0,0,0,0,0,0,0,0,0,0,0,0,0,medium
26.875,1.586,3,1,2,0,0,0,1,27,0,0,0,0,1,0,0,0,0,0,0,0,0,0,0,0,low
6.687,8.066,2,19,1,1,0,0,1,19,0,0,0,0,1,0,0,0,0,0,0,0,0,0,0,0,medium
20.715,15.570,4,11,2,0,0,0,1,89,0,0,0,0,1,0,0,0,0,0,0,0,0,0,0,0,low
15.425,18.015,4,7,2,1,0,0,1,15,0,0,0,0,0,0,0,0,0,0,0,0,0,0,0,0,low
26.655,1.817,1,12,1,0,0,0,1,85,0,0,0,0,1,0,0,0,0,0,0,0,0,0,0,0,medium
19.752,12.027,4,30,0,1,0,0,1,15,0,0,0,0,0,0,0,0,0,0,0,0,0,0,0,0,medium
0.234,24.418,4,27,0,0,0,0,1,83,0,0,0,0,0,0,0,0,0,0,0,0,0,0,0,0,low
8.088,26.009,5,10,2,1,0,0,1,84,0,0,0,0,0,0,0,0,0,0,0,0,0,0,0,0,low
18.321,0.485,2,4,0,1,0,0,0,49,0,0,0,0,0,0,0,0,0,0,0,0,0,0,0,0,low
17.125,14.180,5,13,1,0,0,0,0,77,0,0,0,0,1,0,0,0,0,0,0,0,0,0,0,0,low
13.264,26.754,2,26,1,1,0,0,0,10,0,0,0,0,1,0,0,0,0,0,0,0,0,0,0,0,low
29.664,13.591,1,4,1,0,0,0,0,40,0,0,0,0,0,0,0,0,0,0,0,0,0,0,0,0,low
9.990,24.384,1,23,2,0,0,0,1,92,0,0,0,0,1,0,0,0,0,0,0,0,0,0,0,0,medium
82.858,77.390,21,143,7,1,1,1,0,336,1,1,0,0,1,1,1,0,0,1,1,0,0,1,1,1,high
27.740,1.835,1,5,0,0,0,0,0,39,0,0,0,0,0,0,0,0,0,0,0,0,0,0,0,0,low
9.419,1.683,1,15,2,0,0,0,1,55,0,0,0,0,1,0,0,0,0,0,0,0,0,0,0,0,low
2.812,13.965,4,22,2,0,0,0,1,68,0,0,0,0,0,0,0,0,0,0,0,0,0,0,0,0,low
93.686,56.675,41,104,4,1,0,1,0,485,1,1,0,1,1,1,0,1,0,1,0,1,0,1,0,1,critical
16.993,1.389,4,13,0,0,0,0,0,71,0,0,0,0,1,0,0,0,0,0,0,0,0,0,0,0,low
87.872,55.385,36,193,6,1,1,1,0,396,1,1,1,0,0,1,0,0,0,1,0,1,0,1,0,1,high
66.926,86.339,10,189,4,1,1,1,0,448,1,1,1,1,0,1,1,0,0,1,0,1,1,1,1,1,medium
9.398,16.389,5,12,0,0,0,0,1,96,0,0,0,0,1,0,0,0,0,0,0,0,0,0,0,0,medium
64.538,91.017,35,164,3,1,1,1,0,324,1,1,0,1,1,1,0,0,1,1,1,0,1,1,0,1,high
10.980,15.674,1,4,1,1,0,0,0,18,0,0,0,0,0,0,0,0,0,0,0,0,0,0,0,0,medium
99.512,86.455,5,197,7,1,0,0,0,250,1,1,0,1,1,0,1,0,1,1,0,1,1,0,0,1,high
5.998,5.460,3,18,1,0,0,0,0,13,0,0,0,0,0,0,0,0,0,0,0,0,0,0,0,0,low
9.706,11.453,4,5,1,0,0,0,1,26,0,0,0,0,0,0,0,0,0,0,0,0,0,0,0,0,low
22.806,28.629,2,17,2,0,0,0,1,37,0,0,0,0,1,0,0,0,0,0,0,0,0,0,0,0,low
29.829,3.045,2,25,2,0,0,0,0,55,0,0,0,0,1,0,0,0,0,0,0,0,0,0,0,0,low
24.579,1.224,2,1,2,1,0,0,1,20,0,0,0,0,1,0,0,0,0,0,0,0,0,0,0,0,medium
20.888,10.433,5,23,2,1,0,0,0,92,0,0,0,0,0,0,0,0,0,0,0,0,0,0,0,0,medium
21.570,24.854,5,22,0,0,0,0,0,24,0,0,0,0,0,0,0,0,0,0,0,0,0,0,0,0,low
95.418,95.115,14,130,9,1,1,0,0,83,1,1,1,0,0,0,1,0,1,1,0,0,0,0,0,1,high
50.351,62.950,26,88,5,1,0,1,0,285,1,1,0,1,0,1,1,1,1,1,0,0,0,0,0,1,critical
5.370,6.681,2,15,1,1,0,0,0,90,0,0,0,0,0,0,0,0,0,0,0,0,0,0,0,0,medium
29.992,26.483,2,7,1,1,0,0,0,77,0,0,0,0,0,0,0,0,0,0,0,0,0,0,0,0,medium
79.723,58.492,37,45,9,1,1,0,0,36,1,1,0,0,0,1,0,1,1,1,0,1,0,1,0,1,medium
29.400,11.443,4,5,2,0,0,0,1,16,0,0,0,0,1,0,0,0,0,0,0,0,0,0,0,0,medium
84.891,74.480,17,167,1,1,0,1,0,152,1,1,0,0,0,0,0,0,1,1,1,1,1,1,0,1,high
1.803,11.200,4,29,1,0,0,0,1,69,0,0,0,0,0,0,0,0,0,0,0,0,0,0,0,0,medium
2.444,18.738,1,17,0,0,0,0,1,42,0,0,0,0,0,0,0,0,0,0,0,0,0,0,0,0,low
13.935,16.250,3,22,1,0,0,0,1,27,0,0,0,0,0,0,0,0,0,0,0,0,0,0,0,0,low
59.300,56.967,14,15,8,1,1,1,0,291,1,1,0,0,0,0,1,1,0,1,0,1,1,0,0,1,medium
19.140,1.812,1,23,2,1,0,0,1,98,0,0,0,0,0,0,0,0,0,0,0,0,0,0,0,0,low
4.859,3.001,4,28,0,1,0,0,0,5,0,0,0,0,0,0,0,0,0,0,0,0,0,0,0,0,low
4.395,21.184,4,19,1,0,0,0,0,68,0,0,0,0,0,0,0,0,0,0,0,0,0,0,0,0,low
79.607,90.791,39,122,2,1,0,0,0,317,1,1,1,1,0,1,1,0,0,1,0,0,1,0,1,1,critical
98.134,88.601,24,41,9,1,0,0,0,220,1,1,1,1,0,1,1,0,0,1,1,1,1,1,0,1,critical
28.699,20.344,3,30,1,0,0,0,0,32,0,0,0,0,1,0,0,0,0,0,0,0,0,0,0,0,medium
7.648,6.792,3,9,1,0,0,0,0,54,0,0,0,0,0,0,0,0,0,0,0,0,0,0,0,0,low
5.557,20.552,2,29,2,1,0,0,1,78,0,0,0,0,1,0,0,0,0,0,0,0,0,0,0,0,medium
55.320,75.011,38,193,3,1,0,1,0,270,1,1,1,0,1,1,0,1,0,1,0,0,1,1,1,1,critical
15.225,10.143,5,12,1,1,0,0,0,31,0,0,0,0,0,0,0,0,0,0,0,0,0,0,0,0,medium
16.970,0.190,3,17,0,0,0,0,1,29,0,0,0,0,0,0,0,0,0,0,0,0,0,0,0,0,low
20.902,4.712,5,3,1,1,0,0,1,99,0,0,0,0,1,0,0,0,0,0,0,0,0,0,0,0,medium
28.128,23.882,4,25,2,1,0,0,1,29,0,0,0,0,0,0,0,0,0,0,0,0,0,0,0,0,medium
22.569,17.333,4,10,0,1,0,0,0,6,0,0,0,0,0,0,0,0,0,0,0,0,0,0,0,0,medium
20.258,14.803,5,19,0,1,0,0,0,53,0,0,0,0,0,0,0,0,0,0,0,0,0,0,0,0,low
53.909,72.594,25,153,5,1,1,0,0,148,1,1,0,0,1,0,0,0,1,1,0,0,0,0,0,1,medium
19.083,3.965,4,30,1,1,0,0,1,60,0,0,0,0,0,0,0,0,0,0,0,0,0,0,0,0,low
16.625,29.910,1,21,1,0,0,0,1,94,0,0,0,0,1,0,0,0,0,0,0,0,0,0,0,0,low
29.851,20.317,5,13,0,0,0,0,0,81,0,0,0,0,0,0,0,0,0,0,0,0,0,0,0,0,medium
25.784,22.421,5,4,1,0,0,0,1,74,0,0,0,0,0,0,0,0,0,0,0,0,0,0,0,0,medium
21.043,11.823,5,8,1,0,0,0,1,83,0,0,0,0,1,0,0,0,0,0,0,0,0,0,0,0,low
28.490,27.234,3,24,2,0,0,0,1,52,0,0,0,0,0,0,0,0,0,0,0,0,0,0,0,0,medium
74.441,82.316,16,29,4,1,0,0,0,420,1,1,1,0,1,1,1,0,1,1,0,0,1,0,0,1,medium
17.076,16.593,1,6,1,1,0,0,0,92,0,0,0,0,0,0,0,0,0,0,0,0,0,0,0,0,medium
0.314,2.660,3,3,1,1,0,0,0,13,0,0,0,0,1,0,0,0,0,0,0,0,0,0,0,0,medium
85.997,80.986,11,149,8,1,1,1,0,38,1,1,0,1,0,0,0,1,1,1,1,1,0,0,1,1,critical
28.332,0.312,1,8,2,0,0,0,0,74,0,0,0,0,1,0,0,0,0,0,0,0,0,0,0,0,medium
26.761,5.403,3,2,2,1,0,0,0,75,0,0,0,0,1,0,0,0,0,0,0,0,0,0,0,0,low
72.566,69.150,26,31,8,1,0,0,0,289,1,1,1,0,0,1,1,0,0,1,1,1,1,1,0,1,high
93.559,76.251,41,189,9,1,1,0,0,56,1,1,1,1,1,1,1,0,0,1,1,1,0,0,0,1,high
13.763,15.451,3,2,1,0,0,0,1,85,0,0,0,0,1,0,0,0,0,0,0,0,0,0,0,0,medium
24.477,21.601,3,12,0,0,0,0,1,58,0,0,0,0,1,0,0,0,0,0,0,0,0,0,0,0,medium
20.007,6.122,5,29,2,1,0,0,1,87,0,0,0,0,1,0,0,0,0,0,0,0,0,0,0,0,low
10.427,3.582,5,20,0,1,0,0,0,66,0,0,0,0,0,0,0,0,0,0,0,0,0,0,0,0,low
5.172,9.484,2,19,2,1,0,0,1,49,0,0,0,0,1,0,0,0,0,0,0,0,0,0,0,0,medium
28.588,9.747,4,10,0,1,0,0,1,74,0,0,0,0,0,0,0,0,0,0,0,0,0,0,0,0,low
13.709,15.256,5,1,0,1,0,0,0,81,0,0,0,0,0,0,0,0,0,0,0,0,0,0,0,0,medium
18.815,27.091,3,1,1,0,0,0,0,46,0,0,0,0,1,0,0,0,0,0,0,0,0,0,0,0,low
13.715,8.517,2,5,1,1,0,0,0,63,0,0,0,0,1,0,0,0,0,0,0,0,0,0,0,0,medium
28.070,8.172,2,10,1,0,0,0,0,90,0,0,0,0,1,0,0,0,0,0,0,0,0,0,0,0,medium
15.046,16.784,1,2,2,0,0,0,1,77,0,0,0,0,1,0,0,0,0,0,0,0,0,0,0,0,medium
20.998,28.757,1,22,1,1,0,0,0,51,0,0,0,0,0,0,0,0,0,0,0,0,0,0,0,0,low
1.098,4.859,4,30,0,0,0,0,1,75,0,0,0,0,1,0,0,0,0,0,0,0,0,0,0,0,medium
3.962,8.256,3,3,1,0,0,0,1,55,0,0,0,0,0,0,0,0,0,0,0,0,0,0,0,0,low
2.599,0.647,3,21,1,0,0,0,1,75,0,0,0,0,1,0,0,0,0,0,0,0,0,0,0,0,medium
6.881,2.395,1,9,0,0,0,0,0,39,0,0,0,0,1,0,0,0,0,0,0,0,0,0,0,0,medium
63.417,83.822,17,166,4,1,1,0,0,449,1,1,0,1,0,1,0,1,0,1,0,1,0,1,0,1,critical
13.568,26.859,1,27,2,0,0,0,1,9,0,0,0,0,0,0,0,0,0,0,0,0,0,0,0,0,medium
10.918,20.560,4,12,0,0,0,0,0,22,0,0,0,0,1,0,0,0,0,0,0,0,0,0,0,0,low
2.597,22.591,4,22,2,0,0,0,1,92,0,0,0,0,0,0,0,0,0,0,0,0,0,0,0,0,low
12.412,7.365,4,18,2,0,0,0,0,58,0,0,0,0,0,0,0,0,0,0,0,0,0,0,0,0,medium
66.919,93.790,20,195,1,1,0,1,0,78,1,1,0,1,1,1,1,0,0,1,1,0,1,0,0,1,critical
24.395,16.178,2,3,2,1,0,0,1,17,0,0,0,0,1,0,0,0,0,0,0,0,0,0,0,0,medium
21.797,15.776,5,1,1,1,0,0,1,73,0,0,0,0,1,0,0,0,0,0,0,0,0,0,0,0,medium
16.281,2.362,4,0,2,1,0,0,1,12,0,0,0,0,0,0,0,0,0,0,0,0,0,0,0,0,medium
11.084,0.403,2,5,2,1,0,0,0,59,0,0,0,0,1,0,0,0,0,0,0,0,0,0,0,0,low
5.161,18.968,2,26,2,1,0,0,1,52,0,0,0,0,1,0,0,0,0,0,0,0,0,0,0,0,low
84.012,96.522,22,116,5,1,0,0,0,131,1,1,0,0,0,1,1,1,1,1,1,1,0,0,0,1,critical
12.256,20.878,1,14,1,1,0,0,1,29,0,0,0,0,0,0,0,0,0,0,0,0,0,0,0,0,low
0.848,18.294,1,10,1,0,0,0,0,20,0,0,0,0,1,0,0,0,0,0,0,0,0,0,0,0,medium
9.250,8.002,4,30,0,0,0,0,0,68,0,0,0,0,1,0,0,0,0,0,0,0,0,0,0,0,low
85.509,65.483,6,157,9,1,0,1,0,96,1,1,0,1,1,0,1,0,0,1,1,0,0,1,1,1,medium
6.602,13.820,4,20,0,1,0,0,1,89,0,0,0,0,0,0,0,0,0,0,0,0,0,0,0,0,medium
5.896,27.403,4,17,0,1,0,0,1,29,0,0,0,0,0,0,0,0,0,0,0,0,0,0,0,0,low
28.369,13.397,3,13,2,1,0,0,0,85,0,0,0,0,0,0,0,0,0,0,0,0,0,0,0,0,low
19.210,1.774,4,22,2,0,0,0,1,7,0,0,0,0,1,0,0,0,0,0,0,0,0,0,0,0,medium
50.005,76.160,24,70,2,1,0,1,0,485,1,1,1,0,1,1,0,0,1,1,1,1,0,1,0,1,high
84.073,67.946,14,85,3,1,0,0,0,88,1,1,1,1,1,1,1,1,0,1,1,0,1,1,0,1,critical
11.081,24.846,4,1,2,1,0,0,1,21,0,0,0,0,0,0,0,0,0,0,0,0,0,0,0,0,low
28.416,5.847,2,14,0,1,0,0,0,17,0,0,0,0,1,0,0,0,0,0,0,0,0,0,0,0,medium
6.297,14.594,5,29,0,0,0,0,1,66,0,0,0,0,0,0,0,0,0,0,0,0,0,0,0,0,medium
12.799,12.137,4,26,1,1,0,0,0,13,0,0,0,0,0,0,0,0,0,0,0,0,0,0,0,0,low
5.219,7.219,1,22,2,1,0,0,1,65,0,0,0,0,1,0,0,0,0,0,0,0,0,0,0,0,medium
18.338,28.855,1,28,0,0,0,0,1,28,0,0,0,0,0,0,0,0,0,0,0,0,0,0,0,0,medium
60.009,58.526,24,59,5,1,1,1,0,417,1,1,0,0,1,0,0,1,0,1,1,1,0,1,1,1,critical
94.452,98.095,42,20,3,1,1,0,0,417,1,1,1,1,0,1,1,1,0,1,0,0,0,0,1,1,medium
13.470,19.471,4,12,0,1,0,0,1,78,0,0,0,0,0,0,0,0,0,0,0,0,0,0,0,0,low
26.467,29.632,2,22,1,1,0,0,0,93,0,0,0,0,0,0,0,0,0,0,0,0,0,0,0,0,low
4.740,17.284,2,20,0,0,0,0,0,80,0,0,0,0,1,0,0,0,0,0,0,0,0,0,0,0,medium
51.940,55.885,13,184,9,1,1,1,0,398,1,1,1,0,0,1,1,1,0,1,0,1,0,0,1,1,medium
88.274,67.608,46,152,6,1,0,0,0,131,1,1,1,0,0,0,1,0,0,1,1,0,1,0,1,1,medium
21.708,3.823,2,26,0,0,0,0,1,80,0,0,0,0,0,0,0,0,0,0,0,0,0,0,0,0,medium
86.044,87.220,23,118,1,1,1,0,0,172,1,1,1,1,0,0,0,0,0,1,1,1,0,0,1,1,high
7.928,14.552,2,0,1,0,0,0,0,87,0,0,0,0,0,0,0,0,0,0,0,0,0,0,0,0,low
16.039,21.686,4,10,2,1,0,0,1,36,0,0,0,0,1,0,0,0,0,0,0,0,0,0,0,0,medium
1.912,22.723,3,19,2,1,0,0,1,24,0,0,0,0,0,0,0,0,0,0,0,0,0,0,0,0,medium
17.914,0.917,3,2,1,1,0,0,0,97,0,0,0,0,0,0,0,0,0,0,0,0,0,0,0,0,medium
19.331,22.543,3,17,2,1,0,0,1,45,0,0,0,0,1,0,0,0,0,0,0,0,0,0,0,0,medium
87.782,94.768,16,41,2,1,1,0,0,212,1,1,0,1,0,1,0,1,1,1,0,0,0,1,1,1,high
24.187,2.668,2,27,1,1,0,0,1,28,0,0,0,0,1,0,0,0,0,0,0,0,0,0,0,0,medium
70.507,71.899,31,113,6,1,0,1,0,94,1,1,1,0,0,0,0,1,0,1,0,1,0,0,0,1,high
28.514,23.740,3,25,2,1,0,0,0,14,0,0,0,0,0,0,0,0,0,0,0,0,0,0,0,0,medium
19.477,10.399,1,18,0,0,0,0,0,29,0,0,0,0,0,0,0,0,0,0,0,0,0,0,0,0,medium
12.661,19.025,5,17,2,0,0,0,0,18,0,0,0,0,1,0,0,0,0,0,0,0,0,0,0,0,low
13.918,22.533,4,23,1,0,0,0,1,54,0,0,0,0,0,0,0,0,0,0,0,0,0,0,0,0,low
66.065,57.385,37,26,3,1,1,0,0,347,1,1,0,1,1,0,1,1,0,1,1,0,1,0,1,1,high
22.248,3.130,5,12,1,0,0,0,0,77,0,0,0,0,0,0,0,0,0,0,0,0,0,0,0,0,medium
51.710,52.245,9,48,5,1,1,0,0,238,1,1,1,0,0,1,0,0,0,1,1,1,1,0,1,1,medium
71.619,98.699,32,90,4,1,1,1,0,149,1,1,1,0,1,1,1,0,0,1,0,0,0,0,1,1,high
27.756,19.088,1,26,1,1,0,0,1,61,0,0,0,0,1,0,0,0,0,0,0,0,0,0,0,0,medium
60.731,93.127,49,149,9,1,1,0,0,75,1,1,1,0,0,0,0,0,0,1,1,0,0,1,0,1,high
3.262,29.070,5,18,2,0,0,0,0,66,0,0,0,0,1,0,0,0,0,0,0,0,0,0,0,0,medium
26.255,13.462,2,7,0,0,0,0,1,82,0,0,0,0,1,0,0,0,0,0,0,0,0,0,0,0,medium
58.563,79.552,14,180,1,1,0,0,0,433,1,1,0,0,1,1,1,1,0,1,0,1,0,0,1,1,high
7.206,20.102,1,14,0,0,0,0,0,24,0,0,0,0,0,0,0,0,0,0,0,0,0,0,0,0,low
5.736,21.728,3,25,2,1,0,0,1,53,0,0,0,0,1,0,0,0,0,0,0,0,0,0,0,0,medium
8.632,1.931,4,11,0,0,0,0,1,91,0,0,0,0,1,0,0,0,0,0,0,0,0,0,0,0,medium
9.134,12.341,5,30,0,0,0,0,0,9,0,0,0,0,1,0,0,0,0,0,0,0,0,0,0,0,medium
20.208,15.179,3,4,0,0,0,0,1,56,0,0,0,0,0,0,0,0,0,0,0,0,0,0,0,0,low
87.945,81.857,14,109,3,1,1,0,0,442,1,1,0,0,1,0,0,0,1,1,0,1,1,0,0,1,critical
7.216,20.388,2,30,1,0,0,0,1,32,0,0,0,0,0,0,0,0,0,0,0,0,0,0,0,0,low
20.342,2.454,4,2,1,1,0,0,1,16,0,0,0,0,1,0,0,0,0,0,0,0,0,0,0,0,low
23.310,10.236,4,28,1,0,0,0,0,39,0,0,0,0,0,0,0,0,0,0,0,0,0,0,0,0,low
80.337,74.293,44,162,6,1,1,1,0,360,1,1,1,1,1,0,0,0,0,1,0,0,1,0,0,1,critical
16.796,24.417,1,26,2,0,0,0,1,58,0,0,0,0,0,0,0,0,0,0,0,0,0,0,0,0,low
7.861,12.410,5,14,2,1,0,0,0,20,0,0,0,0,1,0,0,0,0,0,0,0,0,0,0,0,medium
26.107,3.094,3,12,2,1,0,0,1,68,0,0,0,0,0,0,0,0,0,0,0,0,0,0,0,0,medium
16.488,7.475,4,1,1,0,0,0,1,50,0,0,0,0,0,0,0,0,0,0,0,0,0,0,0,0,medium
63.336,56.166,27,19,1,1,1,0,0,425,1,1,1,1,1,1,1,0,1,1,1,1,0,0,0,1,medium
6.757,23.595,5,8,1,1,0,0,1,20,0,0,0,0,1,0,0,0,0,0,0,0,0,0,0,0,medium
24.737,0.688,5,25,2,0,0,0,1,50,0,0,0,0,1,0,0,0,0,0,0,0,0,0,0,0,low
4.041,15.984,2,21,0,1,0,0,1,35,0,0,0,0,1,0,0,0,0,0,0,0,0,0,0,0,medium
6.181,12.373,2,30,0,1,0,0,1,22,0,0,0,0,1,0,0,0,0,0,0,0,0,0,0,0,low
80.268,89.754,45,21,8,1,0,0,0,370,1,1,0,1,0,1,1,1,1,1,0,0,0,0,0,1,medium
7.102,6.372,1,17,0,0,0,0,0,39,0,0,0,0,0,0,0,0,0,0,0,0,0,0,0,0,low
10.337,3.831,1,13,2,0,0,0,1,63,0,0,0,0,0,0,0,0,0,0,0,0,0,0,0,0,low
25.569,4.961,1,6,1,0,0,0,0,17,0,0,0,0,1,0,0,0,0,0,0,0,0,0,0,0,medium
64.527,96.166,47,155,1,1,1,1,0,303,1,1,0,0,0,0,0,1,1,1,1,1,1,0,0,1,high
14.173,0.934,5,24,0,1,0,0,0,60,0,0,0,0,0,0,0,0,0,0,0,0,0,0,0,0,low
20.671,21.297,3,23,2,1,0,0,1,32,0,0,0,0,0,0,0,0,0,0,0,0,0,0,0,0,medium
13.268,23.026,3,30,0,1,0,0,1,80,0,0,0,0,1,0,0,0,0,0,0,0,0,0,0,0,low
19.616,5.378,2,7,1,0,0,0,1,9,0,0,0,0,0,0,0,0,0,0,0,0,0,0,0,0,low
88.978,60.407,17,33,5,1,1,1,0,262,1,1,0,0,1,1,1,1,0,1,0,0,1,1,0,1,high
78.041,74.825,43,48,6,1,0,1,0,127,1,1,1,0,0,0,0,1,1,1,1,1,1,1,1,1,critical
28.620,25.835,4,11,2,1,0,0,1,36,0,0,0,0,1,0,0,0,0,0,0,0,0,0,0,0,medium
4.356,4.640,1,11,1,0,0,0,1,95,0,0,0,0,1,0,0,0,0,0,0,0,0,0,0,0,medium
66.442,96.429,37,119,10,1,1,0,0,210,1,1,1,0,0,0,1,0,0,1,1,1,0,0,1,1,high
8.953,10.508,1,0,0,0,0,0,0,44,0,0,0,0,1,0,0,0,0,0,0,0,0,0,0,0,low
71.015,99.284,39,116,5,1,1,1,0,205,1,1,1,1,1,1,1,0,1,1,1,1,0,1,1,1,medium
6.722,8.008,2,16,1,0,0,0,1,25,0,0,0,0,1,0,0,0,0,0,0,0,0,0,0,0,medium
15.659,15.721,4,29,1,1,0,0,0,10,0,0,0,0,0,0,0,0,0,0,0,0,0,0,0,0,low
78.807,56.293,25,58,4,1,0,1,0,106,1,1,1,0,0,0,0,1,1,1,1,1,0,1,0,1,medium
85.436,87.508,7,70,4,1,0,1,0,151,1,1,1,1,0,1,1,1,0,1,0,1,1,0,0,1,critical
63.892,98.266,48,197,5,1,0,0,0,338,1,1,1,1,1,0,1,1,0,1,0,0,1,1,1,1,high
28.917,2.069,3,19,1,0,0,0,0,74,0,0,0,0,0,0,0,0,0,0,0,0,0,0,0,0,low
0.436,24.052,3,18,0,0,0,0,1,10,0,0,0,0,0,0,0,0,0,0,0,0,0,0,0,0,medium
20.768,13.098,3,16,1,0,0,0,1,62,0,0,0,0,1,0,0,0,0,0,0,0,0,0,0,0,low
28.412,18.213,1,9,0,0,0,0,1,9,0,0,0,0,0,0,0,0,0,0,0,0,0,0,0,0,low
0.999,11.704,5,16,2,0,0,0,1,98,0,0,0,0,0,0,0,0,0,0,0,0,0,0,0,0,low
61.672,61.151,15,74,1,1,0,0,0,68,1,1,0,1,1,1,0,0,0,1,1,0,0,0,1,1,medium
4.540,6.993,4,0,1,1,0,0,1,31,0,0,0,0,0,0,0,0,0,0,0,0,0,0,0,0,low
13.381,21.340,4,29,0,1,0,0,0,70,0,0,0,0,0,0,0,0,0,0,0,0,0,0,0,0,medium
96.062,84.031,18,151,7,1,1,0,0,203,1,1,1,0,0,1,0,1,0,1,0,1,1,1,1,1,high
27.897,12.319,4,11,2,0,0,0,1,33,0,0,0,0,0,0,0,0,0,0,0,0,0,0,0,0,medium
3.345,9.976,4,30,0,1,0,0,1,52,0,0,0,0,1,0,0,0,0,0,0,0,0,0,0,0,low
10.329,17.580,3,19,2,1,0,0,1,87,0,0,0,0,1,0,0,0,0,0,0,0,0,0,0,0,low
26.380,9.003,3,20,1,1,0,0,0,95,0,0,0,0,0,0,0,0,0,0,0,0,0,0,0,0,medium
24.765,12.781,5,2,1,1,0,0,0,36,0,0,0,0,1,0,0,0,0,0,0,0,0,0,0,0,medium
84.101,56.403,28,68,10,1,1,0,0,178,1,1,1,1,1,1,1,0,0,1,1,1,1,1,1,1,medium
13.130,19.739,1,12,1,0,0,0,1,31,0,0,0,0,1,0,0,0,0,0,0,0,0,0,0,0,medium
15.928,27.149,1,23,0,1,0,0,0,63,0,0,0,0,1,0,0,0,0,0,0,0,0,0,0,0,medium
75.531,59.667,44,90,3,1,1,0,0,27,1,1,1,1,0,0,1,1,1,1,1,0,1,0,0,1,high
54.076,55.085,36,175,8,1,1,0,0,392,1,1,0,1,1,1,0,1,1,1,1,0,0,0,0,1,high
8.130,25.627,5,19,2,1,0,0,1,49,0,0,0,0,0,0,0,0,0,0,0,0,0,0,0,0,low
22.073,2.876,5,27,2,1,0,0,1,62,0,0,0,0,1,0,0,0,0,0,0,0,0,0,0,0,medium
4.120,25.017,5,19,1,1,0,0,0,40,0,0,0,0,0,0,0,0,0,0,0,0,0,0,0,0,low
14.328,9.078,4,15,1,1,0,0,0,86,0,0,0,0,1,0,0,0,0,0,0,0,0,0,0,0,low
28.546,11.640,5,20,1,0,0,0,0,23,0,0,0,0,1,0,0,0,0,0,0,0,0,0,0,0,low
29.387,7.411,4,5,0,1,0,0,0,62,0,0,0,0,1,0,0,0,0,0,0,0,0,0,0,0,low
84.526,81.997,15,149,9,1,1,0,0,464,1,1,1,0,0,0,0,1,0,1,1,0,0,0,0,1,critical
13.537,23.538,5,9,0,1,0,0,0,32,0,0,0,0,0,0,0,0,0,0,0,0,0,0,0,0,medium
0.097,24.980,1,13,0,1,0,0,0,32,0,0,0,0,1,0,0,0,0,0,0,0,0,0,0,0,medium
17.067,5.964,2,28,0,1,0,0,0,18,0,0,0,0,0,0,0,0,0,0,0,0,0,0,0,0,low
68.327,62.979,33,151,9,1,0,0,0,124,1,1,1,1,0,0,1,0,0,1,0,0,0,1,0,1,critical
92.742,78.698,42,111,4,1,1,1,0,329,1,1,1,1,0,1,0,1,1,1,0,0,1,0,0,1,critical
0.285,10.643,5,30,2,0,0,0,0,20,0,0,0,0,1,0,0,0,0,0,0,0,0,0,0,0,medium
24.096,10.689,5,9,2,1,0,0,0,53,0,0,0,0,0,0,0,0,0,0,0,0,0,0,0,0,low
0.768,26.318,2,0,1,0,0,0,1,16,0,0,0,0,1,0,0,0,0,0,0,0,0,0,0,0,medium
16.391,26.826,3,14,1,0,0,0,0,12,0,0,0,0,0,0,0,0,0,0,0,0,0,0,0,0,low
12.477,14.431,3,8,0,1,0,0,1,25,0,0,0,0,1,0,0,0,0,0,0,0,0,0,0,0,low
18.186,1.093,2,0,0,0,0,0,0,18,0,0,0,0,1,0,0,0,0,0,0,0,0,0,0,0,medium
18.370,8.691,4,7,2,1,0,0,0,30,0,0,0,0,1,0,0,0,0,0,0,0,0,0,0,0,low
85.821,85.092,12,166,2,1,1,1,0,345,1,1,0,0,1,1,0,1,1,1,1,0,0,1,1,1,critical
11.069,2.373,3,22,2,1,0,0,1,18,0,0,0,0,1,0,0,0,0,0,0,0,0,0,0,0,low
13.371,7.105,4,22,0,1,0,0,1,91,0,0,0,0,0,0,0,0,0,0,0,0,0,0,0,0,low
16.148,8.838,3,20,1,0,0,0,0,45,0,0,0,0,0,0,0,0,0,0,0,0,0,0,0,0,medium
59.199,77.082,11,128,2,1,0,1,0,263,1,1,1,1,1,1,1,1,1,1,0,0,1,0,1,1,high
29.763,8.525,3,21,2,0,0,0,1,34,0,0,0,0,0,0,0,0,0,0,0,0,0,0,0,0,medium
10.098,5.888,1,21,0,1,0,0,1,11,0,0,0,0,0,0,0,0,0,0,0,0,0,0,0,0,medium
79.377,69.900,23,168,2,1,1,1,0,71,1,1,0,0,0,1,0,1,0,1,0,0,1,0,1,1,medium
11.840,2.427,2,1,0,1,0,0,0,37,0,0,0,0,1,0,0,0,0,0,0,0,0,0,0,0,low
97.170,60.644,45,187,3,1,1,1,0,373,1,1,0,1,1,0,1,0,1,1,1,1,0,1,1,1,medium
18.787,15.330,1,14,0,0,0,0,0,37,0,0,0,0,1,0,0,0,0,0,0,0,0,0,0,0,low
26.557,5.161,3,19,1,0,0,0,1,13,0,0,0,0,0,0,0,0,0,0,0,0,0,0,0,0,medium
5.451,23.685,1,24,1,1,0,0,1,40,0,0,0,0,0,0,0,0,0,0,0,0,0,0,0,0,medium
61.769,50.815,31,147,8,1,0,1,0,308,1,1,1,1,1,1,1,1,0,1,1,0,1,0,1,1,medium
20.615,3.092,2,6,0,1,0,0,0,47,0,0,0,0,1,0,0,0,0,0,0,0,0,0,0,0,low
3.965,8.829,3,20,2,1,0,0,0,42,0,0,0,0,0,0,0,0,0,0,0,0,0,0,0,0,low
71.251,59.999,49,27,5,1,0,1,0,320,1,1,0,1,0,0,1,1,1,1,0,1,0,1,0,1,medium
18.238,13.094,1,30,2,0,0,0,0,12,0,0,0,0,0,0,0,0,0,0,0,0,0,0,0,0,medium
75.735,57.337,13,132,6,1,0,0,0,324,1,1,1,0,1,1,1,0,0,1,1,0,0,0,1,1,critical
8.410,1.386,4,12,0,0,0,0,0,14,0,0,0,0,1,0,0,0,0,0,0,0,0,0,0,0,low
5.526,2.180,1,27,0,1,0,0,0,100,0,0,0,0,0,0,0,0,0,0,0,0,0,0,0,0,medium
2.966,23.602,1,18,2,0,0,0,0,26,0,0,0,0,0,0,0,0,0,0,0,0,0,0,0,0,medium
16.418,8.024,1,22,0,0,0,0,1,82,0,0,0,0,1,0,0,0,0,0,0,0,0,0,0,0,low
90.500,67.635,11,137,10,1,0,0,0,299,1,1,0,1,1,1,0,1,0,1,1,0,0,0,0,1,critical
81.003,63.199,38,127,1,1,1,1,0,128,1,1,0,1,0,0,1,1,0,1,0,1,1,1,1,1,medium
6.783,3.475,4,5,0,1,0,0,0,45,0,0,0,0,1,0,0,0,0,0,0,0,0,0,0,0,medium
1.873,6.622,2,15,1,1,0,0,1,21,0,0,0,0,0,0,0,0,0,0,0,0,0,0,0,0,low
26.321,24.785,4,1,2,0,0,0,0,13,0,0,0,0,0,0,0,0,0,0,0,0,0,0,0,0,medium
73.717,80.049,43,99,2,1,0,0,0,26,1,1,0,0,1,1,0,0,1,1,0,1,1,1,0,1,high
65.793,82.849,13,192,8,1,0,0,0,376,1,1,1,1,0,0,0,1,0,1,0,1,1,1,1,1,medium
69.676,99.989,38,33,10,1,0,0,0,42,1,1,0,0,0,0,0,0,1,1,0,0,1,0,1,1,medium
20.545,17.119,4,14,0,0,0,0,1,13,0,0,0,0,1,0,0,0,0,0,0,0,0,0,0,0,low
8.566,21.814,2,15,2,0,0,0,0,81,0,0,0,0,0,0,0,0,0,0,0,0,0,0,0,0,medium
61.724,60.328,15,174,10,1,0,0,0,254,1,1,0,1,1,1,1,1,0,1,0,0,0,1,1,1,medium
2.081,25.857,2,19,1,0,0,0,1,93,0,0,0,0,1,0,0,0,0,0,0,0,0,0,0,0,low
79.867,74.636,24,78,2,1,1,1,0,292,1,1,1,1,1,1,0,0,1,1,1,0,0,1,0,1,medium
72.890,94.299,44,93,5,1,0,1,0,453,1,1,1,1,1,0,0,0,0,1,0,0,0,0,1,1,critical
17.511,13.595,5,6,2,0,0,0,1,66,0,0,0,0,0,0,0,0,0,0,0,0,0,0,0,0,medium
1.965,18.352,4,3,2,1,0,0,0,24,0,0,0,0,0,0,0,0,0,0,0,0,0,0,0,0,medium
25.574,26.650,5,26,2,0,0,0,1,83,0,0,0,0,0,0,0,0,0,0,0,0,0,0,0,0,medium
28.045,26.529,4,0,0,1,0,0,0,51,0,0,0,0,1,0,0,0,0,0,0,0,0,0,0,0,medium
9.375,23.913,4,15,1,1,0,0,0,42,0,0,0,0,1,0,0,0,0,0,0,0,0,0,0,0,low
77.804,99.737,43,16,10,1,0,1,0,225,1,1,0,0,0,1,0,0,1,1,0,0,1,1,0,1,critical
1.328,10.840,4,20,1,0,0,0,0,75,0,0,0,0,0,0,0,0,0,0,0,0,0,0,0,0,low
23.809,3.422,2,29,2,0,0,0,1,52,0,0,0,0,1,0,0,0,0,0,0,0,0,0,0,0,low
19.586,8.941,3,23,1,0,0,0,1,83,0,0,0,0,0,0,0,0,0,0,0,0,0,0,0,0,medium
14.251,17.847,4,26,2,0,0,0,0,62,0,0,0,0,1,0,0,0,0,0,0,0,0,0,0,0,low
29.971,25.288,5,23,0,0,0,0,0,67,0,0,0,0,0,0,0,0,0,0,0,0,0,0,0,0,low
10.745,21.721,4,9,1,0,0,0,1,36,0,0,0,0,1,0,0,0,0,0,0,0,0,0,0,0,medium
19.050,15.513,1,18,1,1,0,0,0,7,0,0,0,0,1,0,0,0,0,0,0,0,0,0,0,0,medium
22.558,20.282,5,8,1,0,0,0,0,57,0,0,0,0,1,0,0,0,0,0,0,0,0,0,0,0,medium
8.839,12.145,3,19,2,0,0,0,1,76,0,0,0,0,0,0,0,0,0,0,0,0,0,0,0,0,low
21.139,25.293,4,9,1,1,0,0,0,97,0,0,0,0,0,0,0,0,0,0,0,0,0,0,0,0,low
9.134,1.260,5,13,1,1,0,0,1,15,0,0,0,0,0,0,0,0,0,0,0,0,0,0,0,0,low
18.261,3.765,3,23,0,0,0,0,1,15,0,0,0,0,1,0,0,0,0,0,0,0,0,0,0,0,low
4.987,2.959,1,9,1,0,0,0,1,50,0,0,0,0,1,0,0,0,0,0,0,0,0,0,0,0,medium
66.142,65.510,9,62,4,1,1,1,0,81,1,1,1,0,0,0,0,1,1,1,0,0,0,1,0,1,medium
91.943,55.593,46,187,2,1,0,0,0,29,1,1,1,0,1,0,0,0,1,1,0,0,0,1,1,1,medium
22.244,27.076,5,7,1,0,0,0,1,91,0,0,0,0,1,0,0,0,0,0,0,0,0,0,0,0,low
5.872,23.321,2,8,1,1,0,0,0,44,0,0,0,0,0,0,0,0,0,0,0,0,0,0,0,0,low
75.418,88.790,50,197,4,1,1,1,0,23,1,1,1,0,1,1,1,0,1,1,0,0,1,1,1,1,critical
91.798,94.896,14,141,9,1,0,1,0,428,1,1,0,1,0,0,1,1,1,1,1,0,0,1,0,1,high
13.635,0.363,2,30,2,0,0,0,1,41,0,0,0,0,1,0,0,0,0,0,0,0,0,0,0,0,medium
14.356,27.748,4,30,0,0,0,0,1,90,0,0,0,0,0,0,0,0,0,0,0,0,0,0,0,0,low
16.280,12.176,1,7,2,1,0,0,1,29,0,0,0,0,0,0,0,0,0,0,0,0,0,0,0,0,low
85.820,78.201,30,154,8,1,0,1,0,138,1,1,1,1,0,0,1,1,1,1,0,1,0,1,1,1,medium
3.952,29.878,5,22,1,1,0,0,0,81,0,0,0,0,0,0,0,0,0,0,0,0,0,0,0,0,medium
7.397,23.290,1,18,2,0,0,0,0,95,0,0,0,0,0,0,0,0,0,0,0,0,0,0,0,0,low
1.936,29.791,4,7,1,0,0,0,1,91,0,0,0,0,0,0,0,0,0,0,0,0,0,0,0,0,medium
22.681,29.678,2,15,1,1,0,0,1,24,0,0,0,0,1,0,0,0,0,0,0,0,0,0,0,0,low
69.646,97.399,44,74,1,1,0,0,0,456,1,1,1,1,1,0,0,0,1,1,1,0,1,1,1,1,high
81.917,96.785,15,189,10,1,0,0,0,254,1,1,1,1,1,1,0,1,1,1,0,0,0,1,0,1,medium
8.714,4.606,2,13,2,0,0,0,1,28,0,0,0,0,0,0,0,0,0,0,0,0,0,0,0,0,low
26.841,5.023,4,9,0,0,0,0,0,98,0,0,0,0,0,0,0,0,0,0,0,0,0,0,0,0,low
73.943,75.463,50,43,6,1,0,0,0,249,1,1,1,0,0,1,0,1,1,1,1,1,1,0,0,1,high
74.651,74.157,37,49,9,1,1,0,0,420,1,1,0,1,0,0,1,1,0,1,0,0,0,1,1,1,medium
24.141,1.339,5,3,0,1,0,0,0,34,0,0,0,0,1,0,0,0,0,0,0,0,0,0,0,0,medium
55.519,54.175,25,149,6,1,0,0,0,233,1,1,0,0,1,1,1,1,1,1,1,1,0,0,0,1,medium
97.373,79.985,13,58,3,1,1,0,0,403,1,1,0,1,1,0,1,0,0,1,1,0,0,0,1,1,medium
19.409,3.034,5,21,0,1,0,0,0,10,0,0,0,0,1,0,0,0,0,0,0,0,0,0,0,0,low
69.069,82.009,47,185,4,1,1,1,0,313,1,1,0,0,1,1,0,1,1,1,1,0,1,1,0,1,critical
7.099,4.148,5,15,1,1,0,0,0,9,0,0,0,0,1,0,0,0,0,0,0,0,0,0,0,0,low
93.227,57.845,7,158,5,1,0,1,0,336,1,1,0,0,0,1,1,0,0,1,1,1,1,1,0,1,critical
50.994,99.575,19,59,4,1,1,1,0,481,1,1,0,0,1,1,0,0,1,1,1,1,1,1,1,1,high
23.450,22.553,2,24,0,1,0,0,0,47,0,0,0,0,0,0,0,0,0,0,0,0,0,0,0,0,low
23.280,9.917,1,29,0,0,0,0,0,72,0,0,0,0,1,0,0,0,0,0,0,0,0,0,0,0,low
85.056,84.683,32,184,5,1,1,1,0,461,1,1,1,0,0,1,1,1,1,1,1,0,0,0,0,1,medium
60.018,78.286,6,172,9,1,0,0,0,114,1,1,0,0,1,0,0,1,1,1,0,0,0,0,0,1,high
16.403,14.438,3,11,2,1,0,0,1,60,0,0,0,0,1,0,0,0,0,0,0,0,0,0,0,0,low
17.302,29.758,3,18,1,0,0,0,0,60,0,0,0,0,1,0,0,0,0,0,0,0,0,0,0,0,medium
17.206,20.123,1,16,2,1,0,0,1,84,0,0,0,0,0,0,0,0,0,0,0,0,0,0,0,0,medium
5.586,11.875,1,4,1,1,0,0,0,11,0,0,0,0,1,0,0,0,0,0,0,0,0,0,0,0,medium
9.055,14.623,4,13,1,1,0,0,1,88,0,0,0,0,0,0,0,0,0,0,0,0,0,0,0,0,low
24.852,11.732,1,25,1,0,0,0,1,77,0,0,0,0,1,0,0,0,0,0,0,0,0,0,0,0,medium
19.111,29.626,3,27,0,1,0,0,1,72,0,0,0,0,1,0,0,0,0,0,0,0,0,0,0,0,low
13.319,1.166,3,10,1,0,0,0,1,94,0,0,0,0,1,0,0,0,0,0,0,0,0,0,0,0,medium
2.377,26.918,5,14,2,1,0,0,0,51,0,0,0,0,1,0,0,0,0,0,0,0,0,0,0,0,medium
98.705,72.622,32,90,5,1,0,0,0,422,1,1,1,0,1,1,1,0,0,1,0,0,1,0,1,1,medium
12.731,12.706,2,2,2,1,0,0,1,24,0,0,0,0,1,0,0,0,0,0,0,0,0,0,0,0,medium
29.924,23.086,5,23,0,1,0,0,0,70,0,0,0,0,1,0,0,0,0,0,0,0,0,0,0,0,low
20.296,11.048,4,5,1,0,0,0,0,15,0,0,0,0,0,0,0,0,0,0,0,0,0,0,0,0,medium
89.716,54.052,16,106,2,1,1,1,0,142,1,1,0,0,1,0,1,1,1,1,0,0,1,1,1,1,high
9.490,19.277,4,0,0,1,0,0,0,84,0,0,0,0,0,0,0,0,0,0,0,0,0,0,0,0,low
23.530,13.398,3,11,0,1,0,0,0,83,0,0,0,0,1,0,0,0,0,0,0,0,0,0,0,0,medium
27.026,25.307,4,9,2,0,0,0,0,68,0,0,0,0,1,0,0,0,0,0,0,0,0,0,0,0,medium
10.777,24.835,1,19,1,1,0,0,0,21,0,0,0,0,1,0,0,0,0,0,0,0,0,0,0,0,medium
9.501,26.352,1,8,0,1,0,0,0,52,0,0,0,0,1,0,0,0,0,0,0,0,0,0,0,0,low
53.113,76.748,22,15,8,1,1,1,0,129,1,1,1,1,0,0,1,0,0,1,1,0,0,0,0,1,medium
22.332,4.130,4,3,1,1,0,0,1,47,0,0,0,0,1,0,0,0,0,0,0,0,0,0,0,0,medium
50.578,55.062,49,67,3,1,0,0,0,243,1,1,1,1,0,0,1,1,1,1,1,0,1,0,1,1,critical
21.401,15.542,4,8,1,1,0,0,0,42,0,0,0,0,1,0,0,0,0,0,0,0,0,0,0,0,medium
7.106,17.658,3,12,0,0,0,0,0,58,0,0,0,0,0,0,0,0,0,0,0,0,0,0,0,0,medium
2.672,3.377,2,5,0,0,0,0,0,31,0,0,0,0,1,0,0,0,0,0,0,0,0,0,0,0,low
63.055,92.037,45,151,2,1,0,1,0,447,1,1,1,1,1,1,0,0,0,1,0,0,0,1,1,1,high
3.171,3.451,4,0,2,0,0,0,1,81,0,0,0,0,1,0,0,0,0,0,0,0,0,0,0,0,low
8.814,24.366,1,0,1,0,0,0,0,93,0,0,0,0,0,0,0,0,0,0,0,0,0,0,0,0,low
19.309,16.288,1,30,1,1,0,0,1,64,0,0,0,0,0,0,0,0,0,0,0,0,0,0,0,0,low
62.755,86.162,25,65,10,1,0,0,0,495,1,1,1,1,0,0,1,0,0,1,1,1,0,1,1,1,medium
12.265,12.533,5,12,0,0,0,0,0,88,0,0,0,0,0,0,0,0,0,0,0,0,0,0,0,0,low
23.165,3.294,5,17,2,1,0,0,1,87,0,0,0,0,0,0,0,0,0,0,0,0,0,0,0,0,low
9.281,12.965,2,28,2,0,0,0,1,72,0,0,0,0,0,0,0,0,0,0,0,0,0,0,0,0,medium
6.295,13.736,3,9,1,1,0,0,1,49,0,0,0,0,0,0,0,0,0,0,0,0,0,0,0,0,low
26.698,0.210,5,23,1,1,0,0,0,48,0,0,0,0,0,0,0,0,0,0,0,0,0,0,0,0,low
25.825,8.382,3,29,1,0,0,0,0,35,0,0,0,0,0,0,0,0,0,0,0,0,0,0,0,0,low
69.292,67.276,15,15,1,1,1,1,0,59,1,1,0,0,0,0,1,0,0,1,1,0,0,0,1,1,high
27.162,29.427,3,30,2,0,0,0,1,82,0,0,0,0,0,0,0,0,0,0,0,0,0,0,0,0,medium
3.458,18.797,4,8,1,0,0,0,0,6,0,0,0,0,1,0,0,0,0,0,0,0,0,0,0,0,low
78.177,70.384,17,20,10,1,0,1,0,61,1,1,1,1,1,1,1,0,1,1,0,0,0,1,1,1,high
2.741,11.927,2,4,0,0,0,0,1,39,0,0,0,0,0,0,0,0,0,0,0,0,0,0,0,0,medium
18.273,0.192,4,17,0,1,0,0,0,74,0,0,0,0,0,0,0,0,0,0,0,0,0,0,0,0,low
28.808,28.101,3,27,1,0,0,0,1,58,0,0,0,0,0,0,0,0,0,0,0,0,0,0,0,0,low
28.446,21.552,1,18,0,1,0,0,0,95,0,0,0,0,0,0,0,0,0,0,0,0,0,0,0,0,medium
25.349,15.103,4,29,2,1,0,0,1,77,0,0,0,0,1,0,0,0,0,0,0,0,0,0,0,0,low
6.776,5.605,4,16,0,1,0,0,0,82,0,0,0,0,0,0,0,0,0,0,0,0,0,0,0,0,medium
19.990,1.349,2,0,2,1,0,0,0,10,0,0,0,0,0,0,0,0,0,0,0,0,0,0,0,0,medium
20.936,1.388,4,23,2,0,0,0,1,57,0,0,0,0,1,0,0,0,0,0,0,0,0,0,0,0,low
12.900,18.744,3,10,0,1,0,0,1,100,0,0,0,0,0,0,0,0,0,0,0,0,0,0,0,0,medium
17.929,14.218,2,7,0,0,0,0,1,88,0,0,0,0,0,0,0,0,0,0,0,0,0,0,0,0,low
20.039,18.971,4,10,1,1,0,0,0,73,0,0,0,0,1,0,0,0,0,0,0,0,0,0,0,0,medium
3.965,19.659,1,13,0,0,0,0,1,21,0,0,0,0,0,0,0,0,0,0,0,0,0,0,0,0,medium
27.075,0.660,5,9,1,0,0,0,0,59,0,0,0,0,1,0,0,0,0,0,0,0,0,0,0,0,low
97.734,69.327,36,75,2,1,0,1,0,262,1,1,1,0,0,1,0,0,0,1,0,1,1,1,1,1,high
95.102,84.220,17,18,6,1,1,0,0,208,1,1,0,1,0,1,0,1,1,1,0,1,1,1,1,1,high
5.524,29.727,1,8,1,0,0,0,0,91,0,0,0,0,1,0,0,0,0,0,0,0,0,0,0,0,medium
27.606,23.084,5,10,1,0,0,0,1,67,0,0,0,0,0,0,0,0,0,0,0,0,0,0,0,0,medium
11.945,12.684,2,0,0,0,0,0,1,22,0,0,0,0,1,0,0,0,0,0,0,0,0,0,0,0,low
19.730,24.833,2,13,1,1,0,0,0,88,0,0,0,0,1,0,0,0,0,0,0,0,0,0,0,0,low
21.399,27.120,3,26,2,0,0,0,1,29,0,0,0,0,1,0,0,0,0,0,0,0,0,0,0,0,medium
9.604,23.261,5,28,0,1,0,0,1,76,0,0,0,0,0,0,0,0,0,0,0,0,0,0,0,0,low
5.567,12.314,1,3,0,0,0,0,0,50,0,0,0,0,1,0,0,0,0,0,0,0,0,0,0,0,medium
7.058,1.481,5,5,1,0,0,0,1,38,0,0,0,0,1,0,0,0,0,0,0,0,0,0,0,0,low
13.647,5.481,1,0,0,1,0,0,1,16,0,0,0,0,0,0,0,0,0,0,0,0,0,0,0,0,low
13.396,13.728,4,23,0,0,0,0,1,13,0,0,0,0,1,0,0,0,0,0,0,0,0,0,0,0,low
1.797,10.933,3,22,2,0,0,0,1,64,0,0,0,0,0,0,0,0,0,0,0,0,0,0,0,0,medium
8.772,18.545,5,7,1,0,0,0,0,90,0,0,0,0,1,0,0,0,0,0,0,0,0,0,0,0,low
29.700,7.649,5,18,0,0,0,0,0,20,0,0,0,0,1,0,0,0,0,0,0,0,0,0,0,0,low
85.984,72.802,15,157,10,1,1,0,0,267,1,1,1,0,0,1,0,1,1,1,1,1,1,0,1,1,critical
1.782,18.494,5,18,0,1,0,0,1,100,0,0,0,0,1,0,0,0,0,0,0,0,0,0,0,0,low
27.668,3.909,5,27,0,1,0,0,0,70,0,0,0,0,0,0,0,0,0,0,0,0,0,0,0,0,medium
2.082,26.350,5,18,0,1,0,0,1,21,0,0,0,0,1,0,0,0,0,0,0,0,0,0,0,0,medium
80.453,51.637,36,22,10,1,1,0,0,175,1,1,1,1,1,0,1,1,1,1,0,1,0,1,0,1,medium
52.919,96.552,16,59,6,1,1,1,0,376,1,1,1,0,1,1,1,1,0,1,1,0,1,0,1,1,critical
6.833,28.449,2,0,0,0,0,0,0,32,0,0,0,0,1,0,0,0,0,0,0,0,0,0,0,0,medium
88.950,58.749,32,117,2,1,1,1,0,33,1,1,1,0,1,0,1,1,0,1,0,1,0,0,1,1,critical
0.400,26.246,4,13,0,0,0,0,1,43,0,0,0,0,0,0,0,0,0,0,0,0,0,0,0,0,medium
20.845,5.841,2,30,1,1,0,0,0,45,0,0,0,0,0,0,0,0,0,0,0,0,0,0,0,0,low
27.314,7.584,1,25,0,1,0,0,0,88,0,0,0,0,1,0,0,0,0,0,0,0,0,0,0,0,medium
50.914,66.592,20,67,3,1,1,1,0,467,1,1,1,1,0,1,0,1,1,1,0,1,1,0,0,1,critical
92.175,65.042,37,72,10,1,0,1,0,61,1,1,1,0,1,1,0,1,1,1,0,0,0,0,1,1,high
17.427,20.107,1,18,0,0,0,0,1,55,0,0,0,0,1,0,0,0,0,0,0,0,0,0,0,0,medium
27.434,24.250,3,9,1,0,0,0,1,11,0,0,0,0,1,0,0,0,0,0,0,0,0,0,0,0,low
21.459,15.798,4,4,1,0,0,0,1,29,0,0,0,0,1,0,0,0,0,0,0,0,0,0,0,0,low
10.376,21.094,4,28,1,1,0,0,0,17,0,0,0,0,0,0,0,0,0,0,0,0,0,0,0,0,low
91.781,83.945,37,165,3,1,0,1,0,310,1,1,1,1,0,1,0,0,1,1,0,1,0,1,0,1,high
66.738,85.964,39,127,1,1,1,1,0,344,1,1,0,0,1,1,0,0,1,1,1,1,0,1,1,1,critical
68.177,58.046,20,86,10,1,0,0,0,272,1,1,0,1,1,0,1,1,1,1,1,0,0,0,0,1,high
15.751,20.211,4,28,1,1,0,0,0,34,0,0,0,0,0,0,0,0,0,0,0,0,0,0,0,0,low
20.132,25.172,5,28,0,1,0,0,0,92,0,0,0,0,0,0,0,0,0,0,0,0,0,0,0,0,medium
10.122,9.003,1,17,0,1,0,0,1,86,0,0,0,0,1,0,0,0,0,0,0,0,0,0,0,0,medium
23.677,1.499,4,29,1,1,0,0,1,8,0,0,0,0,1,0,0,0,0,0,0,0,0,0,0,0,low
57.453,85.822,20,15,9,1,0,0,0,233,1,1,1,1,0,1,1,1,0,1,1,1,1,1,1,1,critical
15.665,14.469,4,28,1,0,0,0,1,75,0,0,0,0,1,0,0,0,0,0,0,0,0,0,0,0,medium
25.664,5.426,5,20,1,1,0,0,0,7,0,0,0,0,0,0,0,0,0,0,0,0,0,0,0,0,low
0.850,0.536,5,27,2,0,0,0,0,97,0,0,0,0,0,0,0,0,0,0,0,0,0,0,0,0,low
24.725,13.713,4,15,2,1,0,0,0,48,0,0,0,0,0,0,0,0,0,0,0,0,0,0,0,0,medium
18.744,11.936,3,16,0,0,0,0,0,63,0,0,0,0,1,0,0,0,0,0,0,0,0,0,0,0,low
28.690,22.740,4,24,0,0,0,0,0,90,0,0,0,0,1,0,0,0,0,0,0,0,0,0,0,0,low
7.572,1.576,2,3,1,0,0,0,1,11,0,0,0,0,1,0,0,0,0,0,0,0,0,0,0,0,low
99.355,55.540,32,187,6,1,0,0,0,275,1,1,1,1,0,0,1,1,1,1,1,1,0,1,0,1,high
18.924,27.554,4,7,1,1,0,0,0,70,0,0,0,0,1,0,0,0,0,0,0,0,0,0,0,0,medium
2.356,4.921,3,7,2,1,0,0,0,10,0,0,0,0,0,0,0,0,0,0,0,0,0,0,0,0,low
27.863,5.791,1,29,0,0,0,0,1,100,0,0,0,0,1,0,0,0,0,0,0,0,0,0,0,0,medium
15.167,18.306,2,9,1,1,0,0,0,43,0,0,0,0,1,0,0,0,0,0,0,0,0,0,0,0,low
22.023,9.237,2,14,2,1,0,0,0,87,0,0,0,0,1,0,0,0,0,0,0,0,0,0,0,0,low
0.156,18.304,1,20,2,1,0,0,0,50,0,0,0,0,1,0,0,0,0,0,0,0,0,0,0,0,medium
65.993,93.596,39,162,10,1,0,0,0,475,1,1,0,1,1,1,1,1,0,1,1,0,0,0,1,1,medium
72.658,61.823,5,196,5,1,0,1,0,243,1,1,0,0,1,0,0,1,0,1,1,1,0,0,1,1,high
28.456,14.630,5,9,0,0,0,0,1,68,0,0,0,0,1,0,0,0,0,0,0,0,0,0,0,0,medium
14.413,14.219,5,18,0,1,0,0,1,83,0,0,0,0,0,0,0,0,0,0,0,0,0,0,0,0,medium
22.708,21.203,3,3,2,0,0,0,1,50,0,0,0,0,0,0,0,0,0,0,0,0,0,0,0,0,low
7.713,22.269,2,10,0,0,0,0,0,37,0,0,0,0,0,0,0,0,0,0,0,0,0,0,0,0,medium
6.374,2.509,2,4,2,0,0,0,0,64,0,0,0,0,1,0,0,0,0,0,0,0,0,0,0,0,low
2.353,22.988,1,29,0,1,0,0,0,89,0,0,0,0,0,0,0,0,0,0,0,0,0,0,0,0,medium
12.286,14.752,5,13,1,1,0,0,0,23,0,0,0,0,1,0,0,0,0,0,0,0,0,0,0,0,low
56.836,91.149,11,173,1,1,0,0,0,218,1,1,1,0,0,0,0,1,0,1,1,1,1,1,0,1,high
69.769,64.948,26,96,3,1,1,1,0,391,1,1,1,1,1,0,1,1,0,1,0,1,0,0,0,1,critical
11.144,28.097,3,13,2,1,0,0,0,90,0,0,0,0,0,0,0,0,0,0,0,0,0,0,0,0,low
10.371,17.554,3,8,1,0,0,0,1,43,0,0,0,0,1,0,0,0,0,0,0,0,0,0,0,0,medium
13.450,15.609,2,7,2,0,0,0,0,38,0,0,0,0,1,0,0,0,0,0,0,0,0,0,0,0,medium
17.971,26.114,1,12,0,1,0,0,0,36,0,0,0,0,0,0,0,0,0,0,0,0,0,0,0,0,medium
1.066,16.582,2,4,0,1,0,0,0,60,0,0,0,0,1,0,0,0,0,0,0,0,0,0,0,0,medium
29.240,10.215,5,17,2,1,0,0,1,36,0,0,0,0,1,0,0,0,0,0,0,0,0,0,0,0,medium
18.778,16.728,2,0,2,0,0,0,0,76,0,0,0,0,0,0,0,0,0,0,0,0,0,0,0,0,medium
15.015,17.340,2,10,1,0,0,0,0,35,0,0,0,0,0,0,0,0,0,0,0,0,0,0,0,0,low
18.820,15.435,5,11,2,1,0,0,0,50,0,0,0,0,1,0,0,0,0,0,0,0,0,0,0,0,low
8.261,23.347,3,28,2,1,0,0,0,72,0,0,0,0,0,0,0,0,0,0,0,0,0,0,0,0,medium
77.362,79.253,14,124,9,1,0,0,0,233,1,1,1,1,0,1,0,1,1,1,0,1,1,1,1,1,critical
91.142,98.860,9,35,9,1,0,1,0,107,1,1,1,0,0,0,1,0,1,1,1,1,1,0,1,1,high
62.925,79.316,9,122,8,1,1,1,0,408,1,1,0,0,0,1,0,1,1,1,1,0,1,1,0,1,medium
61.226,90.173,16,76,5,1,1,1,0,475,1,1,0,1,1,0,0,1,1,1,0,1,1,0,0,1,medium
24.639,0.249,1,11,2,0,0,0,0,26,0,0,0,0,1,0,0,0,0,0,0,0,0,0,0,0,low
9.805,21.982,4,0,0,1,0,0,1,73,0,0,0,0,0,0,0,0,0,0,0,0,0,0,0,0,low
52.077,94.852,46,76,1,1,1,0,0,226,1,1,1,0,0,1,0,0,1,1,1,1,1,1,1,1,high
1.614,15.764,4,2,2,1,0,0,1,33,0,0,0,0,1,0,0,0,0,0,0,0,0,0,0,0,medium
8.656,24.956,5,13,0,0,0,0,0,48,0,0,0,0,1,0,0,0,0,0,0,0,0,0,0,0,medium
11.713,4.820,2,19,0,0,0,0,1,33,0,0,0,0,1,0,0,0,0,0,0,0,0,0,0,0,low
15.879,28.973,2,17,2,0,0,0,1,41,0,0,0,0,1,0,0,0,0,0,0,0,0,0,0,0,low
89.017,69.138,33,94,1,1,0,0,0,373,1,1,0,0,0,1,1,1,1,1,0,1,1,0,1,1,high
58.426,85.307,20,172,8,1,1,0,0,190,1,1,0,0,1,0,0,1,1,1,1,1,0,0,1,1,high
17.682,24.936,2,21,2,0,0,0,1,69,0,0,0,0,1,0,0,0,0,0,0,0,0,0,0,0,medium
2.486,27.855,1,24,2,1,0,0,0,75,0,0,0,0,1,0,0,0,0,0,0,0,0,0,0,0,low
55.908,54.700,48,141,8,1,1,0,0,23,1,1,0,0,0,0,0,1,0,1,1,1,1,1,0,1,critical
62.177,85.441,32,91,10,1,1,0,0,299,1,1,0,1,0,0,0,1,0,1,0,1,0,1,0,1,critical
24.356,27.397,1,15,2,1,0,0,0,53,0,0,0,0,1,0,0,0,0,0,0,0,0,0,0,0,low
4.251,12.322,1,28,2,0,0,0,1,21,0,0,0,0,1,0,0,0,0,0,0,0,0,0,0,0,low
53.580,68.789,9,151,1,1,0,1,0,295,1,1,1,0,1,1,1,1,0,1,1,1,1,0,0,1,critical
1.033,7.472,4,1,1,0,0,0,0,43,0,0,0,0,1,0,0,0,0,0,0,0,0,0,0,0,low
77.722,97.878,24,187,2,1,1,0,0,321,1,1,1,0,1,1,0,1,0,1,0,0,1,1,0,1,critical
24.513,3.129,2,27,1,1,0,0,0,98,0,0,0,0,1,0,0,0,0,0,0,0,0,0,0,0,low
9.499,0.352,1,30,0,0,0,0,0,76,0,0,0,0,1,0,0,0,0,0,0,0,0,0,0,0,low
17.476,22.335,4,12,2,0,0,0,1,95,0,0,0,0,0,0,0,0,0,0,0,0,0,0,0,0,low
10.320,6.269,1,25,0,1,0,0,0,17,0,0,0,0,0,0,0,0,0,0,0,0,0,0,0,0,low
98.999,54.411,26,15,3,1,1,1,0,336,1,1,1,0,1,1,0,1,1,1,0,1,1,0,0,1,critical
61.852,91.989,18,143,7,1,0,1,0,148,1,1,1,1,0,1,1,1,1,1,1,1,0,1,0,1,medium
0.933,14.989,2,4,0,1,0,0,0,36,0,0,0,0,1,0,0,0,0,0,0,0,0,0,0,0,low
5.315,14.601,1,20,1,1,0,0,0,49,0,0,0,0,1,0,0,0,0,0,0,0,0,0,0,0,medium
18.961,3.192,4,21,0,0,0,0,0,31,0,0,0,0,0,0,0,0,0,0,0,0,0,0,0,0,low
21.189,5.650,1,1,2,1,0,0,0,27,0,0,0,0,0,0,0,0,0,0,0,0,0,0,0,0,medium
20.925,29.062,5,27,0,1,0,0,0,31,0,0,0,0,1,0,0,0,0,0,0,0,0,0,0,0,low
86.247,67.412,28,86,8,1,0,1,0,413,1,1,1,0,0,1,0,0,1,1,0,1,0,0,1,1,medium
2.282,12.108,1,12,1,1,0,0,1,20,0,0,0,0,0,0,0,0,0,0,0,0,0,0,0,0,medium
29.899,29.894,4,14,1,0,0,0,0,24,0,0,0,0,1,0,0,0,0,0,0,0,0,0,0,0,medium
72.451,85.370,35,100,3,1,1,0,0,173,1,1,0,0,0,0,1,0,0,1,0,1,1,1,1,1,critical
12.543,13.114,5,17,1,1,0,0,1,7,0,0,0,0,0,0,0,0,0,0,0,0,0,0,0,0,low
0.228,23.971,2,14,1,0,0,0,1,93,0,0,0,0,0,0,0,0,0,0,0,0,0,0,0,0,medium
11.394,3.505,2,7,0,1,0,0,1,34,0,0,0,0,1,0,0,0,0,0,0,0,0,0,0,0,low
0.572,3.243,3,28,1,0,0,0,1,23,0,0,0,0,1,0,0,0,0,0,0,0,0,0,0,0,low
27.535,5.228,4,11,1,1,0,0,1,67,0,0,0,0,1,0,0,0,0,0,0,0,0,0,0,0,medium
4.257,2.180,2,3,2,1,0,0,1,23,0,0,0,0,1,0,0,0,0,0,0,0,0,0,0,0,medium
2.443,29.167,2,5,2,1,0,0,1,97,0,0,0,0,1,0,0,0,0,0,0,0,0,0,0,0,medium
0.976,8.805,3,5,1,0,0,0,1,91,0,0,0,0,1,0,0,0,0,0,0,0,0,0,0,0,low
54.637,80.442,16,99,10,1,0,1,0,21,1,1,0,0,0,1,0,0,0,1,1,0,0,0,1,1,high
6.281,0.583,2,5,2,1,0,0,0,64,0,0,0,0,1,0,0,0,0,0,0,0,0,0,0,0,medium
10.520,1.361,4,18,0,1,0,0,1,43,0,0,0,0,0,0,0,0,0,0,0,0,0,0,0,0,medium
22.288,10.127,1,12,1,0,0,0,0,36,0,0,0,0,1,0,0,0,0,0,0,0,0,0,0,0,medium
10.281,9.412,5,13,2,1,0,0,1,58,0,0,0,0,1,0,0,0,0,0,0,0,0,0,0,0,low
75.152,55.206,35,25,7,1,1,0,0,122,1,1,0,1,0,1,0,1,0,1,0,0,0,1,1,1,critical
23.005,26.889,5,20,2,1,0,0,1,19,0,0,0,0,0,0,0,0,0,0,0,0,0,0,0,0,medium
18.253,3.733,5,24,2,0,0,0,0,91,0,0,0,0,0,0,0,0,0,0,0,0,0,0,0,0,low
26.005,10.870,4,17,2,0,0,0,0,21,0,0,0,0,1,0,0,0,0,0,0,0,0,0,0,0,low
6.283,12.843,5,9,2,1,0,0,1,90,0,0,0,0,0,0,0,0,0,0,0,0,0,0,0,0,low
78.127,73.235,14,163,6,1,1,0,0,156,1,1,1,1,0,0,1,0,0,1,1,1,0,1,1,1,high
15.086,0.712,3,20,1,1,0,0,0,15,0,0,0,0,0,0,0,0,0,0,0,0,0,0,0,0,medium
90.501,63.663,36,103,5,1,1,1,0,50,1,1,1,0,1,0,0,1,1,1,1,1,1,1,1,1,high
20.491,13.735,5,25,0,1,0,0,0,41,0,0,0,0,1,0,0,0,0,0,0,0,0,0,0,0,medium
8.093,8.096,2,16,0,0,0,0,0,33,0,0,0,0,1,0,0,0,0,0,0,0,0,0,0,0,medium
81.014,82.574,21,115,7,1,0,1,0,372,1,1,0,1,0,1,0,0,1,1,1,0,1,0,1,1,medium
78.215,71.187,11,44,2,1,0,0,0,369,1,1,0,1,1,0,1,1,0,1,1,0,0,1,0,1,critical
3.404,5.169,1,16,1,0,0,0,0,32,0,0,0,0,0,0,0,0,0,0,0,0,0,0,0,0,low
55.959,90.625,50,143,2,1,1,0,0,85,1,1,1,1,0,0,0,1,1,1,0,1,1,1,0,1,high
14.439,9.474,4,16,0,0,0,0,0,37,0,0,0,0,1,0,0,0,0,0,0,0,0,0,0,0,medium
28.498,6.210,1,29,0,0,0,0,1,20,0,0,0,0,1,0,0,0,0,0,0,0,0,0,0,0,low
24.538,15.446,5,5,0,0,0,0,1,91,0,0,0,0,1,0,0,0,0,0,0,0,0,0,0,0,medium
22.061,20.474,4,15,0,1,0,0,0,24,0,0,0,0,0,0,0,0,0,0,0,0,0,0,0,0,low
8.877,23.180,5,19,2,1,0,0,1,89,0,0,0,0,0,0,0,0,0,0,0,0,0,0,0,0,medium
23.898,28.031,1,11,2,1,0,0,0,85,0,0,0,0,1,0,0,0,0,0,0,0,0,0,0,0,medium
23.342,7.890,2,0,1,0,0,0,1,88,0,0,0,0,1,0,0,0,0,0,0,0,0,0,0,0,low
21.028,28.670,5,26,1,0,0,0,1,72,0,0,0,0,0,0,0,0,0,0,0,0,0,0,0,0,low
23.350,26.380,3,20,2,1,0,0,0,91,0,0,0,0,1,0,0,0,0,0,0,0,0,0,0,0,low
23.122,5.737,1,22,1,1,0,0,1,93,0,0,0,0,1,0,0,0,0,0,0,0,0,0,0,0,low
2.993,20.957,5,8,1,1,0,0,0,79,0,0,0,0,0,0,0,0,0,0,0,0,0,0,0,0,low
1.324,22.692,2,21,0,1,0,0,0,77,0,0,0,0,1,0,0,0,0,0,0,0,0,0,0,0,low
9.120,8.758,4,8,2,1,0,0,0,6,0,0,0,0,0,0,0,0,0,0,0,0,0,0,0,0,medium
97.706,61.768,24,64,10,1,1,1,0,236,1,1,0,1,0,1,0,0,1,1,0,1,0,0,1,1,critical
97.213,61.859,36,160,2,1,1,0,0,374,1,1,0,0,0,1,1,1,1,1,1,0,0,1,0,1,medium
25.054,15.539,2,26,0,0,0,0,1,59,0,0,0,0,1,0,0,0,0,0,0,0,0,0,0,0,medium
5.226,25.081,5,14,1,0,0,0,1,73,0,0,0,0,1,0,0,0,0,0,0,0,0,0,0,0,medium
8.333,0.030,2,19,0,1,0,0,0,72,0,0,0,0,0,0,0,0,0,0,0,0,0,0,0,0,low
11.436,24.209,2,11,2,1,0,0,0,33,0,0,0,0,0,0,0,0,0,0,0,0,0,0,0,0,medium
26.989,24.803,1,5,2,1,0,0,0,47,0,0,0,0,1,0,0,0,0,0,0,0,0,0,0,0,medium
66.499,60.464,30,91,3,1,1,1,0,402,1,1,0,1,1,0,1,1,1,1,1,1,1,1,0,1,high
10.363,12.424,5,11,1,1,0,0,0,96,0,0,0,0,1,0,0,0,0,0,0,0,0,0,0,0,medium
58.228,99.033,12,30,4,1,1,0,0,272,1,1,0,0,0,1,1,1,0,1,0,0,0,0,1,1,high
0.926,0.534,1,0,1,0,0,0,0,13,0,0,0,0,1,0,0,0,0,0,0,0,0,0,0,0,low
0.846,22.933,1,9,1,1,0,0,0,44,0,0,0,0,0,0,0,0,0,0,0,0,0,0,0,0,low
21.561,8.562,3,6,2,1,0,0,1,93,0,0,0,0,1,0,0,0,0,0,0,0,0,0,0,0,medium
21.822,16.155,2,16,0,1,0,0,0,41,0,0,0,0,0,0,0,0,0,0,0,0,0,0,0,0,low
7.867,11.780,2,29,1,1,0,0,1,58,0,0,0,0,1,0,0,0,0,0,0,0,0,0,0,0,low
55.603,84.130,49,77,4,1,1,0,0,271,1,1,0,0,1,0,1,0,1,1,0,1,0,0,0,1,critical
72.847,83.769,7,26,1,1,0,0,0,369,1,1,0,1,1,1,1,0,1,1,0,0,0,1,1,1,medium
25.314,28.165,2,16,1,0,0,0,1,41,0,0,0,0,0,0,0,0,0,0,0,0,0,0,0,0,medium
14.051,14.313,4,19,2,0,0,0,1,96,0,0,0,0,1,0,0,0,0,0,0,0,0,0,0,0,medium
51.506,99.260,7,85,4,1,0,1,0,386,1,1,1,0,0,1,0,1,0,1,0,0,1,0,0,1,high
26.095,3.011,4,21,1,0,0,0,1,68,0,0,0,0,0,0,0,0,0,0,0,0,0,0,0,0,medium
29.596,29.243,4,2,0,0,0,0,0,50,0,0,0,0,0,0,0,0,0,0,0,0,0,0,0,0,medium
9.990,7.247,5,13,1,0,0,0,0,42,0,0,0,0,0,0,0,0,0,0,0,0,0,0,0,0,medium
7.990,20.260,1,7,2,1,0,0,0,42,0,0,0,0,1,0,0,0,0,0,0,0,0,0,0,0,medium
29.554,23.702,4,0,0,0,0,0,1,39,0,0,0,0,1,0,0,0,0,0,0,0,0,0,0,0,low
10.646,18.538,2,20,0,1,0,0,0,60,0,0,0,0,0,0,0,0,0,0,0,0,0,0,0,0,low
17.277,22.232,4,3,0,0,0,0,0,15,0,0,0,0,0,0,0,0,0,0,0,0,0,0,0,0,medium
21.438,13.880,3,2,0,0,0,0,0,23,0,0,0,0,1,0,0,0,0,0,0,0,0,0,0,0,low
29.445,5.005,1,9,1,1,0,0,0,43,0,0,0,0,1,0,0,0,0,0,0,0,0,0,0,0,low
20.828,16.989,3,25,1,1,0,0,1,7,0,0,0,0,1,0,0,0,0,0,0,0,0,0,0,0,low
8.538,25.036,3,24,1,1,0,0,0,52,0,0,0,0,1,0,0,0,0,0,0,0,0,0,0,0,low
54.663,79.454,48,77,1,1,0,0,0,274,1,1,1,0,0,1,0,1,0,1,0,0,0,1,1,1,medium
13.434,9.999,4,7,0,0,0,0,1,49,0,0,0,0,1,0,0,0,0,0,0,0,0,0,0,0,low
19.339,17.076,4,0,0,1,0,0,0,11,0,0,0,0,0,0,0,0,0,0,0,0,0,0,0,0,medium
11.277,3.616,4,21,0,1,0,0,1,53,0,0,0,0,0,0,0,0,0,0,0,0,0,0,0,0,low
16.820,12.168,1,25,1,0,0,0,1,53,0,0,0,0,0,0,0,0,0,0,0,0,0,0,0,0,low
1.887,21.546,4,4,0,1,0,0,1,85,0,0,0,0,1,0,0,0,0,0,0,0,0,0,0,0,low
11.752,7.312,3,30,1,0,0,0,1,90,0,0,0,0,0,0,0,0,0,0,0,0,0,0,0,0,medium
8.802,7.824,1,3,1,1,0,0,1,26,0,0,0,0,0,0,0,0,0,0,0,0,0,0,0,0,low
29.944,0.634,1,26,1,1,0,0,0,34,0,0,0,0,0,0,0,0,0,0,0,0,0,0,0,0,low
90.504,94.921,22,122,3,1,0,1,0,280,1,1,1,1,0,1,1,0,0,1,0,1,1,1,0,1,high
16.223,5.692,3,3,1,1,0,0,0,39,0,0,0,0,0,0,0,0,0,0,0,0,0,0,0,0,low
95.310,99.166,26,188,8,1,0,0,0,467,1,1,0,0,0,1,0,0,0,1,1,1,1,1,1,1,high
6.923,23.670,3,3,1,1,0,0,1,85,0,0,0,0,1,0,0,0,0,0,0,0,0,0,0,0,low
16.721,1.408,4,28,0,1,0,0,0,38,0,0,0,0,0,0,0,0,0,0,0,0,0,0,0,0,medium
94.509,66.399,44,127,10,1,0,0,0,273,1,1,1,1,0,1,0,0,1,1,1,0,0,0,0,1,high
15.583,6.943,2,26,0,1,0,0,0,14,0,0,0,0,0,0,0,0,0,0,0,0,0,0,0,0,medium
29.033,5.958,2,15,2,1,0,0,1,25,0,0,0,0,0,0,0,0,0,0,0,0,0,0,0,0,medium
25.696,3.976,1,19,2,1,0,0,0,74,0,0,0,0,0,0,0,0,0,0,0,0,0,0,0,0,medium
29.814,25.662,4,18,0,0,0,0,0,52,0,0,0,0,0,0,0,0,0,0,0,0,0,0,0,0,low
80.833,69.545,48,100,3,1,0,1,0,222,1,1,1,0,1,1,1,0,1,1,0,1,0,0,1,1,critical
25.503,15.388,2,4,1,0,0,0,0,86,0,0,0,0,0,0,0,0,0,0,0,0,0,0,0,0,medium
13.002,16.853,4,11,1,1,0,0,1,21,0,0,0,0,0,0,0,0,0,0,0,0,0,0,0,0,medium
13.754,20.328,1,2,1,1,0,0,1,11,0,0,0,0,0,0,0,0,0,0,0,0,0,0,0,0,medium
26.205,17.090,1,29,1,0,0,0,1,89,0,0,0,0,1,0,0,0,0,0,0,0,0,0,0,0,medium
89.082,51.072,16,144,7,1,1,0,0,310,1,1,0,0,1,1,1,0,1,1,1,1,1,0,1,1,high
82.241,66.701,48,186,9,1,0,0,0,368,1,1,0,1,1,1,0,1,1,1,0,0,1,0,1,1,medium
26.054,19.957,1,4,1,0,0,0,0,19,0,0,0,0,1,0,0,0,0,0,0,0,0,0,0,0,low
4.979,6.721,3,23,2,1,0,0,1,90,0,0,0,0,0,0,0,0,0,0,0,0,0,0,0,0,medium
12.160,12.812,3,0,0,1,0,0,1,8,0,0,0,0,0,0,0,0,0,0,0,0,0,0,0,0,medium
5.731,18.561,1,30,1,0,0,0,1,87,0,0,0,0,0,0,0,0,0,0,0,0,0,0,0,0,low
59.759,94.357,15,83,6,1,0,0,0,481,1,1,0,0,1,1,0,0,0,1,0,1,0,1,0,1,medium
3.612,28.087,1,7,0,1,0,0,1,96,0,0,0,0,0,0,0,0,0,0,0,0,0,0,0,0,low
26.280,14.689,1,1,1,1,0,0,0,6,0,0,0,0,0,0,0,0,0,0,0,0,0,0,0,0,medium
23.540,27.244,2,17,0,1,0,0,1,81,0,0,0,0,1,0,0,0,0,0,0,0,0,0,0,0,medium
63.747,69.716,39,173,8,1,0,1,0,255,1,1,1,1,1,1,0,0,0,1,1,0,1,1,0,1,medium
75.229,90.225,12,22,9,1,0,0,0,278,1,1,1,1,1,0,1,1,1,1,0,0,1,0,0,1,medium
86.584,77.580,29,200,2,1,0,0,0,139,1,1,0,0,0,0,0,0,0,1,1,0,1,0,1,1,high
21.867,1.302,4,18,2,1,0,0,1,79,0,0,0,0,1,0,0,0,0,0,0,0,0,0,0,0,medium
94.206,77.596,33,107,3,1,1,0,0,203,1,1,0,1,1,1,1,1,1,1,1,0,0,1,1,1,medium
80.090,95.917,31,66,3,1,0,0,0,165,1,1,1,1,1,1,0,0,1,1,1,1,1,1,0,1,medium
55.968,81.666,28,166,9,1,1,1,0,235,1,1,1,0,1,0,1,0,0,1,1,1,1,0,1,1,critical
10.466,9.709,2,7,0,0,0,0,1,23,0,0,0,0,0,0,0,0,0,0,0,0,0,0,0,0,low
74.903,52.454,10,107,3,1,1,1,0,291,1,1,0,0,1,0,0,1,1,1,0,1,0,1,0,1,medium
11.041,9.316,3,29,1,0,0,0,1,33,0,0,0,0,1,0,0,0,0,0,0,0,0,0,0,0,medium
84.737,63.796,26,179,5,1,1,1,0,119,1,1,0,1,0,0,1,0,1,1,0,0,1,1,0,1,high
17.177,3.419,4,13,0,1,0,0,0,24,0,0,0,0,0,0,0,0,0,0,0,0,0,0,0,0,medium
15.625,25.142,2,25,1,0,0,0,0,5,0,0,0,0,1,0,0,0,0,0,0,0,0,0,0,0,medium
1.138,13.808,4,6,1,0,0,0,1,15,0,0,0,0,0,0,0,0,0,0,0,0,0,0,0,0,medium
21.765,27.015,5,16,0,1,0,0,0,16,0,0,0,0,1,0,0,0,0,0,0,0,0,0,0,0,medium
56.562,69.570,32,93,5,1,0,0,0,263,1,1,1,1,0,0,0,1,0,1,0,1,1,1,1,1,high
12.303,9.698,2,4,2,1,0,0,1,50,0,0,0,0,1,0,0,0,0,0,0,0,0,0,0,0,medium
57.556,64.141,49,54,7,1,1,0,0,221,1,1,1,0,1,1,0,1,0,1,1,0,0,1,1,1,critical
15.645,0.117,5,15,1,0,0,0,1,85,0,0,0,0,1,0,0,0,0,0,0,0,0,0,0,0,low
63.074,69.095,17,180,5,1,0,0,0,99,1,1,0,0,1,0,0,1,1,1,0,1,0,1,0,1,high
23.811,19.329,1,24,2,1,0,0,0,45,0,0,0,0,0,0,0,0,0,0,0,0,0,0,0,0,medium
51.360,79.654,15,52,4,1,0,0,0,233,1,1,1,0,0,0,1,1,0,1,1,0,1,1,0,1,high
95.128,85.669,35,78,10,1,1,0,0,172,1,1,1,0,0,0,0,0,0,1,1,1,0,0,0,1,critical
2.124,18.543,4,3,0,0,0,0,1,55,0,0,0,0,0,0,0,0,0,0,0,0,0,0,0,0,low
11.896,12.898,2,14,0,0,0,0,1,65,0,0,0,0,0,0,0,0,0,0,0,0,0,0,0,0,medium
2.882,22.479,1,21,1,0,0,0,1,17,0,0,0,0,1,0,0,0,0,0,0,0,0,0,0,0,medium
18.776,10.105,4,25,0,0,0,0,0,17,0,0,0,0,1,0,0,0,0,0,0,0,0,0,0,0,low
23.709,0.917,5,8,2,1,0,0,1,20,0,0,0,0,0,0,0,0,0,0,0,0,0,0,0,0,medium
15.581,28.615,3,10,1,0,0,0,0,34,0,0,0,0,0,0,0,0,0,0,0,0,0,0,0,0,medium
14.712,18.882,5,17,1,1,0,0,1,7,0,0,0,0,0,0,0,0,0,0,0,0,0,0,0,0,low
28.395,29.802,5,23,1,1,0,0,0,72,0,0,0,0,1,0,0,0,0,0,0,0,0,0,0,0,low
21.462,29.957,5,9,2,0,0,0,1,90,0,0,0,0,0,0,0,0,0,0,0,0,0,0,0,0,low
18.298,7.364,3,18,2,0,0,0,0,36,0,0,0,0,1,0,0,0,0,0,0,0,0,0,0,0,medium
9.530,5.500,1,10,1,1,0,0,1,12,0,0,0,0,0,0,0,0,0,0,0,0,0,0,0,0,low
83.200,54.574,47,34,6,1,1,1,0,31,1,1,0,1,0,0,1,1,0,1,0,0,1,1,0,1,medium
10.881,22.121,4,12,0,0,0,0,1,25,0,0,0,0,1,0,0,0,0,0,0,0,0,0,0,0,low
14.782,25.496,4,11,2,0,0,0,1,25,0,0,0,0,0,0,0,0,0,0,0,0,0,0,0,0,medium
1.800,17.803,5,7,1,1,0,0,1,81,0,0,0,0,0,0,0,0,0,0,0,0,0,0,0,0,low
64.893,76.565,12,120,10,1,1,0,0,352,1,1,1,1,0,1,1,1,0,1,1,0,0,1,1,1,critical
29.850,13.710,1,25,2,0,0,0,0,62,0,0,0,0,0,0,0,0,0,0,0,0,0,0,0,0,low
16.825,14.581,2,8,0,0,0,0,1,17,0,0,0,0,0,0,0,0,0,0,0,0,0,0,0,0,medium
87.417,76.177,9,57,1,1,1,1,0,365,1,1,0,1,0,0,1,0,0,1,0,1,1,0,1,1,medium
78.141,95.610,25,194,1,1,1,1,0,390,1,1,0,0,0,0,0,0,0,1,1,1,0,0,1,1,critical
6.292,11.492,3,18,1,0,0,0,0,8,0,0,0,0,1,0,0,0,0,0,0,0,0,0,0,0,low
9.088,8.774,2,2,1,1,0,0,0,69,0,0,0,0,1,0,0,0,0,0,0,0,0,0,0,0,low
8.499,19.422,5,0,1,0,0,0,0,67,0,0,0,0,0,0,0,0,0,0,0,0,0,0,0,0,low
4.335,12.963,4,0,0,1,0,0,0,23,0,0,0,0,0,0,0,0,0,0,0,0,0,0,0,0,medium
6.446,3.879,4,16,1,0,0,0,1,63,0,0,0,0,1,0,0,0,0,0,0,0,0,0,0,0,medium
52.762,77.074,30,33,10,1,1,0,0,452,1,1,1,0,1,0,0,1,0,1,1,0,0,1,0,1,critical
23.593,24.354,4,18,0,1,0,0,1,85,0,0,0,0,1,0,0,0,0,0,0,0,0,0,0,0,low
15.540,15.650,1,15,2,1,0,0,1,9,0,0,0,0,1,0,0,0,0,0,0,0,0,0,0,0,medium
5.426,22.681,5,4,2,1,0,0,1,20,0,0,0,0,0,0,0,0,0,0,0,0,0,0,0,0,low
93.609,57.568,6,48,10,1,0,1,0,317,1,1,1,0,0,1,0,0,0,1,0,0,1,1,0,1,high
67.011,62.383,12,42,7,1,1,0,0,467,1,1,0,1,1,0,1,1,0,1,0,1,1,1,1,1,medium
53.791,73.317,5,127,8,1,1,0,0,364,1,1,0,0,0,1,0,1,0,1,0,1,1,0,0,1,high
57.672,98.470,43,54,1,1,1,1,0,184,1,1,1,1,1,1,1,1,0,1,1,0,0,1,1,1,medium
56.936,55.293,8,130,8,1,1,0,0,229,1,1,1,0,1,0,0,0,1,1,0,1,0,0,1,1,critical
27.784,5.770,3,10,2,1,0,0,1,59,0,0,0,0,0,0,0,0,0,0,0,0,0,0,0,0,medium
62.941,83.155,17,60,5,1,0,0,0,168,1,1,0,0,0,0,0,0,1,1,1,0,1,0,0,1,medium
10.681,8.955,1,27,1,1,0,0,1,69,0,0,0,0,1,0,0,0,0,0,0,0,0,0,0,0,medium
89.884,74.727,14,55,5,1,0,1,0,232,1,1,0,1,1,1,1,1,0,1,0,1,0,1,1,1,medium
18.302,8.574,4,2,1,1,0,0,0,94,0,0,0,0,0,0,0,0,0,0,0,0,0,0,0,0,low
99.628,52.157,44,179,8,1,0,1,0,411,1,1,1,1,0,1,1,1,1,1,1,0,0,0,1,1,critical
13.574,8.058,5,10,2,0,0,0,1,73,0,0,0,0,0,0,0,0,0,0,0,0,0,0,0,0,low
8.128,5.752,3,5,0,1,0,0,1,51,0,0,0,0,1,0,0,0,0,0,0,0,0,0,0,0,medium
0.959,15.583,4,26,2,0,0,0,0,94,0,0,0,0,1,0,0,0,0,0,0,0,0,0,0,0,low
11.158,12.004,5,21,2,1,0,0,1,37,0,0,0,0,1,0,0,0,0,0,0,0,0,0,0,0,medium
99.448,60.781,38,200,5,1,0,0,0,122,1,1,1,0,1,1,0,0,1,1,1,0,1,0,1,1,high
10.023,6.697,3,17,2,0,0,0,1,44,0,0,0,0,1,0,0,0,0,0,0,0,0,0,0,0,medium
10.205,18.018,1,7,0,1,0,0,0,46,0,0,0,0,1,0,0,0,0,0,0,0,0,0,0,0,low
79.227,84.268,8,185,6,1,1,0,0,169,1,1,1,1,1,0,1,0,0,1,0,0,1,1,0,1,medium
19.298,17.965,5,17,1,1,0,0,0,47,0,0,0,0,0,0,0,0,0,0,0,0,0,0,0,0,low
25.175,6.636,2,7,0,1,0,0,0,28,0,0,0,0,1,0,0,0,0,0,0,0,0,0,0,0,low
25.251,7.303,2,25,1,0,0,0,0,41,0,0,0,0,1,0,0,0,0,0,0,0,0,0,0,0,medium
8.822,26.052,4,29,0,0,0,0,0,68,0,0,0,0,0,0,0,0,0,0,0,0,0,0,0,0,low
28.118,4.925,5,5,2,1,0,0,0,92,0,0,0,0,1,0,0,0,0,0,0,0,0,0,0,0,medium
67.465,76.802,20,145,3,1,0,0,0,415,1,1,1,1,0,1,1,1,1,1,0,1,0,0,0,1,high
6.624,8.618,3,0,1,1,0,0,1,67,0,0,0,0,0,0,0,0,0,0,0,0,0,0,0,0,medium
26.951,20.687,1,3,0,0,0,0,0,79,0,0,0,0,1,0,0,0,0,0,0,0,0,0,0,0,medium
6.265,21.164,2,22,1,1,0,0,1,10,0,0,0,0,1,0,0,0,0,0,0,0,0,0,0,0,low
57.437,52.903,11,11,8,1,0,0,0,375,1,1,1,0,1,0,0,0,1,1,0,0,1,0,1,1,critical
15.988,19.309,3,28,2,0,0,0,1,30,0,0,0,0,0,0,0,0,0,0,0,0,0,0,0,0,low
66.028,76.559,47,71,7,1,0,1,0,91,1,1,0,1,1,0,1,1,0,1,1,0,1,1,0,1,critical
21.760,23.028,1,22,2,0,0,0,0,82,0,0,0,0,1,0,0,0,0,0,0,0,0,0,0,0,low
85.746,56.930,24,145,3,1,1,0,0,486,1,1,0,0,0,0,0,0,1,1,0,1,0,0,0,1,high
29.921,21.607,3,29,1,1,0,0,0,21,0,0,0,0,1,0,0,0,0,0,0,0,0,0,0,0,medium
14.004,20.800,5,0,1,0,0,0,0,66,0,0,0,0,0,0,0,0,0,0,0,0,0,0,0,0,medium
23.135,7.077,1,20,1,0,0,0,1,7,0,0,0,0,1,0,0,0,0,0,0,0,0,0,0,0,medium
23.553,1.089,5,29,2,1,0,0,0,15,0,0,0,0,1,0,0,0,0,0,0,0,0,0,0,0,medium
4.060,7.426,1,6,2,1,0,0,1,52,0,0,0,0,0,0,0,0,0,0,0,0,0,0,0,0,low
68.665,90.763,8,21,10,1,1,1,0,459,1,1,0,1,0,0,0,1,1,1,0,0,0,0,0,1,high
65.486,80.285,16,91,3,1,1,0,0,217,1,1,0,0,0,0,0,0,0,1,1,1,1,0,1,1,critical
22.243,9.678,4,15,2,0,0,0,0,44,0,0,0,0,1,0,0,0,0,0,0,0,0,0,0,0,low
2.244,26.609,2,11,1,1,0,0,1,57,0,0,0,0,1,0,0,0,0,0,0,0,0,0,0,0,medium
4.444,9.221,1,23,0,0,0,0,0,81,0,0,0,0,1,0,0,0,0,0,0,0,0,0,0,0,medium
96.610,94.269,5,73,10,1,1,1,0,262,1,1,1,1,1,1,1,0,0,1,1,0,0,0,0,1,high
16.060,17.902,5,19,0,0,0,0,1,77,0,0,0,0,0,0,0,0,0,0,0,0,0,0,0,0,low
12.995,28.685,3,17,2,1,0,0,1,30,0,0,0,0,1,0,0,0,0,0,0,0,0,0,0,0,low
81.591,84.728,47,24,7,1,0,0,0,463,1,1,0,0,0,1,1,0,0,1,0,0,1,1,1,1,medium
74.061,67.984,19,166,10,1,1,1,0,115,1,1,1,1,1,1,1,1,1,1,1,0,1,0,1,1,high
29.889,29.825,3,28,2,0,0,0,0,6,0,0,0,0,1,0,0,0,0,0,0,0,0,0,0,0,low
21.087,0.626,1,1,0,1,0,0,1,77,0,0,0,0,1,0,0,0,0,0,0,0,0,0,0,0,low
2.043,0.022,5,29,1,0,0,0,0,95,0,0,0,0,1,0,0,0,0,0,0,0,0,0,0,0,low
74.942,50.483,36,100,1,1,0,0,0,364,1,1,1,0,0,1,0,0,1,1,1,1,0,0,0,1,high
13.271,14.342,1,23,1,0,0,0,0,18,0,0,0,0,0,0,0,0,0,0,0,0,0,0,0,0,low
5.229,13.878,5,12,0,1,0,0,1,84,0,0,0,0,1,0,0,0,0,0,0,0,0,0,0,0,low
20.513,14.862,4,2,2,1,0,0,1,75,0,0,0,0,0,0,0,0,0,0,0,0,0,0,0,0,medium
5.770,29.311,5,23,0,0,0,0,1,80,0,0,0,0,1,0,0,0,0,0,0,0,0,0,0,0,low
85.786,65.673,29,40,4,1,1,0,0,337,1,1,0,0,1,1,0,1,0,1,1,1,1,1,0,1,high
24.283,11.711,1,27,2,0,0,0,0,35,0,0,0,0,1,0,0,0,0,0,0,0,0,0,0,0,low
13.617,17.593,3,17,0,1,0,0,1,12,0,0,0,0,1,0,0,0,0,0,0,0,0,0,0,0,medium
9.169,26.155,2,25,2,1,0,0,0,87,0,0,0,0,0,0,0,0,0,0,0,0,0,0,0,0,medium
3.906,11.729,2,0,0,0,0,0,1,73,0,0,0,0,1,0,0,0,0,0,0,0,0,0,0,0,medium
65.535,96.578,46,18,1,1,1,1,0,185,1,1,0,0,1,1,1,0,1,1,1,0,0,1,1,1,high
13.294,13.367,1,8,0,0,0,0,1,35,0,0,0,0,1,0,0,0,0,0,0,0,0,0,0,0,low
65.959,55.654,45,54,5,1,1,1,0,417,1,1,1,0,0,0,0,0,0,1,0,1,1,1,1,1,high
79.300,89.454,18,190,4,1,1,0,0,191,1,1,1,1,0,1,1,0,0,1,0,1,0,0,1,1,critical
18.639,18.868,3,21,2,0,0,0,0,18,0,0,0,0,1,0,0,0,0,0,0,0,0,0,0,0,medium
8.626,20.763,4,1,2,1,0,0,0,37,0,0,0,0,1,0,0,0,0,0,0,0,0,0,0,0,medium
20.898,9.102,2,29,1,1,0,0,1,94,0,0,0,0,1,0,0,0,0,0,0,0,0,0,0,0,medium
21.902,27.511,4,24,1,0,0,0,0,77,0,0,0,0,1,0,0,0,0,0,0,0,0,0,0,0,medium
14.204,14.546,2,28,1,0,0,0,0,23,0,0,0,0,1,0,0,0,0,0,0,0,0,0,0,0,medium
73.879,84.045,26,117,2,1,1,1,0,20,1,1,1,1,0,0,0,0,1,1,1,0,0,0,1,1,medium
15.295,2.426,2,6,1,1,0,0,0,17,0,0,0,0,0,0,0,0,0,0,0,0,0,0,0,0,medium
2.513,2.397,5,13,1,1,0,0,1,51,0,0,0,0,1,0,0,0,0,0,0,0,0,0,0,0,medium
0.256,22.831,3,24,1,1,0,0,0,34,0,0,0,0,1,0,0,0,0,0,0,0,0,0,0,0,medium
82.007,57.265,15,183,6,1,0,0,0,122,1,1,0,0,0,1,1,1,0,1,0,0,0,0,0,1,critical
50.673,96.611,12,123,1,1,1,0,0,385,1,1,0,0,0,1,1,0,1,1,0,1,0,1,1,1,critical
24.278,6.309,5,9,0,1,0,0,0,86,0,0,0,0,0,0,0,0,0,0,0,0,0,0,0,0,medium
53.350,52.118,42,36,9,1,1,1,0,282,1,1,0,1,1,0,0,1,0,1,1,0,0,1,0,1,medium
27.507,11.198,2,30,2,1,0,0,0,46,0,0,0,0,1,0,0,0,0,0,0,0,0,0,0,0,medium
90.371,74.636,48,192,4,1,1,0,0,317,1,1,0,1,0,0,1,1,0,1,1,1,0,0,1,1,medium
25.066,25.896,3,21,0,1,0,0,1,33,0,0,0,0,1,0,0,0,0,0,0,0,0,0,0,0,medium
9.759,6.828,1,3,0,0,0,0,0,94,0,0,0,0,1,0,0,0,0,0,0,0,0,0,0,0,medium
9.893,11.524,3,5,0,0,0,0,0,12,0,0,0,0,0,0,0,0,0,0,0,0,0,0,0,0,low
28.494,27.721,2,11,0,0,0,0,1,25,0,0,0,0,0,0,0,0,0,0,0,0,0,0,0,0,medium
52.925,68.376,46,178,6,1,0,1,0,240,1,1,1,1,0,0,1,1,0,1,0,0,0,1,0,1,critical
1.927,11.598,4,19,2,0,0,0,1,28,0,0,0,0,1,0,0,0,0,0,0,0,0,0,0,0,low
80.635,92.232,18,193,5,1,1,0,0,372,1,1,0,0,1,1,1,1,0,1,0,0,1,0,1,1,medium
93.937,74.590,20,178,1,1,1,0,0,44,1,1,1,0,1,1,1,1,1,1,0,1,1,1,1,1,high
50.751,53.176,9,73,5,1,0,0,0,164,1,1,0,1,1,0,1,0,1,1,0,0,0,1,0,1,critical
17.585,9.533,4,21,2,1,0,0,1,19,0,0,0,0,0,0,0,0,0,0,0,0,0,0,0,0,low
0.080,1.320,2,4,2,0,0,0,0,71,0,0,0,0,0,0,0,0,0,0,0,0,0,0,0,0,low
52.143,52.828,5,176,2,1,1,0,0,191,1,1,0,0,0,1,0,0,1,1,1,0,1,0,1,1,critical
15.244,2.675,5,9,0,0,0,0,1,36,0,0,0,0,0,0,0,0,0,0,0,0,0,0,0,0,low
17.777,26.470,5,27,2,1,0,0,1,9,0,0,0,0,0,0,0,0,0,0,0,0,0,0,0,0,low
24.700,10.563,2,17,1,0,0,0,1,77,0,0,0,0,1,0,0,0,0,0,0,0,0,0,0,0,medium
98.964,62.258,10,125,3,1,1,0,0,164,1,1,1,0,1,1,0,1,0,1,0,1,1,0,1,1,high
17.516,9.948,2,27,1,0,0,0,1,17,0,0,0,0,1,0,0,0,0,0,0,0,0,0,0,0,medium
98.260,50.769,45,45,6,1,0,1,0,79,1,1,0,1,1,0,0,1,1,1,1,1,1,0,1,1,critical
20.574,28.540,4,11,2,1,0,0,0,28,0,0,0,0,1,0,0,0,0,0,0,0,0,0,0,0,medium
4.192,8.345,3,14,2,1,0,0,0,100,0,0,0,0,0,0,0,0,0,0,0,0,0,0,0,0,low
51.310,83.177,27,131,1,1,1,1,0,461,1,1,0,0,0,0,1,0,0,1,0,0,0,1,1,1,high
61.045,96.303,44,57,7,1,1,0,0,223,1,1,0,1,0,1,1,1,0,1,1,1,1,0,1,1,high
13.257,4.582,2,2,2,0,0,0,1,42,0,0,0,0,1,0,0,0,0,0,0,0,0,0,0,0,medium
13.120,20.350,2,9,0,1,0,0,1,28,0,0,0,0,1,0,0,0,0,0,0,0,0,0,0,0,low
62.542,88.167,22,128,10,1,0,1,0,289,1,1,1,1,0,1,1,1,1,1,0,1,1,0,0,1,medium
99.936,81.483,5,140,7,1,1,1,0,28,1,1,1,1,1,1,1,0,0,1,1,1,0,1,1,1,high
29.647,11.493,4,21,1,0,0,0,0,85,0,0,0,0,1,0,0,0,0,0,0,0,0,0,0,0,low
15.941,1.958,2,29,1,0,0,0,0,46,0,0,0,0,0,0,0,0,0,0,0,0,0,0,0,0,medium
73.950,58.959,8,103,1,1,1,1,0,56,1,1,1,0,1,0,0,0,0,1,1,0,0,0,0,1,high
23.677,2.626,1,9,1,1,0,0,1,88,0,0,0,0,0,0,0,0,0,0,0,0,0,0,0,0,medium
7.527,0.660,4,20,1,0,0,0,0,34,0,0,0,0,1,0,0,0,0,0,0,0,0,0,0,0,low
28.719,24.362,1,2,0,1,0,0,1,22,0,0,0,0,0,0,0,0,0,0,0,0,0,0,0,0,low
1.083,3.317,1,15,2,0,0,0,0,91,0,0,0,0,1,0,0,0,0,0,0,0,0,0,0,0,medium
2.703,26.351,5,10,2,1,0,0,0,51,0,0,0,0,0,0,0,0,0,0,0,0,0,0,0,0,medium
23.776,1.560,4,7,2,1,0,0,0,61,0,0,0,0,0,0,0,0,0,0,0,0,0,0,0,0,medium
4.543,18.425,3,2,2,1,0,0,0,80,0,0,0,0,1,0,0,0,0,0,0,0,0,0,0,0,low
16.240,3.648,3,16,2,1,0,0,0,19,0,0,0,0,0,0,0,0,0,0,0,0,0,0,0,0,medium
12.698,0.535,5,17,0,1,0,0,1,86,0,0,0,0,1,0,0,0,0,0,0,0,0,0,0,0,medium
7.710,5.699,2,26,0,0,0,0,1,76,0,0,0,0,0,0,0,0,0,0,0,0,0,0,0,0,medium
81.710,99.723,41,70,9,1,0,1,0,328,1,1,0,1,0,0,1,0,1,1,0,0,0,1,0,1,high
19.899,4.228,1,4,1,0,0,0,1,32,0,0,0,0,1,0,0,0,0,0,0,0,0,0,0,0,medium
22.058,6.176,4,17,0,0,0,0,1,39,0,0,0,0,1,0,0,0,0,0,0,0,0,0,0,0,low
11.588,13.301,2,7,0,0,0,0,1,6,0,0,0,0,1,0,0,0,0,0,0,0,0,0,0,0,low
18.246,12.673,4,29,1,1,0,0,0,83,0,0,0,0,1,0,0,0,0,0,0,0,0,0,0,0,medium
84.261,88.086,14,86,8,1,1,0,0,84,1,1,0,0,1,0,1,0,0,1,0,1,0,1,1,1,medium
64.612,77.000,6,145,10,1,1,1,0,241,1,1,0,1,1,0,0,0,0,1,0,0,1,0,1,1,high
15.064,28.891,5,27,1,1,0,0,1,29,0,0,0,0,0,0,0,0,0,0,0,0,0,0,0,0,medium
10.245,8.081,1,0,2,1,0,0,0,30,0,0,0,0,0,0,0,0,0,0,0,0,0,0,0,0,medium
9.448,7.510,1,14,0,1,0,0,1,18,0,0,0,0,0,0,0,0,0,0,0,0,0,0,0,0,low
2.228,15.643,5,28,2,1,0,0,0,21,0,0,0,0,1,0,0,0,0,0,0,0,0,0,0,0,medium
8.289,27.901,3,29,2,1,0,0,1,43,0,0,0,0,1,0,0,0,0,0,0,0,0,0,0,0,medium
82.184,73.632,48,69,8,1,0,1,0,154,1,1,1,0,0,0,1,0,0,1,0,1,0,1,0,1,high
85.204,57.863,28,109,10,1,1,1,0,190,1,1,1,1,0,1,0,0,0,1,1,1,0,0,1,1,high
14.204,25.786,4,3,1,1,0,0,0,89,0,0,0,0,1,0,0,0,0,0,0,0,0,0,0,0,low
58.389,72.367,18,12,9,1,1,0,0,245,1,1,1,0,0,0,1,0,1,1,0,1,0,1,1,1,high
12.515,6.675,3,10,2,1,0,0,0,69,0,0,0,0,0,0,0,0,0,0,0,0,0,0,0,0,low
19.644,11.878,1,4,2,0,0,0,0,41,0,0,0,0,0,0,0,0,0,0,0,0,0,0,0,0,medium
10.589,18.306,1,3,0,1,0,0,0,23,0,0,0,0,1,0,0,0,0,0,0,0,0,0,0,0,low
2.830,17.672,3,1,2,1,0,0,1,93,0,0,0,0,1,0,0,0,0,0,0,0,0,0,0,0,medium
67.298,95.213,47,198,6,1,0,0,0,98,1,1,1,0,0,0,0,1,0,1,1,1,0,0,0,1,high
20.815,4.052,2,18,2,0,0,0,0,79,0,0,0,0,0,0,0,0,0,0,0,0,0,0,0,0,medium
1.447,24.477,3,8,2,1,0,0,0,81,0,0,0,0,1,0,0,0,0,0,0,0,0,0,0,0,medium
8.958,12.023,1,23,0,0,0,0,0,63,0,0,0,0,1,0,0,0,0,0,0,0,0,0,0,0,medium
13.157,11.694,4,12,2,0,0,0,1,63,0,0,0,0,1,0,0,0,0,0,0,0,0,0,0,0,low
4.332,15.531,2,25,0,1,0,0,1,22,0,0,0,0,0,0,0,0,0,0,0,0,0,0,0,0,medium
78.584,92.019,16,108,4,1,0,1,0,314,1,1,1,1,1,1,0,1,1,1,1,0,1,0,1,1,critical
0.931,2.371,1,29,0,0,0,0,0,90,0,0,0,0,0,0,0,0,0,0,0,0,0,0,0,0,medium
89.933,52.909,39,76,7,1,0,1,0,202,1,1,1,1,0,0,0,1,0,1,1,1,1,0,0,1,high
17.897,16.865,4,3,0,0,0,0,0,98,0,0,0,0,1,0,0,0,0,0,0,0,0,0,0,0,low
15.595,24.182,5,20,1,0,0,0,0,55,0,0,0,0,0,0,0,0,0,0,0,0,0,0,0,0,medium
7.324,15.464,1,3,1,0,0,0,0,24,0,0,0,0,1,0,0,0,0,0,0,0,0,0,0,0,medium
13.271,24.253,3,12,1,0,0,0,0,55,0,0,0,0,1,0,0,0,0,0,0,0,0,0,0,0,medium
17.406,7.080,2,24,1,1,0,0,0,41,0,0,0,0,0,0,0,0,0,0,0,0,0,0,0,0,medium
88.342,78.114,18,141,6,1,1,0,0,367,1,1,1,0,1,0,0,1,0,1,1,1,1,0,0,1,medium
26.694,2.522,3,2,1,0,0,0,1,67,0,0,0,0,1,0,0,0,0,0,0,0,0,0,0,0,medium
8.078,19.845,3,30,0,1,0,0,1,28,0,0,0,0,1,0,0,0,0,0,0,0,0,0,0,0,medium
29.333,8.392,5,28,1,0,0,0,0,9,0,0,0,0,0,0,0,0,0,0,0,0,0,0,0,0,low
3.720,25.982,5,18,0,0,0,0,1,76,0,0,0,0,1,0,0,0,0,0,0,0,0,0,0,0,low
68.355,55.017,24,99,3,1,0,0,0,177,1,1,1,0,0,0,1,1,1,1,1,0,0,1,1,1,medium
14.554,3.837,5,23,2,1,0,0,1,23,0,0,0,0,1,0,0,0,0,0,0,0,0,0,0,0,medium
66.036,97.341,16,49,1,1,1,0,0,394,1,1,1,1,1,0,1,1,1,1,0,1,0,1,0,1,high
0.175,16.212,5,30,1,1,0,0,1,95,0,0,0,0,1,0,0,0,0,0,0,0,0,0,0,0,low
1.527,26.954,1,7,1,1,0,0,1,81,0,0,0,0,0,0,0,0,0,0,0,0,0,0,0,0,medium
54.293,84.784,44,15,8,1,0,1,0,313,1,1,0,1,0,0,0,1,1,1,0,1,1,0,0,1,critical
59.320,57.725,31,195,5,1,0,0,0,63,1,1,0,0,1,0,1,0,1,1,0,1,1,1,1,1,medium
20.612,10.737,2,22,1,0,0,0,1,65,0,0,0,0,1,0,0,0,0,0,0,0,0,0,0,0,low
21.178,16.489,4,10,1,0,0,0,0,99,0,0,0,0,1,0,0,0,0,0,0,0,0,0,0,0,medium
58.623,60.571,42,44,3,1,0,1,0,445,1,1,1,0,1,1,0,1,1,1,1,1,1,1,0,1,medium
3.399,27.207,3,15,0,1,0,0,1,6,0,0,0,0,1,0,0,0,0,0,0,0,0,0,0,0,medium
18.433,20.893,5,10,2,1,0,0,1,30,0,0,0,0,0,0,0,0,0,0,0,0,0,0,0,0,medium
20.246,21.333,4,14,2,0,0,0,0,30,0,0,0,0,1,0,0,0,0,0,0,0,0,0,0,0,low
11.373,10.827,3,5,0,0,0,0,0,26,0,0,0,0,1,0,0,0,0,0,0,0,0,0,0,0,low
10.558,27.231,3,0,2,1,0,0,1,56,0,0,0,0,0,0,0,0,0,0,0,0,0,0,0,0,low
8.431,24.775,4,29,0,0,0,0,1,75,0,0,0,0,0,0,0,0,0,0,0,0,0,0,0,0,medium
23.533,19.095,4,17,0,1,0,0,1,34,0,0,0,0,0,0,0,0,0,0,0,0,0,0,0,0,medium
18.115,3.610,3,9,1,0,0,0,1,74,0,0,0,0,0,0,0,0,0,0,0,0,0,0,0,0,low
7.792,5.598,3,29,0,1,0,0,1,26,0,0,0,0,1,0,0,0,0,0,0,0,0,0,0,0,low
11.809,7.428,1,4,2,0,0,0,0,52,0,0,0,0,0,0,0,0,0,0,0,0,0,0,0,0,low
25.475,24.147,5,23,0,0,0,0,0,66,0,0,0,0,0,0,0,0,0,0,0,0,0,0,0,0,low
5.038,28.239,1,15,2,0,0,0,1,69,0,0,0,0,1,0,0,0,0,0,0,0,0,0,0,0,medium
24.760,4.727,3,6,0,0,0,0,1,100,0,0,0,0,1,0,0,0,0,0,0,0,0,0,0,0,low
21.196,26.166,5,4,1,1,0,0,1,93,0,0,0,0,0,0,0,0,0,0,0,0,0,0,0,0,low
16.380,12.045,2,14,2,0,0,0,0,60,0,0,0,0,0,0,0,0,0,0,0,0,0,0,0,0,low
77.224,55.008,47,118,2,1,0,0,0,494,1,1,1,0,1,1,1,1,0,1,1,0,1,1,1,1,medium
96.482,91.779,39,116,1,1,0,1,0,453,1,1,0,1,1,1,1,1,0,1,0,1,1,1,0,1,high
20.626,4.417,3,16,1,0,0,0,1,61,0,0,0,0,0,0,0,0,0,0,0,0,0,0,0,0,medium
10.863,22.297,4,7,2,1,0,0,1,69,0,0,0,0,1,0,0,0,0,0,0,0,0,0,0,0,medium
66.854,99.300,26,190,7,1,1,0,0,117,1,1,0,1,0,1,1,1,1,1,1,0,0,0,0,1,critical
11.998,15.332,3,27,0,0,0,0,0,94,0,0,0,0,1,0,0,0,0,0,0,0,0,0,0,0,medium
22.001,28.294,1,16,0,0,0,0,1,77,0,0,0,0,1,0,0,0,0,0,0,0,0,0,0,0,low
82.307,83.701,43,12,5,1,0,1,0,210,1,1,0,1,0,0,0,0,1,1,1,1,0,1,0,1,medium
26.996,24.387,3,16,1,0,0,0,0,24,0,0,0,0,1,0,0,0,0,0,0,0,0,0,0,0,low
8.983,16.769,4,15,1,1,0,0,1,10,0,0,0,0,1,0,0,0,0,0,0,0,0,0,0,0,medium
5.659,5.774,5,27,2,1,0,0,1,37,0,0,0,0,1,0,0,0,0,0,0,0,0,0,0,0,medium
68.533,74.031,11,102,1,1,0,0,0,374,1,1,0,0,1,0,1,0,0,1,0,0,0,1,1,1,critical
53.313,97.511,32,172,1,1,1,1,0,117,1,1,1,1,1,0,0,1,0,1,0,1,1,1,0,1,medium
7.842,26.899,2,10,2,0,0,0,1,81,0,0,0,0,1,0,0,0,0,0,0,0,0,0,0,0,low
1.576,26.983,3,15,2,1,0,0,1,84,0,0,0,0,0,0,0,0,0,0,0,0,0,0,0,0,medium
88.750,77.524,42,39,2,1,1,1,0,338,1,1,0,0,1,0,1,1,1,1,0,1,0,0,0,1,high
11.139,16.029,5,9,0,1,0,0,0,66,0,0,0,0,1,0,0,0,0,0,0,0,0,0,0,0,medium
78.792,82.169,7,47,4,1,1,0,0,330,1,1,0,1,1,0,0,1,0,1,0,0,0,0,0,1,critical
16.751,20.336,3,27,2,0,0,0,0,48,0,0,0,0,1,0,0,0,0,0,0,0,0,0,0,0,low
16.458,29.094,2,6,0,0,0,0,0,8,0,0,0,0,0,0,0,0,0,0,0,0,0,0,0,0,medium
16.991,26.970,2,17,2,1,0,0,0,71,0,0,0,0,0,0,0,0,0,0,0,0,0,0,0,0,low
7.869,18.103,4,26,2,0,0,0,1,62,0,0,0,0,0,0,0,0,0,0,0,0,0,0,0,0,low
6.510,12.721,3,21,1,1,0,0,0,98,0,0,0,0,1,0,0,0,0,0,0,0,0,0,0,0,low
5.608,15.978,5,15,0,0,0,0,1,94,0,0,0,0,0,0,0,0,0,0,0,0,0,0,0,0,medium
21.403,28.509,1,7,1,0,0,0,0,31,0,0,0,0,1,0,0,0,0,0,0,0,0,0,0,0,low
61.916,98.103,18,93,8,1,0,1,0,161,1,1,1,1,1,0,1,1,1,1,0,1,0,1,0,1,critical
77.703,71.058,27,186,4,1,0,1,0,439,1,1,1,1,1,0,1,0,0,1,1,1,1,1,0,1,critical
14.840,11.697,3,0,2,0,0,0,0,79,0,0,0,0,0,0,0,0,0,0,0,0,0,0,0,0,low
0.402,24.549,4,27,2,0,0,0,0,57,0,0,0,0,1,0,0,0,0,0,0,0,0,0,0,0,medium
22.881,7.929,1,22,2,0,0,0,0,31,0,0,0,0,1,0,0,0,0,0,0,0,0,0,0,0,medium
63.909,51.543,6,122,7,1,0,1,0,255,1,1,0,1,1,1,1,1,1,1,1,1,0,0,1,1,critical
7.658,9.244,3,29,0,1,0,0,0,79,0,0,0,0,0,0,0,0,0,0,0,0,0,0,0,0,medium
8.425,6.138,5,6,1,1,0,0,0,14,0,0,0,0,1,0,0,0,0,0,0,0,0,0,0,0,medium
17.903,18.124,2,18,2,1,0,0,1,64,0,0,0,0,0,0,0,0,0,0,0,0,0,0,0,0,medium
19.738,19.156,1,16,0,0,0,0,1,82,0,0,0,0,1,0,0,0,0,0,0,0,0,0,0,0,low
75.073,78.065,38,157,4,1,1,0,0,329,1,1,1,1,1,0,0,1,1,1,1,1,1,0,0,1,medium
56.220,69.301,31,131,1,1,1,0,0,76,1,1,0,1,0,0,1,0,0,1,0,1,1,1,0,1,medium
50.081,67.604,39,101,8,1,0,1,0,219,1,1,1,1,0,0,1,1,1,1,1,1,0,0,1,1,medium
29.454,19.267,1,19,0,0,0,0,0,25,0,0,0,0,0,0,0,0,0,0,0,0,0,0,0,0,low
4.957,8.131,5,11,2,0,0,0,1,33,0,0,0,0,1,0,0,0,0,0,0,0,0,0,0,0,medium
14.674,20.620,2,27,0,1,0,0,0,99,0,0,0,0,1,0,0,0,0,0,0,0,0,0,0,0,medium
28.540,24.610,1,24,2,0,0,0,0,37,0,0,0,0,1,0,0,0,0,0,0,0,0,0,0,0,low
27.423,16.565,5,27,2,1,0,0,0,7,0,0,0,0,0,0,0,0,0,0,0,0,0,0,0,0,low
69.645,99.468,27,190,7,1,0,1,0,437,1,1,1,1,1,0,1,0,1,1,1,0,1,1,1,1,high
19.835,1.882,1,10,2,1,0,0,0,58,0,0,0,0,1,0,0,0,0,0,0,0,0,0,0,0,medium
12.188,18.320,3,18,0,1,0,0,1,21,0,0,0,0,1,0,0,0,0,0,0,0,0,0,0,0,low
0.325,12.546,3,5,1,1,0,0,1,17,0,0,0,0,0,0,0,0,0,0,0,0,0,0,0,0,medium
22.730,3.018,5,16,0,0,0,0,1,29,0,0,0,0,1,0,0,0,0,0,0,0,0,0,0,0,low
13.640,22.387,4,7,0,1,0,0,0,67,0,0,0,0,0,0,0,0,0,0,0,0,0,0,0,0,low
12.054,26.455,2,2,1,1,0,0,0,32,0,0,0,0,0,0,0,0,0,0,0,0,0,0,0,0,low
12.809,9.237,2,23,0,1,0,0,0,41,0,0,0,0,0,0,0,0,0,0,0,0,0,0,0,0,low
51.387,80.699,49,177,5,1,0,0,0,98,1,1,1,0,0,0,1,0,1,1,1,1,1,0,0,1,critical
9.417,16.474,3,5,0,0,0,0,1,10,0,0,0,0,1,0,0,0,0,0,0,0,0,0,0,0,low
2.074,13.087,2,10,2,1,0,0,0,92,0,0,0,0,0,0,0,0,0,0,0,0,0,0,0,0,low
58.720,55.936,13,146,7,1,1,0,0,203,1,1,0,0,1,1,0,0,1,1,0,1,1,1,0,1,medium
20.355,9.635,5,11,1,0,0,0,0,27,0,0,0,0,0,0,0,0,0,0,0,0,0,0,0,0,medium
88.202,67.350,34,33,2,1,1,0,0,416,1,1,0,0,1,0,1,0,1,1,1,0,1,0,1,1,high
52.598,73.296,34,175,5,1,1,1,0,471,1,1,1,1,0,0,0,1,1,1,0,1,0,0,1,1,medium
7.980,12.225,2,9,0,1,0,0,0,88,0,0,0,0,1,0,0,0,0,0,0,0,0,0,0,0,medium
29.600,16.982,5,6,2,0,0,0,1,64,0,0,0,0,0,0,0,0,0,0,0,0,0,0,0,0,low
27.434,23.370,1,19,1,0,0,0,1,42,0,0,0,0,0,0,0,0,0,0,0,0,0,0,0,0,medium
74.195,84.990,26,172,8,1,1,0,0,22,1,1,1,0,0,0,0,1,0,1,0,1,0,1,1,1,high
65.038,76.017,46,99,4,1,1,0,0,152,1,1,1,1,1,0,0,1,1,1,0,0,1,1,0,1,medium
0.126,6.367,5,2,1,0,0,0,1,82,0,0,0,0,1,0,0,0,0,0,0,0,0,0,0,0,medium
8.984,13.053,1,10,2,0,0,0,1,37,0,0,0,0,0,0,0,0,0,0,0,0,0,0,0,0,medium
16.012,18.858,3,1,0,0,0,0,0,64,0,0,0,0,0,0,0,0,0,0,0,0,0,0,0,0,medium
28.871,19.829,1,19,1,0,0,0,0,51,0,0,0,0,0,0,0,0,0,0,0,0,0,0,0,0,low
61.744,74.420,6,54,6,1,0,1,0,461,1,1,0,1,0,0,0,1,1,1,1,0,1,0,1,1,critical
97.700,98.123,15,49,2,1,0,1,0,333,1,1,1,0,0,0,1,1,1,1,1,0,1,0,1,1,high
20.739,24.919,4,30,1,0,0,0,0,57,0,0,0,0,1,0,0,0,0,0,0,0,0,0,0,0,medium
24.781,25.313,3,7,2,0,0,0,0,79,0,0,0,0,0,0,0,0,0,0,0,0,0,0,0,0,medium
11.339,13.124,5,5,2,0,0,0,1,61,0,0,0,0,1,0,0,0,0,0,0,0,0,0,0,0,medium
6.389,22.083,1,18,0,0,0,0,0,31,0,0,0,0,1,0,0,0,0,0,0,0,0,0,0,0,medium
1.690,23.114,1,29,2,1,0,0,1,47,0,0,0,0,0,0,0,0,0,0,0,0,0,0,0,0,low
8.816,2.237,2,30,1,0,0,0,0,48,0,0,0,0,0,0,0,0,0,0,0,0,0,0,0,0,medium
9.786,19.356,2,21,1,1,0,0,1,46,0,0,0,0,1,0,0,0,0,0,0,0,0,0,0,0,medium
0.072,7.300,3,29,0,1,0,0,0,46,0,0,0,0,1,0,0,0,0,0,0,0,0,0,0,0,low
85.675,98.704,38,131,1,1,0,0,0,495,1,1,0,0,1,1,0,1,0,1,0,0,1,1,0,1,high
75.921,73.836,47,196,2,1,0,0,0,307,1,1,1,0,0,1,0,1,0,1,1,1,0,1,0,1,critical
18.472,6.865,4,11,1,0,0,0,1,30,0,0,0,0,1,0,0,0,0,0,0,0,0,0,0,0,medium
14.443,7.542,5,22,0,0,0,0,1,47,0,0,0,0,1,0,0,0,0,0,0,0,0,0,0,0,medium
63.844,56.426,25,43,3,1,1,0,0,402,1,1,1,0,0,0,1,0,0,1,0,1,0,1,1,1,high
58.105,98.793,31,15,2,1,1,0,0,349,1,1,1,0,0,1,1,1,0,1,1,1,1,0,1,1,critical
2.738,1.997,5,7,0,0,0,0,1,98,0,0,0,0,0,0,0,0,0,0,0,0,0,0,0,0,medium
27.034,26.236,5,5,0,1,0,0,0,48,0,0,0,0,0,0,0,0,0,0,0,0,0,0,0,0,low
1.628,5.599,1,19,0,1,0,0,1,50,0,0,0,0,1,0,0,0,0,0,0,0,0,0,0,0,medium
9.798,22.136,5,24,0,0,0,0,0,66,0,0,0,0,1,0,0,0,0,0,0,0,0,0,0,0,medium
28.118,26.379,5,17,1,1,0,0,1,11,0,0,0,0,0,0,0,0,0,0,0,0,0,0,0,0,low
67.141,99.272,50,198,5,1,0,1,0,347,1,1,1,0,1,0,1,1,0,1,1,1,1,1,0,1,critical
75.203,98.553,34,33,4,1,0,1,0,233,1,1,1,0,1,0,1,1,1,1,0,0,0,0,0,1,high
88.543,77.993,39,148,5,1,0,1,0,368,1,1,0,0,1,1,1,0,0,1,0,0,0,0,1,1,critical
20.110,14.260,1,16,1,1,0,0,1,17,0,0,0,0,1,0,0,0,0,0,0,0,0,0,0,0,medium
29.597,17.589,3,27,1,1,0,0,0,18,0,0,0,0,0,0,0,0,0,0,0,0,0,0,0,0,medium
25.257,8.215,3,11,2,0,0,0,1,40,0,0,0,0,1,0,0,0,0,0,0,0,0,0,0,0,low
97.416,53.865,10,26,3,1,1,0,0,125,1,1,1,0,0,1,1,1,1,1,0,1,0,1,0,1,critical
29.968,24.886,3,6,2,1,0,0,1,67,0,0,0,0,0,0,0,0,0,0,0,0,0,0,0,0,low
52.921,75.200,16,13,3,1,0,1,0,333,1,1,0,0,1,0,1,1,1,1,0,1,1,0,0,1,critical
23.702,24.577,1,27,0,1,0,0,0,47,0,0,0,0,1,0,0,0,0,0,0,0,0,0,0,0,medium
92.368,68.171,33,91,10,1,1,0,0,130,1,1,1,1,0,0,0,0,0,1,1,1,0,1,1,1,critical
5.936,2.118,4,10,2,0,0,0,0,73,0,0,0,0,1,0,0,0,0,0,0,0,0,0,0,0,medium
77.326,62.096,6,132,1,1,0,0,0,65,1,1,1,1,1,1,0,1,1,1,1,0,0,1,0,1,high
57.889,78.826,25,74,2,1,0,0,0,460,1,1,0,1,1,0,1,0,1,1,0,0,1,1,1,1,critical
27.139,14.327,3,30,0,0,0,0,1,48,0,0,0,0,0,0,0,0,0,0,0,0,0,0,0,0,medium
29.497,3.288,3,25,0,0,0,0,0,23,0,0,0,0,1,0,0,0,0,0,0,0,0,0,0,0,medium
2.796,20.543,3,8,1,1,0,0,1,62,0,0,0,0,0,0,0,0,0,0,0,0,0,0,0,0,medium
85.035,70.729,35,181,3,1,1,0,0,205,1,1,0,0,1,0,1,1,0,1,1,0,0,1,0,1,high
6.873,3.988,3,11,1,0,0,0,1,73,0,0,0,0,0,0,0,0,0,0,0,0,0,0,0,0,low
88.922,53.161,40,80,9,1,1,0,0,491,1,1,0,1,0,0,0,0,0,1,1,0,0,0,0,1,high
10.066,14.640,2,10,1,0,0,0,1,43,0,0,0,0,0,0,0,0,0,0,0,0,0,0,0,0,medium
6.221,12.591,2,7,0,0,0,0,0,73,0,0,0,0,1,0,0,0,0,0,0,0,0,0,0,0,medium
66.178,92.174,47,87,8,1,0,0,0,472,1,1,1,1,1,1,0,0,0,1,1,0,1,1,0,1,critical
1.261,3.923,3,14,0,1,0,0,1,50,0,0,0,0,1,0,0,0,0,0,0,0,0,0,0,0,medium
27.382,24.265,5,10,0,0,0,0,0,74,0,0,0,0,1,0,0,0,0,0,0,0,0,0,0,0,low
26.810,1.464,5,16,2,1,0,0,0,52,0,0,0,0,0,0,0,0,0,0,0,0,0,0,0,0,medium
12.450,17.287,1,7,1,1,0,0,1,97,0,0,0,0,0,0,0,0,0,0,0,0,0,0,0,0,medium
19.131,15.407,3,12,2,0,0,0,1,86,0,0,0,0,1,0,0,0,0,0,0,0,0,0,0,0,low
60.130,87.008,36,177,9,1,0,0,0,470,1,1,1,0,0,1,1,1,0,1,1,1,1,0,1,1,medium
21.600,28.331,4,9,2,0,0,0,1,68,0,0,0,0,0,0,0,0,0,0,0,0,0,0,0,0,medium
25.536,6.179,5,2,1,0,0,0,1,35,0,0,0,0,0,0,0,0,0,0,0,0,0,0,0,0,medium
88.084,55.229,45,166,7,1,1,0,0,392,1,1,1,1,0,1,0,0,1,1,1,0,0,1,1,1,medium
3.215,23.522,2,0,2,0,0,0,0,62,0,0,0,0,0,0,0,0,0,0,0,0,0,0,0,0,low
74.633,51.079,19,183,9,1,1,0,0,134,1,1,1,1,1,0,1,0,0,1,0,0,0,1,0,1,critical
8.543,18.210,5,28,0,1,0,0,0,81,0,0,0,0,0,0,0,0,0,0,0,0,0,0,0,0,medium
63.085,84.074,39,181,7,1,0,1,0,82,1,1,1,1,0,0,1,1,1,1,1,1,0,0,0,1,critical
76.487,70.615,19,166,8,1,0,1,0,76,1,1,0,0,0,0,0,0,0,1,0,1,1,1,1,1,medium
14.979,5.270,5,9,0,1,0,0,1,44,0,0,0,0,0,0,0,0,0,0,0,0,0,0,0,0,low
1.548,21.623,2,17,1,0,0,0,1,77,0,0,0,0,0,0,0,0,0,0,0,0,0,0,0,0,medium
16.779,13.786,4,8,0,0,0,0,1,88,0,0,0,0,1,0,0,0,0,0,0,0,0,0,0,0,medium
56.566,94.249,12,134,2,1,0,1,0,346,1,1,1,1,0,1,1,1,0,1,1,1,1,0,0,1,critical
54.039,90.283,29,198,7,1,1,1,0,320,1,1,0,0,0,1,0,0,1,1,0,1,1,0,1,1,medium
50.814,85.448,37,41,7,1,1,1,0,231,1,1,1,1,0,1,0,1,0,1,1,1,0,0,0,1,critical
13.325,16.832,2,16,0,1,0,0,0,100,0,0,0,0,0,0,0,0,0,0,0,0,0,0,0,0,medium
22.296,20.628,5,26,1,0,0,0,1,92,0,0,0,0,0,0,0,0,0,0,0,0,0,0,0,0,low
17.564,8.423,1,2,0,1,0,0,0,47,0,0,0,0,1,0,0,0,0,0,0,0,0,0,0,0,low
27.125,10.298,1,10,1,1,0,0,0,88,0,0,0,0,0,0,0,0,0,0,0,0,0,0,0,0,medium
93.725,50.413,8,145,1,1,1,1,0,217,1,1,1,0,0,0,0,1,0,1,0,0,0,1,0,1,high
59.175,98.077,40,99,7,1,0,0,0,403,1,1,1,0,0,1,0,1,1,1,0,0,0,1,1,1,critical
97.094,80.838,36,67,5,1,1,1,0,215,1,1,0,0,1,1,1,0,0,1,1,1,1,0,0,1,medium
23.583,23.166,4,14,1,0,0,0,1,82,0,0,0,0,0,0,0,0,0,0,0,0,0,0,0,0,medium
14.863,23.131,3,18,1,1,0,0,1,60,0,0,0,0,0,0,0,0,0,0,0,0,0,0,0,0,medium
88.824,91.104,39,44,1,1,0,0,0,394,1,1,0,1,0,0,1,1,1,1,0,1,1,1,1,1,critical
0.499,18.685,1,6,2,1,0,0,1,45,0,0,0,0,1,0,0,0,0,0,0,0,0,0,0,0,medium
21.741,16.269,3,6,2,1,0,0,0,10,0,0,0,0,1,0,0,0,0,0,0,0,0,0,0,0,low
20.240,10.166,5,22,1,1,0,0,0,69,0,0,0,0,1,0,0,0,0,0,0,0,0,0,0,0,medium
79.438,95.304,47,12,5,1,1,0,0,297,1,1,1,1,1,0,0,1,0,1,1,1,1,1,1,1,critical
5.739,19.067,2,30,0,0,0,0,0,31,0,0,0,0,0,0,0,0,0,0,0,0,0,0,0,0,low
96.870,87.654,15,199,1,1,1,1,0,312,1,1,1,1,0,0,1,0,0,1,1,0,1,1,1,1,critical
3.491,23.007,2,21,1,0,0,0,1,15,0,0,0,0,0,0,0,0,0,0,0,0,0,0,0,0,low
91.364,99.180,35,198,5,1,1,1,0,144,1,1,1,0,0,0,1,0,1,1,0,0,0,1,1,1,critical
53.183,70.629,31,84,1,1,0,0,0,267,1,1,1,0,0,0,0,0,0,1,0,0,1,1,0,1,high
85.714,52.612,29,191,10,1,0,0,0,229,1,1,1,0,1,1,1,0,0,1,1,1,1,1,0,1,critical
8.653,13.099,2,19,0,0,0,0,1,30,0,0,0,0,1,0,0,0,0,0,0,0,0,0,0,0,low
9.749,3.210,4,12,2,1,0,0,0,98,0,0,0,0,0,0,0,0,0,0,0,0,0,0,0,0,medium
8.408,7.809,2,28,1,1,0,0,1,61,0,0,0,0,0,0,0,0,0,0,0,0,0,0,0,0,low
84.837,88.202,9,25,1,1,0,1,0,97,1,1,1,0,1,0,0,1,0,1,0,1,0,1,1,1,medium
68.339,59.409,21,141,4,1,1,1,0,132,1,1,0,1,1,1,1,0,1,1,1,1,0,0,1,1,critical
64.825,77.530,38,167,1,1,0,1,0,55,1,1,1,0,0,1,0,0,0,1,1,0,1,0,0,1,medium
1.737,8.912,2,23,0,1,0,0,1,45,0,0,0,0,0,0,0,0,0,0,0,0,0,0,0,0,medium
95.706,54.663,19,104,5,1,1,1,0,460,1,1,1,1,1,0,0,1,1,1,1,0,0,1,1,1,critical
92.750,52.919,49,81,2,1,1,0,0,331,1,1,0,0,0,0,0,1,1,1,0,0,1,0,1,1,medium
1.566,5.533,1,19,0,1,0,0,0,80,0,0,0,0,1,0,0,0,0,0,0,0,0,0,0,0,medium
3.428,2.427,5,8,1,0,0,0,0,82,0,0,0,0,1,0,0,0,0,0,0,0,0,0,0,0,medium
56.928,76.703,9,167,3,1,0,0,0,336,1,1,0,0,1,0,1,0,1,1,0,0,0,0,0,1,critical
27.582,8.010,5,18,1,0,0,0,1,28,0,0,0,0,0,0,0,0,0,0,0,0,0,0,0,0,medium
17.885,25.807,2,25,0,1,0,0,1,76,0,0,0,0,0,0,0,0,0,0,0,0,0,0,0,0,medium
59.233,98.756,29,151,9,1,0,0,0,167,1,1,0,1,1,0,1,0,0,1,1,0,1,0,0,1,high
6.032,17.093,1,24,1,1,0,0,1,74,0,0,0,0,1,0,0,0,0,0,0,0,0,0,0,0,low
97.038,60.942,30,184,1,1,1,0,0,270,1,1,0,1,0,0,0,0,1,1,0,1,0,1,1,1,critical
63.150,65.706,36,76,6,1,1,0,0,156,1,1,0,0,0,0,0,1,0,1,1,0,0,1,0,1,medium
11.863,3.370,3,13,0,0,0,0,0,44,0,0,0,0,0,0,0,0,0,0,0,0,0,0,0,0,low
25.372,18.515,3,12,1,0,0,0,1,96,0,0,0,0,1,0,0,0,0,0,0,0,0,0,0,0,medium
29.034,17.562,1,22,0,0,0,0,1,94,0,0,0,0,1,0,0,0,0,0,0,0,0,0,0,0,low
28.966,15.346,1,29,0,0,0,0,0,52,0,0,0,0,1,0,0,0,0,0,0,0,0,0,0,0,medium
74.217,68.295,26,80,8,1,1,1,0,92,1,1,0,0,0,1,0,1,1,1,0,1,0,0,0,1,critical
14.593,6.145,3,16,2,0,0,0,0,43,0,0,0,0,0,0,0,0,0,0,0,0,0,0,0,0,medium
83.806,67.914,34,128,6,1,1,1,0,439,1,1,1,1,0,1,1,0,1,1,0,0,0,1,0,1,critical
6.914,22.888,4,0,2,0,0,0,0,16,0,0,0,0,1,0,0,0,0,0,0,0,0,0,0,0,low
20.327,5.574,3,20,2,1,0,0,0,85,0,0,0,0,1,0,0,0,0,0,0,0,0,0,0,0,low
2.073,8.117,5,30,2,0,0,0,0,92,0,0,0,0,0,0,0,0,0,0,0,0,0,0,0,0,low
27.579,9.889,3,17,0,0,0,0,1,99,0,0,0,0,1,0,0,0,0,0,0,0,0,0,0,0,medium
54.025,58.124,17,177,3,1,0,0,0,433,1,1,1,1,0,0,0,0,1,1,0,0,0,0,0,1,medium
50.436,65.888,18,105,3,1,0,0,0,456,1,1,1,1,1,0,1,1,0,1,0,0,1,1,0,1,critical
20.598,26.995,1,26,1,1,0,0,0,91,0,0,0,0,1,0,0,0,0,0,0,0,0,0,0,0,low
28.193,9.897,2,0,2,0,0,0,1,41,0,0,0,0,0,0,0,0,0,0,0,0,0,0,0,0,low
23.550,9.903,1,14,2,1,0,0,1,34,0,0,0,0,0,0,0,0,0,0,0,0,0,0,0,0,low
10.432,28.351,4,3,1,0,0,0,1,59,0,0,0,0,1,0,0,0,0,0,0,0,0,0,0,0,low
62.684,59.224,19,164,9,1,1,1,0,426,1,1,0,1,1,1,0,1,1,1,0,1,0,0,0,1,critical
7.003,6.704,3,9,0,0,0,0,1,61,0,0,0,0,0,0,0,0,0,0,0,0,0,0,0,0,low
5.619,2.935,2,23,1,0,0,0,0,61,0,0,0,0,0,0,0,0,0,0,0,0,0,0,0,0,low
28.806,16.901,5,12,1,0,0,0,1,73,0,0,0,0,1,0,0,0,0,0,0,0,0,0,0,0,low
11.830,5.381,4,21,0,1,0,0,0,20,0,0,0,0,1,0,0,0,0,0,0,0,0,0,0,0,low
8.023,23.973,5,28,0,1,0,0,1,48,0,0,0,0,1,0,0,0,0,0,0,0,0,0,0,0,medium
55.718,61.598,17,149,1,1,0,1,0,290,1,1,0,0,1,1,0,1,0,1,1,0,1,0,0,1,medium
16.928,1.300,3,29,0,1,0,0,0,62,0,0,0,0,1,0,0,0,0,0,0,0,0,0,0,0,medium
13.341,11.150,3,29,0,0,0,0,1,12,0,0,0,0,1,0,0,0,0,0,0,0,0,0,0,0,low
24.176,0.741,5,19,2,1,0,0,0,59,0,0,0,0,0,0,0,0,0,0,0,0,0,0,0,0,low
67.928,96.794,36,54,8,1,0,1,0,424,1,1,1,0,1,0,1,1,1,1,1,1,1,0,0,1,critical
26.506,6.158,5,19,0,1,0,0,1,54,0,0,0,0,1,0,0,0,0,0,0,0,0,0,0,0,medium
17.202,21.018,1,26,0,1,0,0,1,62,0,0,0,0,0,0,0,0,0,0,0,0,0,0,0,0,low
61.682,54.735,14,189,6,1,1,0,0,290,1,1,1,0,0,1,0,1,0,1,0,0,1,1,0,1,high
26.222,29.755,4,24,0,0,0,0,0,69,0,0,0,0,1,0,0,0,0,0,0,0,0,0,0,0,low
28.088,10.884,5,16,0,1,0,0,1,96,0,0,0,0,0,0,0,0,0,0,0,0,0,0,0,0,medium
20.366,1.694,2,16,0,1,0,0,0,39,0,0,0,0,0,0,0,0,0,0,0,0,0,0,0,0,low
8.585,7.082,4,13,1,0,0,0,0,87,0,0,0,0,0,0,0,0,0,0,0,0,0,0,0,0,low
82.654,79.956,12,139,8,1,0,1,0,71,1,1,1,0,0,1,1,1,0,1,1,1,1,0,0,1,high
2.733,25.224,3,13,0,1,0,0,0,37,0,0,0,0,1,0,0,0,0,0,0,0,0,0,0,0,medium
10.886,29.998,4,27,2,1,0,0,0,85,0,0,0,0,0,0,0,0,0,0,0,0,0,0,0,0,medium
29.704,8.301,4,26,1,0,0,0,1,23,0,0,0,0,1,0,0,0,0,0,0,0,0,0,0,0,medium
99.748,84.046,12,103,7,1,0,0,0,247,1,1,0,1,0,0,1,1,0,1,0,0,1,0,0,1,critical
73.923,81.489,5,106,5,1,1,0,0,131,1,1,1,0,1,0,1,1,1,1,1,1,1,0,1,1,high
64.226,70.899,50,114,4,1,1,0,0,180,1,1,1,0,0,0,1,1,0,1,0,1,0,0,0,1,high
21.242,25.828,1,20,0,0,0,0,0,77,0,0,0,0,0,0,0,0,0,0,0,0,0,0,0,0,low
87.505,50.574,46,98,4,1,0,1,0,291,1,1,1,0,0,1,0,1,1,1,1,0,1,0,0,1,high
81.613,78.101,50,123,1,1,1,0,0,462,1,1,1,0,1,0,1,0,0,1,0,1,0,0,1,1,high
16.501,29.778,3,21,0,1,0,0,1,53,0,0,0,0,1,0,0,0,0,0,0,0,0,0,0,0,low
26.641,0.411,2,23,2,1,0,0,0,52,0,0,0,0,0,0,0,0,0,0,0,0,0,0,0,0,low
17.360,16.548,3,4,0,0,0,0,1,57,0,0,0,0,0,0,0,0,0,0,0,0,0,0,0,0,low
29.720,2.253,3,24,1,1,0,0,1,38,0,0,0,0,0,0,0,0,0,0,0,0,0,0,0,0,low
61.280,62.877,7,79,2,1,1,0,0,294,1,1,1,0,1,0,0,1,1,1,1,1,0,1,0,1,critical
24.677,28.584,3,27,1,0,0,0,1,10,0,0,0,0,1,0,0,0,0,0,0,0,0,0,0,0,medium
26.972,18.018,1,24,2,0,0,0,0,78,0,0,0,0,1,0,0,0,0,0,0,0,0,0,0,0,medium
74.501,81.405,39,14,9,1,1,0,0,137,1,1,0,0,0,0,1,1,1,1,1,1,1,1,1,1,high
19.406,4.263,2,6,2,1,0,0,1,97,0,0,0,0,0,0,0,0,0,0,0,0,0,0,0,0,medium
17.389,27.800,1,28,1,0,0,0,0,64,0,0,0,0,1,0,0,0,0,0,0,0,0,0,0,0,low
26.989,2.711,1,24,2,1,0,0,0,63,0,0,0,0,1,0,0,0,0,0,0,0,0,0,0,0,medium
7.979,10.499,5,6,1,1,0,0,1,5,0,0,0,0,0,0,0,0,0,0,0,0,0,0,0,0,medium
18.011,18.793,4,19,0,1,0,0,1,28,0,0,0,0,0,0,0,0,0,0,0,0,0,0,0,0,medium
5.628,12.679,5,7,1,0,0,0,0,10,0,0,0,0,1,0,0,0,0,0,0,0,0,0,0,0,low
9.859,2.890,2,15,2,0,0,0,0,38,0,0,0,0,1,0,0,0,0,0,0,0,0,0,0,0,medium
1.178,29.402,1,14,0,0,0,0,0,20,0,0,0,0,1,0,0,0,0,0,0,0,0,0,0,0,low
6.744,23.452,3,10,1,1,0,0,0,90,0,0,0,0,0,0,0,0,0,0,0,0,0,0,0,0,medium
51.296,81.892,42,176,2,1,0,1,0,130,1,1,1,1,1,1,1,1,1,1,0,0,1,0,1,1,critical
17.952,7.740,2,11,2,0,0,0,1,46,0,0,0,0,0,0,0,0,0,0,0,0,0,0,0,0,medium
19.503,9.429,2,23,0,0,0,0,1,100,0,0,0,0,1,0,0,0,0,0,0,0,0,0,0,0,medium
4.753,0.675,3,6,1,0,0,0,0,19,0,0,0,0,1,0,0,0,0,0,0,0,0,0,0,0,low
16.731,27.483,4,30,0,1,0,0,1,54,0,0,0,0,1,0,0,0,0,0,0,0,0,0,0,0,medium
11.245,9.651,5,16,0,1,0,0,1,47,0,0,0,0,0,0,0,0,0,0,0,0,0,0,0,0,low
61.129,93.927,26,44,3,1,1,0,0,178,1,1,1,1,1,1,1,1,1,1,0,1,1,1,1,1,critical
17.145,25.678,1,7,0,1,0,0,1,92,0,0,0,0,0,0,0,0,0,0,0,0,0,0,0,0,medium
52.881,77.957,11,68,7,1,1,1,0,220,1,1,0,0,1,0,1,0,1,1,0,1,1,1,0,1,high
10.672,5.760,5,16,0,1,0,0,1,47,0,0,0,0,1,0,0,0,0,0,0,0,0,0,0,0,low
10.455,3.452,3,2,0,1,0,0,0,61,0,0,0,0,0,0,0,0,0,0,0,0,0,0,0,0,low
64.161,68.356,44,120,8,1,1,1,0,185,1,1,1,0,1,0,0,0,0,1,1,1,0,0,1,1,medium
1.098,0.265,2,28,2,1,0,0,1,22,0,0,0,0,0,0,0,0,0,0,0,0,0,0,0,0,low
21.880,14.335,3,24,1,0,0,0,0,82,0,0,0,0,0,0,0,0,0,0,0,0,0,0,0,0,medium
51.249,60.545,32,75,4,1,1,0,0,464,1,1,1,0,0,1,0,0,0,1,0,1,0,0,0,1,high
17.693,14.106,5,5,0,0,0,0,1,39,0,0,0,0,0,0,0,0,0,0,0,0,0,0,0,0,medium
23.461,5.114,5,26,0,1,0,0,1,52,0,0,0,0,0,0,0,0,0,0,0,0,0,0,0,0,medium
26.300,14.198,3,11,1,1,0,0,0,97,0,0,0,0,1,0,0,0,0,0,0,0,0,0,0,0,medium
8.378,8.918,4,11,2,0,0,0,1,55,0,0,0,0,0,0,0,0,0,0,0,0,0,0,0,0,low
0.501,8.237,1,21,1,0,0,0,1,55,0,0,0,0,0,0,0,0,0,0,0,0,0,0,0,0,medium
28.039,14.506,4,25,1,0,0,0,1,56,0,0,0,0,0,0,0,0,0,0,0,0,0,0,0,0,medium
14.802,7.754,1,5,1,0,0,0,1,8,0,0,0,0,1,0,0,0,0,0,0,0,0,0,0,0,low
9.602,29.623,5,11,1,1,0,0,1,58,0,0,0,0,1,0,0,0,0,0,0,0,0,0,0,0,low
1.296,18.250,2,24,0,1,0,0,0,21,0,0,0,0,0,0,0,0,0,0,0,0,0,0,0,0,low
1.197,0.836,5,7,0,1,0,0,1,59,0,0,0,0,0,0,0,0,0,0,0,0,0,0,0,0,medium
22.115,7.969,3,18,1,0,0,0,1,94,0,0,0,0,0,0,0,0,0,0,0,0,0,0,0,0,medium
7.106,11.982,4,11,2,0,0,0,1,34,0,0,0,0,0,0,0,0,0,0,0,0,0,0,0,0,medium
1.131,5.602,4,7,2,0,0,0,0,96,0,0,0,0,1,0,0,0,0,0,0,0,0,0,0,0,medium
23.633,9.916,5,23,0,1,0,0,1,98,0,0,0,0,1,0,0,0,0,0,0,0,0,0,0,0,medium
24.763,6.083,4,30,0,1,0,0,1,46,0,0,0,0,0,0,0,0,0,0,0,0,0,0,0,0,medium
12.844,14.553,4,21,0,0,0,0,1,25,0,0,0,0,1,0,0,0,0,0,0,0,0,0,0,0,medium
29.673,6.365,5,6,0,0,0,0,1,9,0,0,0,0,1,0,0,0,0,0,0,0,0,0,0,0,medium
2.966,15.543,5,19,0,0,0,0,1,17,0,0,0,0,1,0,0,0,0,0,0,0,0,0,0,0,low
80.871,85.547,44,17,8,1,0,1,0,65,1,1,0,0,0,1,1,1,0,1,0,1,0,0,0,1,high
25.013,11.871,5,12,0,0,0,0,0,87,0,0,0,0,0,0,0,0,0,0,0,0,0,0,0,0,low
77.317,50.374,9,189,3,1,1,0,0,230,1,1,1,0,0,0,1,1,0,1,1,1,1,1,1,1,high
51.402,68.446,12,18,2,1,0,0,0,258,1,1,0,0,1,0,0,1,0,1,0,1,1,0,0,1,critical
13.098,5.668,1,4,1,1,0,0,0,80,0,0,0,0,0,0,0,0,0,0,0,0,0,0,0,0,medium
17.392,0.696,1,9,2,0,0,0,0,67,0,0,0,0,1,0,0,0,0,0,0,0,0,0,0,0,medium
5.005,7.977,3,26,0,0,0,0,0,15,0,0,0,0,1,0,0,0,0,0,0,0,0,0,0,0,medium
23.736,26.137,2,21,2,0,0,0,0,94,0,0,0,0,0,0,0,0,0,0,0,0,0,0,0,0,medium
10.198,9.441,5,2,0,0,0,0,1,50,0,0,0,0,1,0,0,0,0,0,0,0,0,0,0,0,low
78.608,65.003,20,109,6,1,1,1,0,216,1,1,0,0,1,0,1,1,1,1,1,1,1,1,1,1,medium
20.113,20.612,3,5,0,0,0,0,0,6,0,0,0,0,0,0,0,0,0,0,0,0,0,0,0,0,low
5.054,22.378,2,21,2,0,0,0,1,71,0,0,0,0,1,0,0,0,0,0,0,0,0,0,0,0,low
91.641,91.143,20,150,9,1,1,0,0,324,1,1,1,1,0,1,1,1,0,1,1,0,1,1,1,1,medium
64.545,84.220,43,94,9,1,1,0,0,189,1,1,0,0,0,0,0,0,0,1,0,0,1,0,1,1,medium
28.996,5.809,5,14,1,0,0,0,0,92,0,0,0,0,0,0,0,0,0,0,0,0,0,0,0,0,medium
10.528,6.236,4,17,0,0,0,0,1,57,0,0,0,0,1,0,0,0,0,0,0,0,0,0,0,0,low
13.970,8.278,3,5,1,0,0,0,1,76,0,0,0,0,0,0,0,0,0,0,0,0,0,0,0,0,low
19.514,18.038,5,12,0,0,0,0,0,70,0,0,0,0,0,0,0,0,0,0,0,0,0,0,0,0,medium
0.782,21.418,2,24,0,1,0,0,0,59,0,0,0,0,1,0,0,0,0,0,0,0,0,0,0,0,low
59.286,70.438,27,85,1,1,1,1,0,181,1,1,0,1,0,0,0,1,1,1,0,0,1,1,0,1,high
7.915,15.223,4,16,0,0,0,0,1,21,0,0,0,0,1,0,0,0,0,0,0,0,0,0,0,0,low
2.574,26.242,3,25,2,0,0,0,1,30,0,0,0,0,0,0,0,0,0,0,0,0,0,0,0,0,medium
74.838,63.904,6,190,4,1,1,1,0,408,1,1,0,0,1,0,1,0,1,1,0,0,0,0,0,1,high
77.832,56.489,43,79,3,1,1,1,0,221,1,1,1,1,1,1,0,1,0,1,1,1,1,1,1,1,critical
12.055,12.535,5,26,1,1,0,0,0,47,0,0,0,0,1,0,0,0,0,0,0,0,0,0,0,0,low
88.903,55.830,34,195,7,1,1,1,0,221,1,1,1,1,0,1,0,1,0,1,0,1,1,1,1,1,medium
13.201,0.982,3,29,0,0,0,0,0,87,0,0,0,0,1,0,0,0,0,0,0,0,0,0,0,0,low
68.943,99.559,7,34,1,1,0,0,0,353,1,1,1,0,0,1,1,1,0,1,1,1,0,0,0,1,critical
29.320,5.162,3,26,1,1,0,0,0,78,0,0,0,0,1,0,0,0,0,0,0,0,0,0,0,0,medium
25.303,25.564,3,30,1,1,0,0,1,81,0,0,0,0,1,0,0,0,0,0,0,0,0,0,0,0,medium
22.500,23.739,4,10,2,1,0,0,0,29,0,0,0,0,0,0,0,0,0,0,0,0,0,0,0,0,low
29.020,21.467,1,5,2,0,0,0,1,61,0,0,0,0,0,0,0,0,0,0,0,0,0,0,0,0,medium
7.638,3.570,2,4,0,1,0,0,1,83,0,0,0,0,0,0,0,0,0,0,0,0,0,0,0,0,medium
0.960,23.656,3,24,2,1,0,0,0,7,0,0,0,0,1,0,0,0,0,0,0,0,0,0,0,0,medium
77.097,75.929,13,95,9,1,0,0,0,72,1,1,1,1,1,1,0,1,1,1,0,1,1,1,1,1,medium
16.357,27.033,2,16,1,0,0,0,1,72,0,0,0,0,1,0,0,0,0,0,0,0,0,0,0,0,low
18.192,8.485,2,24,0,1,0,0,0,10,0,0,0,0,1,0,0,0,0,0,0,0,0,0,0,0,low
27.546,26.909,5,26,2,1,0,0,0,60,0,0,0,0,1,0,0,0,0,0,0,0,0,0,0,0,medium
53.419,83.744,35,185,6,1,1,1,0,266,1,1,1,1,0,1,1,0,0,1,1,1,0,1,1,1,high
87.604,86.126,7,164,8,1,1,1,0,422,1,1,0,0,0,0,0,0,0,1,1,1,1,1,0,1,medium
7.539,9.573,1,14,1,1,0,0,1,99,0,0,0,0,1,0,0,0,0,0,0,0,0,0,0,0,medium
27.235,6.002,2,17,1,1,0,0,0,21,0,0,0,0,1,0,0,0,0,0,0,0,0,0,0,0,low
99.687,78.906,18,139,4,1,1,1,0,247,1,1,0,1,0,1,1,1,0,1,0,0,1,0,1,1,medium
28.931,8.883,1,23,2,1,0,0,0,40,0,0,0,0,1,0,0,0,0,0,0,0,0,0,0,0,low
7.279,10.963,4,25,2,0,0,0,1,82,0,0,0,0,1,0,0,0,0,0,0,0,0,0,0,0,medium
17.826,28.359,4,3,0,0,0,0,1,30,0,0,0,0,1,0,0,0,0,0,0,0,0,0,0,0,medium
22.797,13.508,5,5,0,1,0,0,1,75,0,0,0,0,1,0,0,0,0,0,0,0,0,0,0,0,low
1.591,25.795,4,22,1,1,0,0,1,9,0,0,0,0,0,0,0,0,0,0,0,0,0,0,0,0,low
92.101,63.928,7,92,8,1,0,0,0,139,1,1,1,0,1,1,0,0,0,1,1,0,1,1,1,1,high
17.154,7.950,5,17,0,0,0,0,0,85,0,0,0,0,1,0,0,0,0,0,0,0,0,0,0,0,medium
19.083,3.669,3,6,0,0,0,0,1,15,0,0,0,0,0,0,0,0,0,0,0,0,0,0,0,0,low
27.738,5.585,1,5,0,1,0,0,1,71,0,0,0,0,1,0,0,0,0,0,0,0,0,0,0,0,low
2.955,12.961,1,29,2,1,0,0,0,78,0,0,0,0,1,0,0,0,0,0,0,0,0,0,0,0,low
18.789,12.522,1,4,0,0,0,0,1,65,0,0,0,0,1,0,0,0,0,0,0,0,0,0,0,0,low
94.886,75.955,17,146,3,1,1,1,0,127,1,1,0,0,1,1,0,1,0,1,0,1,1,0,1,1,critical
28.309,0.723,4,8,2,0,0,0,0,76,0,0,0,0,0,0,0,0,0,0,0,0,0,0,0,0,medium
0.547,22.596,5,12,2,1,0,0,1,26,0,0,0,0,1,0,0,0,0,0,0,0,0,0,0,0,medium
59.134,51.954,6,83,8,1,0,0,0,175,1,1,1,0,0,1,0,0,1,1,1,0,1,1,1,1,medium
73.778,53.443,16,43,6,1,1,0,0,289,1,1,1,1,0,1,1,1,1,1,1,0,0,1,1,1,high
95.773,56.362,15,115,8,1,1,0,0,298,1,1,1,1,1,1,1,1,1,1,1,1,1,0,0,1,critical
86.008,98.906,48,83,4,1,0,1,0,203,1,1,0,1,1,1,0,0,0,1,0,0,0,0,1,1,high
85.502,66.898,25,108,10,1,0,0,0,65,1,1,0,0,0,1,0,1,0,1,1,1,0,0,0,1,high
24.993,5.167,4,17,2,0,0,0,0,56,0,0,0,0,1,0,0,0,0,0,0,0,0,0,0,0,medium
11.331,14.624,2,25,2,0,0,0,0,7,0,0,0,0,0,0,0,0,0,0,0,0,0,0,0,0,medium
19.891,0.321,2,2,1,0,0,0,0,33,0,0,0,0,1,0,0,0,0,0,0,0,0,0,0,0,low
20.181,28.946,1,15,0,1,0,0,1,19,0,0,0,0,0,0,0,0,0,0,0,0,0,0,0,0,low
27.734,5.886,4,1,1,0,0,0,1,95,0,0,0,0,1,0,0,0,0,0,0,0,0,0,0,0,medium
22.586,13.643,3,8,0,0,0,0,0,10,0,0,0,0,0,0,0,0,0,0,0,0,0,0,0,0,low
5.103,7.767,2,16,1,0,0,0,1,36,0,0,0,0,0,0,0,0,0,0,0,0,0,0,0,0,medium
13.523,16.322,4,7,1,1,0,0,1,41,0,0,0,0,1,0,0,0,0,0,0,0,0,0,0,0,medium
21.972,16.701,1,6,1,1,0,0,1,34,0,0,0,0,1,0,0,0,0,0,0,0,0,0,0,0,low
12.196,16.270,3,5,2,1,0,0,0,44,0,0,0,0,0,0,0,0,0,0,0,0,0,0,0,0,medium
27.666,8.713,1,6,2,1,0,0,1,48,0,0,0,0,0,0,0,0,0,0,0,0,0,0,0,0,low
15.299,25.990,5,17,2,0,0,0,0,46,0,0,0,0,0,0,0,0,0,0,0,0,0,0,0,0,medium
24.726,9.283,1,10,2,0,0,0,0,30,0,0,0,0,1,0,0,0,0,0,0,0,0,0,0,0,low
10.183,18.708,1,26,2,0,0,0,0,77,0,0,0,0,1,0,0,0,0,0,0,0,0,0,0,0,medium
67.918,84.778,37,199,1,1,1,0,0,223,1,1,0,1,0,0,1,1,1,1,0,1,0,1,0,1,high
68.525,55.613,11,189,8,1,1,0,0,372,1,1,0,1,1,0,1,0,1,1,0,1,1,0,0,1,high
14.942,10.450,3,9,0,0,0,0,0,72,0,0,0,0,1,0,0,0,0,0,0,0,0,0,0,0,low
9.086,0.247,3,28,1,1,0,0,1,49,0,0,0,0,0,0,0,0,0,0,0,0,0,0,0,0,medium
6.877,28.580,4,6,1,1,0,0,0,100,0,0,0,0,0,0,0,0,0,0,0,0,0,0,0,0,low
23.557,15.753,4,21,0,0,0,0,1,56,0,0,0,0,0,0,0,0,0,0,0,0,0,0,0,0,medium
8.128,10.398,5,11,0,1,0,0,0,87,0,0,0,0,0,0,0,0,0,0,0,0,0,0,0,0,low
28.442,16.810,5,17,0,1,0,0,0,39,0,0,0,0,0,0,0,0,0,0,0,0,0,0,0,0,low
15.953,26.563,5,21,1,1,0,0,1,91,0,0,0,0,0,0,0,0,0,0,0,0,0,0,0,0,medium
15.538,1.902,1,4,2,1,0,0,1,13,0,0,0,0,0,0,0,0,0,0,0,0,0,0,0,0,low
18.602,28.198,4,23,2,0,0,0,0,22,0,0,0,0,0,0,0,0,0,0,0,0,0,0,0,0,medium
21.497,5.348,5,28,1,0,0,0,1,31,0,0,0,0,1,0,0,0,0,0,0,0,0,0,0,0,medium
23.169,25.824,1,2,0,0,0,0,1,90,0,0,0,0,0,0,0,0,0,0,0,0,0,0,0,0,low
27.917,6.037,1,21,0,1,0,0,0,55,0,0,0,0,0,0,0,0,0,0,0,0,0,0,0,0,medium
20.843,16.626,2,17,0,1,0,0,0,25,0,0,0,0,1,0,0,0,0,0,0,0,0,0,0,0,low
1.985,12.588,5,17,0,0,0,0,1,66,0,0,0,0,1,0,0,0,0,0,0,0,0,0,0,0,low
7.588,10.308,2,7,1,1,0,0,0,6,0,0,0,0,0,0,0,0,0,0,0,0,0,0,0,0,medium
80.447,51.116,40,95,3,1,0,0,0,497,1,1,1,1,1,1,1,0,1,1,0,1,0,0,0,1,high
15.391,2.597,5,1,1,1,0,0,0,9,0,0,0,0,1,0,0,0,0,0,0,0,0,0,0,0,medium
97.397,77.752,43,179,9,1,1,0,0,377,1,1,1,0,1,0,0,1,0,1,0,1,0,1,1,1,high
26.692,3.301,3,6,2,1,0,0,0,92,0,0,0,0,1,0,0,0,0,0,0,0,0,0,0,0,medium
92.240,80.533,30,162,4,1,0,0,0,383,1,1,1,0,1,1,0,1,1,1,0,0,1,0,1,1,medium
70.652,51.940,24,27,2,1,0,1,0,285,1,1,0,0,1,0,1,1,1,1,1,1,1,1,1,1,high
18.632,24.715,3,1,1,0,0,0,0,18,0,0,0,0,1,0,0,0,0,0,0,0,0,0,0,0,low
4.079,29.881,2,5,1,0,0,0,1,76,0,0,0,0,1,0,0,0,0,0,0,0,0,0,0,0,low
1.639,18.428,4,20,2,1,0,0,0,44,0,0,0,0,1,0,0,0,0,0,0,0,0,0,0,0,low
11.725,6.909,4,9,0,1,0,0,1,80,0,0,0,0,0,0,0,0,0,0,0,0,0,0,0,0,medium
7.767,10.699,5,28,1,1,0,0,1,100,0,0,0,0,0,0,0,0,0,0,0,0,0,0,0,0,low
18.422,6.152,1,28,1,1,0,0,0,7,0,0,0,0,0,0,0,0,0,0,0,0,0,0,0,0,medium
65.369,71.319,50,155,1,1,1,0,0,365,1,1,1,1,0,1,1,0,1,1,1,0,1,0,0,1,high
6.220,2.102,2,16,0,0,0,0,1,7,0,0,0,0,1,0,0,0,0,0,0,0,0,0,0,0,low
1.977,17.076,4,11,0,1,0,0,1,86,0,0,0,0,1,0,0,0,0,0,0,0,0,0,0,0,medium
18.145,16.043,1,14,1,1,0,0,1,63,0,0,0,0,1,0,0,0,0,0,0,0,0,0,0,0,medium
63.570,99.776,16,122,2,1,0,1,0,134,1,1,1,1,1,0,1,0,1,1,0,0,0,1,1,1,high
54.896,70.185,39,50,2,1,0,1,0,385,1,1,1,1,0,1,1,0,0,1,0,1,1,1,0,1,medium
92.963,99.209,30,73,8,1,1,0,0,320,1,1,0,1,0,0,0,1,1,1,0,1,1,1,1,1,medium
16.055,14.709,4,12,1,1,0,0,0,84,0,0,0,0,1,0,0,0,0,0,0,0,0,0,0,0,medium
26.035,22.990,4,19,1,0,0,0,1,37,0,0,0,0,1,0,0,0,0,0,0,0,0,0,0,0,low
87.795,51.760,15,176,4,1,1,1,0,239,1,1,0,1,0,0,0,1,1,1,1,1,0,1,0,1,medium
3.169,11.541,4,13,0,0,0,0,0,62,0,0,0,0,1,0,0,0,0,0,0,0,0,0,0,0,medium
10.916,1.648,4,21,2,0,0,0,0,18,0,0,0,0,1,0,0,0,0,0,0,0,0,0,0,0,low
20.669,22.521,5,26,2,0,0,0,0,63,0,0,0,0,0,0,0,0,0,0,0,0,0,0,0,0,low
50.682,59.384,10,159,6,1,0,0,0,357,1,1,0,0,0,1,0,1,0,1,1,0,0,0,1,1,critical
14.128,29.014,4,20,0,1,0,0,0,31,0,0,0,0,0,0,0,0,0,0,0,0,0,0,0,0,medium
28.024,28.123,5,14,0,0,0,0,1,60,0,0,0,0,0,0,0,0,0,0,0,0,0,0,0,0,medium
86.911,93.809,24,85,4,1,1,0,0,423,1,1,1,0,0,1,1,0,1,1,1,0,0,0,1,1,medium
12.409,27.242,1,7,2,1,0,0,1,77,0,0,0,0,0,0,0,0,0,0,0,0,0,0,0,0,medium
25.221,29.328,3,5,1,1,0,0,0,100,0,0,0,0,1,0,0,0,0,0,0,0,0,0,0,0,low
24.422,9.905,1,0,1,0,0,0,1,16,0,0,0,0,0,0,0,0,0,0,0,0,0,0,0,0,low
20.810,15.894,3,10,1,1,0,0,0,99,0,0,0,0,1,0,0,0,0,0,0,0,0,0,0,0,low
0.389,13.713,1,1,2,0,0,0,1,14,0,0,0,0,0,0,0,0,0,0,0,0,0,0,0,0,low
58.581,61.572,16,91,1,1,0,0,0,485,1,1,0,1,0,1,0,0,1,1,1,0,1,0,0,1,medium
17.469,2.684,1,15,0,1,0,0,1,83,0,0,0,0,0,0,0,0,0,0,0,0,0,0,0,0,medium
2.871,12.267,5,4,1,1,0,0,0,27,0,0,0,0,1,0,0,0,0,0,0,0,0,0,0,0,low
90.210,71.682,35,95,6,1,0,0,0,285,1,1,1,0,1,1,1,1,1,1,0,1,1,1,1,1,high
6.031,11.627,2,5,2,1,0,0,1,61,0,0,0,0,0,0,0,0,0,0,0,0,0,0,0,0,medium
73.321,56.862,5,112,9,1,0,1,0,454,1,1,1,0,0,1,1,1,1,1,0,1,1,0,1,1,medium
7.610,27.541,5,3,2,0,0,0,1,15,0,0,0,0,1,0,0,0,0,0,0,0,0,0,0,0,medium
25.184,19.326,2,20,0,1,0,0,1,65,0,0,0,0,1,0,0,0,0,0,0,0,0,0,0,0,low
9.753,13.425,5,6,0,0,0,0,1,70,0,0,0,0,0,0,0,0,0,0,0,0,0,0,0,0,low
15.334,22.789,3,26,1,0,0,0,1,69,0,0,0,0,0,0,0,0,0,0,0,0,0,0,0,0,medium
20.929,9.561,1,15,1,1,0,0,1,86,0,0,0,0,0,0,0,0,0,0,0,0,0,0,0,0,medium
6.033,13.776,3,20,0,1,0,0,1,73,0,0,0,0,0,0,0,0,0,0,0,0,0,0,0,0,low
4.681,2.723,5,12,1,0,0,0,0,14,0,0,0,0,1,0,0,0,0,0,0,0,0,0,0,0,low
17.310,26.768,1,0,0,1,0,0,0,71,0,0,0,0,0,0,0,0,0,0,0,0,0,0,0,0,medium
28.445,25.226,5,2,1,1,0,0,0,56,0,0,0,0,0,0,0,0,0,0,0,0,0,0,0,0,medium
11.124,8.710,3,16,0,1,0,0,0,72,0,0,0,0,1,0,0,0,0,0,0,0,0,0,0,0,low
13.271,18.391,3,17,0,0,0,0,1,34,0,0,0,0,1,0,0,0,0,0,0,0,0,0,0,0,low
2.875,28.093,3,5,1,0,0,0,0,22,0,0,0,0,1,0,0,0,0,0,0,0,0,0,0,0,medium
58.732,59.651,5,106,8,1,1,0,0,328,1,1,0,0,0,0,1,1,0,1,1,1,0,1,1,1,medium
20.375,6.638,4,11,1,1,0,0,1,73,0,0,0,0,0,0,0,0,0,0,0,0,0,0,0,0,medium
72.752,86.695,32,86,6,1,0,0,0,465,1,1,0,1,1,1,0,1,1,1,0,0,1,0,0,1,medium
4.019,2.038,5,9,1,1,0,0,1,86,0,0,0,0,1,0,0,0,0,0,0,0,0,0,0,0,medium
57.653,81.766,42,133,10,1,1,0,0,294,1,1,1,1,0,0,1,1,0,1,0,0,1,1,0,1,medium
68.777,86.268,23,13,2,1,0,0,0,80,1,1,1,0,0,1,1,0,1,1,1,1,0,1,1,1,high
0.664,5.022,2,7,0,0,0,0,1,43,0,0,0,0,1,0,0,0,0,0,0,0,0,0,0,0,low
21.611,0.359,3,2,1,0,0,0,0,96,0,0,0,0,0,0,0,0,0,0,0,0,0,0,0,0,medium
90.736,87.297,6,52,4,1,1,1,0,372,1,1,1,1,1,0,0,0,1,1,0,0,0,0,1,1,critical
15.136,24.910,2,9,2,1,0,0,0,69,0,0,0,0,0,0,0,0,0,0,0,0,0,0,0,0,low
11.077,8.979,1,21,2,1,0,0,1,23,0,0,0,0,1,0,0,0,0,0,0,0,0,0,0,0,medium
18.596,11.521,2,30,1,0,0,0,1,14,0,0,0,0,0,0,0,0,0,0,0,0,0,0,0,0,medium
6.375,20.665,4,21,1,1,0,0,0,75,0,0,0,0,0,0,0,0,0,0,0,0,0,0,0,0,medium
7.423,6.241,2,25,0,1,0,0,1,85,0,0,0,0,0,0,0,0,0,0,0,0,0,0,0,0,medium
63.038,59.586,40,154,6,1,1,0,0,378,1,1,1,0,0,1,1,0,0,1,1,1,1,0,0,1,high
29.972,2.429,2,11,1,0,0,0,1,24,0,0,0,0,1,0,0,0,0,0,0,0,0,0,0,0,low
11.232,1.121,3,8,0,0,0,0,0,92,0,0,0,0,0,0,0,0,0,0,0,0,0,0,0,0,medium
73.664,67.316,34,70,7,1,0,1,0,36,1,1,1,0,0,0,1,0,0,1,0,0,1,1,1,1,critical
93.704,69.546,37,144,9,1,0,0,0,345,1,1,1,1,1,1,0,0,0,1,1,0,0,1,0,1,high
24.693,12.594,3,22,2,1,0,0,1,70,0,0,0,0,1,0,0,0,0,0,0,0,0,0,0,0,low
95.583,97.798,19,56,3,1,1,0,0,138,1,1,1,0,1,0,0,1,1,1,1,1,1,0,1,1,medium
64.517,58.504,16,84,3,1,0,0,0,279,1,1,1,1,1,0,0,1,1,1,0,0,0,0,1,1,high
97.980,58.925,16,53,6,1,1,1,0,248,1,1,0,0,1,1,1,0,1,1,0,1,0,0,1,1,high
17.214,6.295,5,13,0,0,0,0,0,89,0,0,0,0,0,0,0,0,0,0,0,0,0,0,0,0,low
14.795,24.186,4,30,1,0,0,0,0,16,0,0,0,0,1,0,0,0,0,0,0,0,0,0,0,0,low
21.976,8.272,5,25,0,1,0,0,1,56,0,0,0,0,0,0,0,0,0,0,0,0,0,0,0,0,medium
10.472,22.473,5,24,0,0,0,0,0,24,0,0,0,0,0,0,0,0,0,0,0,0,0,0,0,0,low
2.863,27.250,5,6,2,0,0,0,0,11,0,0,0,0,1,0,0,0,0,0,0,0,0,0,0,0,low
12.445,12.800,1,18,1,0,0,0,0,20,0,0,0,0,1,0,0,0,0,0,0,0,0,0,0,0,medium
13.762,14.079,5,24,0,0,0,0,1,96,0,0,0,0,0,0,0,0,0,0,0,0,0,0,0,0,medium
58.462,71.179,34,170,3,1,0,1,0,311,1,1,1,0,0,1,1,0,0,1,1,1,0,0,0,1,critical
93.834,84.289,27,149,6,1,0,0,0,86,1,1,0,0,0,0,1,1,1,1,0,0,1,1,0,1,critical
3.285,9.067,4,4,1,1,0,0,0,80,0,0,0,0,1,0,0,0,0,0,0,0,0,0,0,0,medium
91.748,77.732,17,136,7,1,0,0,0,494,1,1,1,0,0,1,0,0,1,1,0,1,0,1,0,1,high
52.733,70.401,48,65,3,1,0,1,0,383,1,1,1,0,1,1,1,1,0,1,1,0,1,1,0,1,medium
10.139,17.683,5,11,2,0,0,0,1,71,0,0,0,0,1,0,0,0,0,0,0,0,0,0,0,0,low
18.960,7.830,5,25,0,1,0,0,0,26,0,0,0,0,1,0,0,0,0,0,0,0,0,0,0,0,low
3.287,6.015,3,8,1,0,0,0,0,93,0,0,0,0,0,0,0,0,0,0,0,0,0,0,0,0,medium
77.708,50.352,50,29,1,1,0,1,0,74,1,1,1,1,0,0,1,0,0,1,0,0,1,1,1,1,medium
29.432,3.885,2,16,0,1,0,0,0,21,0,0,0,0,1,0,0,0,0,0,0,0,0,0,0,0,low
67.920,79.377,49,119,10,1,1,0,0,372,1,1,1,1,1,0,0,0,0,1,1,0,0,1,1,1,critical
27.199,13.823,4,8,1,0,0,0,1,35,0,0,0,0,0,0,0,0,0,0,0,0,0,0,0,0,medium
50.628,68.657,46,83,10,1,1,0,0,496,1,1,1,1,1,1,1,0,0,1,0,0,1,0,0,1,medium
25.185,23.799,2,6,2,0,0,0,0,89,0,0,0,0,0,0,0,0,0,0,0,0,0,0,0,0,low
23.259,10.222,5,20,0,1,0,0,0,47,0,0,0,0,0,0,0,0,0,0,0,0,0,0,0,0,medium
10.470,3.129,1,15,0,0,0,0,0,61,0,0,0,0,0,0,0,0,0,0,0,0,0,0,0,0,low
17.092,20.035,2,6,2,1,0,0,1,84,0,0,0,0,0,0,0,0,0,0,0,0,0,0,0,0,low
7.012,15.155,4,30,0,0,0,0,1,20,0,0,0,0,0,0,0,0,0,0,0,0,0,0,0,0,medium
13.419,13.035,2,2,2,0,0,0,1,87,0,0,0,0,1,0,0,0,0,0,0,0,0,0,0,0,low
2.148,25.967,5,26,1,0,0,0,0,57,0,0,0,0,1,0,0,0,0,0,0,0,0,0,0,0,low
23.534,21.834,3,12,1,0,0,0,1,94,0,0,0,0,1,0,0,0,0,0,0,0,0,0,0,0,medium
15.157,28.733,3,19,2,0,0,0,0,83,0,0,0,0,0,0,0,0,0,0,0,0,0,0,0,0,medium
23.495,21.842,4,1,0,0,0,0,0,88,0,0,0,0,1,0,0,0,0,0,0,0,0,0,0,0,low
20.002,2.939,1,16,0,0,0,0,0,39,0,0,0,0,1,0,0,0,0,0,0,0,0,0,0,0,medium
92.186,68.948,32,96,8,1,0,1,0,46,1,1,0,0,0,1,0,0,1,1,1,0,0,0,1,1,high
15.340,7.596,4,25,1,1,0,0,0,92,0,0,0,0,0,0,0,0,0,0,0,0,0,0,0,0,medium
96.016,57.362,7,89,10,1,1,1,0,116,1,1,1,0,0,0,1,1,1,1,0,1,1,1,1,1,medium
2.599,18.934,5,4,1,0,0,0,0,48,0,0,0,0,0,0,0,0,0,0,0,0,0,0,0,0,low
77.839,95.123,33,94,7,1,0,0,0,140,1,1,0,0,1,0,1,0,0,1,0,0,0,0,1,1,medium
0.883,7.456,1,20,0,0,0,0,1,89,0,0,0,0,1,0,0,0,0,0,0,0,0,0,0,0,low
86.864,61.136,12,33,9,1,1,0,0,270,1,1,0,1,0,0,0,0,1,1,0,0,0,1,1,1,medium
92.174,84.829,23,177,1,1,0,0,0,495,1,1,0,0,0,1,1,0,1,1,1,0,1,0,0,1,high
95.302,88.237,26,28,2,1,0,0,0,464,1,1,1,0,1,1,0,0,1,1,1,1,0,1,0,1,critical
9.013,0.855,1,20,1,0,0,0,0,64,0,0,0,0,0,0,0,0,0,0,0,0,0,0,0,0,low
11.126,1.977,2,4,0,1,0,0,0,92,0,0,0,0,1,0,0,0,0,0,0,0,0,0,0,0,low
5.640,12.532,3,18,2,0,0,0,1,88,0,0,0,0,0,0,0,0,0,0,0,0,0,0,0,0,low
84.596,98.171,37,110,5,1,0,1,0,441,1,1,1,1,1,0,1,1,0,1,1,1,1,0,1,1,medium
0.101,25.912,2,0,0,0,0,0,0,18,0,0,0,0,1,0,0,0,0,0,0,0,0,0,0,0,low
10.678,29.447,2,20,0,0,0,0,1,8,0,0,0,0,1,0,0,0,0,0,0,0,0,0,0,0,low
26.204,11.383,4,11,0,0,0,0,1,84,0,0,0,0,1,0,0,0,0,0,0,0,0,0,0,0,low
17.642,17.470,3,23,1,1,0,0,0,70,0,0,0,0,1,0,0,0,0,0,0,0,0,0,0,0,medium
19.161,12.031,5,8,1,1,0,0,1,92,0,0,0,0,0,0,0,0,0,0,0,0,0,0,0,0,medium
9.668,15.113,3,7,1,1,0,0,0,13,0,0,0,0,0,0,0,0,0,0,0,0,0,0,0,0,medium
20.450,11.059,4,25,1,1,0,0,1,64,0,0,0,0,0,0,0,0,0,0,0,0,0,0,0,0,medium
20.495,11.242,4,20,1,1,0,0,1,27,0,0,0,0,1,0,0,0,0,0,0,0,0,0,0,0,low
28.681,1.606,5,20,0,1,0,0,1,87,0,0,0,0,0,0,0,0,0,0,0,0,0,0,0,0,low
87.465,72.809,7,187,10,1,1,0,0,250,1,1,0,1,0,1,1,1,0,1,0,1,0,0,1,1,high
79.840,64.715,48,108,9,1,0,1,0,136,1,1,0,0,1,1,1,0,1,1,0,0,0,1,1,1,high
28.396,27.738,3,17,1,1,0,0,0,74,0,0,0,0,0,0,0,0,0,0,0,0,0,0,0,0,low
19.566,23.451,5,5,2,0,0,0,1,94,0,0,0,0,1,0,0,0,0,0,0,0,0,0,0,0,medium
65.147,93.486,24,116,6,1,0,1,0,183,1,1,1,0,1,0,0,0,1,1,1,0,0,0,0,1,critical
14.509,4.764,4,9,2,0,0,0,1,51,0,0,0,0,1,0,0,0,0,0,0,0,0,0,0,0,medium
20.222,6.103,4,4,1,1,0,0,1,51,0,0,0,0,0,0,0,0,0,0,0,0,0,0,0,0,medium
8.171,29.053,5,12,0,1,0,0,1,29,0,0,0,0,1,0,0,0,0,0,0,0,0,0,0,0,medium
20.830,20.506,2,19,1,1,0,0,1,58,0,0,0,0,0,0,0,0,0,0,0,0,0,0,0,0,low
76.914,77.176,42,134,6,1,0,1,0,164,1,1,0,1,0,1,0,0,0,1,1,0,0,0,1,1,high
18.554,24.174,3,9,0,0,0,0,0,94,0,0,0,0,0,0,0,0,0,0,0,0,0,0,0,0,low
72.570,75.952,39,110,6,1,1,0,0,457,1,1,1,1,0,1,1,1,0,1,1,0,0,0,1,1,medium
4.128,19.228,4,9,1,1,0,0,0,50,0,0,0,0,1,0,0,0,0,0,0,0,0,0,0,0,low
18.434,20.445,5,4,2,0,0,0,0,50,0,0,0,0,1,0,0,0,0,0,0,0,0,0,0,0,medium
12.000,13.851,3,21,1,1,0,0,0,5,0,0,0,0,0,0,0,0,0,0,0,0,0,0,0,0,low
12.600,1.693,4,13,0,0,0,0,1,67,0,0,0,0,0,0,0,0,0,0,0,0,0,0,0,0,low
65.816,50.847,23,110,3,1,1,1,0,324,1,1,1,1,0,1,1,0,1,1,1,0,1,1,0,1,medium
78.406,68.263,20,95,9,1,1,1,0,259,1,1,0,0,0,1,0,1,1,1,1,1,0,0,0,1,critical
12.333,10.264,4,24,2,1,0,0,1,42,0,0,0,0,1,0,0,0,0,0,0,0,0,0,0,0,medium
22.735,20.067,1,7,2,1,0,0,1,65,0,0,0,0,0,0,0,0,0,0,0,0,0,0,0,0,medium
4.964,16.093,5,19,1,0,0,0,0,33,0,0,0,0,0,0,0,0,0,0,0,0,0,0,0,0,medium
29.927,5.072,1,24,1,0,0,0,0,80,0,0,0,0,0,0,0,0,0,0,0,0,0,0,0,0,low
58.372,97.709,47,193,9,1,0,0,0,400,1,1,1,0,1,0,1,0,0,1,0,1,1,1,0,1,medium
13.053,20.440,3,27,2,0,0,0,1,32,0,0,0,0,1,0,0,0,0,0,0,0,0,0,0,0,low
15.811,0.399,3,20,2,0,0,0,1,70,0,0,0,0,0,0,0,0,0,0,0,0,0,0,0,0,medium
67.230,92.914,31,47,10,1,0,0,0,169,1,1,0,1,1,1,0,0,1,1,1,1,1,0,0,1,critical
18.795,28.287,5,20,1,0,0,0,1,76,0,0,0,0,1,0,0,0,0,0,0,0,0,0,0,0,medium
9.614,27.776,1,17,0,1,0,0,0,67,0,0,0,0,0,0,0,0,0,0,0,0,0,0,0,0,medium
7.906,25.693,1,7,2,1,0,0,0,77,0,0,0,0,1,0,0,0,0,0,0,0,0,0,0,0,medium
15.254,18.962,5,9,0,1,0,0,0,72,0,0,0,0,1,0,0,0,0,0,0,0,0,0,0,0,low
18.182,20.695,3,17,0,0,0,0,1,86,0,0,0,0,1,0,0,0,0,0,0,0,0,0,0,0,medium
2.725,24.771,2,16,0,1,0,0,1,92,0,0,0,0,1,0,0,0,0,0,0,0,0,0,0,0,low
77.113,94.521,39,12,9,1,0,0,0,354,1,1,0,0,0,0,1,1,1,1,1,0,0,0,0,1,medium
24.118,5.954,2,16,1,0,0,0,0,51,0,0,0,0,0,0,0,0,0,0,0,0,0,0,0,0,medium
22.706,7.920,4,7,0,0,0,0,0,39,0,0,0,0,0,0,0,0,0,0,0,0,0,0,0,0,medium
99.746,95.713,16,92,10,1,0,1,0,423,1,1,1,0,1,0,1,1,1,1,0,0,0,0,0,1,high
59.219,52.274,37,88,9,1,1,1,0,420,1,1,0,1,1,1,0,0,0,1,1,1,0,0,1,1,high
71.070,66.456,19,29,2,1,0,1,0,376,1,1,0,0,1,1,0,0,0,1,0,1,0,1,0,1,critical
21.654,7.600,3,29,0,0,0,0,1,13,0,0,0,0,0,0,0,0,0,0,0,0,0,0,0,0,low
16.004,16.413,3,17,1,0,0,0,1,49,0,0,0,0,0,0,0,0,0,0,0,0,0,0,0,0,medium
12.299,25.431,1,11,0,0,0,0,1,79,0,0,0,0,1,0,0,0,0,0,0,0,0,0,0,0,low
69.025,93.103,6,157,4,1,0,1,0,354,1,1,0,1,0,1,0,0,1,1,0,0,1,1,0,1,medium
63.763,61.777,30,106,1,1,0,0,0,425,1,1,0,1,0,1,0,1,0,1,0,1,0,0,0,1,critical
2.098,22.537,3,3,2,0,0,0,1,11,0,0,0,0,1,0,0,0,0,0,0,0,0,0,0,0,low
90.913,93.988,34,156,7,1,0,0,0,25,1,1,0,1,1,0,1,1,1,1,0,0,0,0,0,1,critical
28.480,2.518,4,19,0,1,0,0,0,100,0,0,0,0,1,0,0,0,0,0,0,0,0,0,0,0,medium
0.756,27.485,4,27,1,1,0,0,1,13,0,0,0,0,1,0,0,0,0,0,0,0,0,0,0,0,medium
6.144,11.124,1,19,2,1,0,0,1,56,0,0,0,0,0,0,0,0,0,0,0,0,0,0,0,0,low
19.476,28.311,1,18,2,1,0,0,0,54,0,0,0,0,1,0,0,0,0,0,0,0,0,0,0,0,medium
12.890,0.807,5,0,2,0,0,0,1,55,0,0,0,0,0,0,0,0,0,0,0,0,0,0,0,0,medium
27.256,9.868,1,27,2,1,0,0,1,21,0,0,0,0,1,0,0,0,0,0,0,0,0,0,0,0,medium
12.817,1.565,3,3,1,0,0,0,0,59,0,0,0,0,0,0,0,0,0,0,0,0,0,0,0,0,low
28.897,10.150,5,21,1,1,0,0,0,66,0,0,0,0,0,0,0,0,0,0,0,0,0,0,0,0,low
10.962,29.309,4,14,0,0,0,0,1,81,0,0,0,0,0,0,0,0,0,0,0,0,0,0,0,0,medium
63.985,62.550,35,26,3,1,1,0,0,91,1,1,0,1,0,1,1,1,0,1,1,0,1,0,0,1,critical
11.198,20.600,4,26,0,0,0,0,0,27,0,0,0,0,0,0,0,0,0,0,0,0,0,0,0,0,medium
6.081,19.298,4,11,2,0,0,0,1,67,0,0,0,0,0,0,0,0,0,0,0,0,0,0,0,0,low
25.158,29.835,5,11,1,1,0,0,0,60,0,0,0,0,0,0,0,0,0,0,0,0,0,0,0,0,medium
10.121,2.794,1,27,1,1,0,0,0,41,0,0,0,0,0,0,0,0,0,0,0,0,0,0,0,0,medium
71.070,95.077,48,38,4,1,1,1,0,426,1,1,1,0,0,1,0,1,0,1,1,0,1,1,1,1,medium
86.005,96.149,24,32,3,1,0,0,0,151,1,1,0,1,1,1,0,1,1,1,1,1,1,1,0,1,medium
89.348,57.764,49,123,1,1,1,1,0,167,1,1,0,1,0,1,0,1,1,1,0,0,1,0,0,1,medium
14.592,11.162,5,7,1,0,0,0,1,5,0,0,0,0,0,0,0,0,0,0,0,0,0,0,0,0,medium
68.867,84.705,50,151,4,1,0,0,0,259,1,1,0,0,0,1,0,0,0,1,0,1,1,0,1,1,medium
29.513,8.544,2,8,2,0,0,0,1,54,0,0,0,0,1,0,0,0,0,0,0,0,0,0,0,0,low
13.949,17.032,2,15,1,0,0,0,1,80,0,0,0,0,1,0,0,0,0,0,0,0,0,0,0,0,low
7.399,19.143,5,1,0,0,0,0,0,50,0,0,0,0,0,0,0,0,0,0,0,0,0,0,0,0,low
21.428,11.919,4,1,2,0,0,0,0,43,0,0,0,0,1,0,0,0,0,0,0,0,0,0,0,0,low
23.496,13.750,5,22,1,0,0,0,0,45,0,0,0,0,1,0,0,0,0,0,0,0,0,0,0,0,low
6.829,26.544,4,22,1,1,0,0,1,22,0,0,0,0,0,0,0,0,0,0,0,0,0,0,0,0,low
24.334,8.832,5,26,2,0,0,0,0,43,0,0,0,0,1,0,0,0,0,0,0,0,0,0,0,0,low
73.946,93.328,5,67,7,1,1,1,0,397,1,1,1,0,1,0,1,1,1,1,1,0,1,1,1,1,critical
29.614,2.507,5,20,2,0,0,0,0,87,0,0,0,0,1,0,0,0,0,0,0,0,0,0,0,0,low
0.506,10.157,4,12,0,0,0,0,0,17,0,0,0,0,1,0,0,0,0,0,0,0,0,0,0,0,medium
7.505,28.072,3,11,1,1,0,0,1,42,0,0,0,0,0,0,0,0,0,0,0,0,0,0,0,0,medium
89.558,84.215,19,192,9,1,1,0,0,51,1,1,0,1,1,1,1,1,1,1,0,0,0,0,1,1,medium
8.200,17.680,2,20,2,0,0,0,0,6,0,0,0,0,0,0,0,0,0,0,0,0,0,0,0,0,medium
0.889,11.474,2,13,0,0,0,0,1,78,0,0,0,0,0,0,0,0,0,0,0,0,0,0,0,0,medium
27.925,11.455,2,28,2,1,0,0,1,92,0,0,0,0,0,0,0,0,0,0,0,0,0,0,0,0,low
4.166,17.118,5,22,0,1,0,0,0,21,0,0,0,0,0,0,0,0,0,0,0,0,0,0,0,0,medium
21.112,20.509,3,11,1,1,0,0,1,6,0,0,0,0,1,0,0,0,0,0,0,0,0,0,0,0,low
20.728,27.537,4,18,1,1,0,0,1,49,0,0,0,0,1,0,0,0,0,0,0,0,0,0,0,0,low
6.655,14.611,3,21,0,0,0,0,0,78,0,0,0,0,1,0,0,0,0,0,0,0,0,0,0,0,low
23.717,12.508,3,0,1,1,0,0,1,95,0,0,0,0,1,0,0,0,0,0,0,0,0,0,0,0,low
82.942,84.756,39,150,6,1,1,1,0,91,1,1,0,1,0,0,1,1,1,1,1,0,1,0,0,1,high
85.456,74.611,15,108,3,1,1,1,0,56,1,1,1,0,1,0,0,1,0,1,1,0,0,0,1,1,high
7.568,20.771,2,2,0,0,0,0,1,29,0,0,0,0,0,0,0,0,0,0,0,0,0,0,0,0,low
25.988,2.629,5,10,1,1,0,0,1,72,0,0,0,0,0,0,0,0,0,0,0,0,0,0,0,0,medium
1.127,22.486,4,23,2,1,0,0,1,95,0,0,0,0,1,0,0,0,0,0,0,0,0,0,0,0,medium
14.048,1.335,2,14,0,1,0,0,1,34,0,0,0,0,1,0,0,0,0,0,0,0,0,0,0,0,low
20.314,17.252,2,26,2,0,0,0,0,36,0,0,0,0,1,0,0,0,0,0,0,0,0,0,0,0,low
78.581,70.886,13,151,2,1,1,1,0,53,1,1,1,0,1,1,1,0,1,1,1,0,0,0,0,1,medium
79.915,89.868,12,120,5,1,1,1,0,401,1,1,0,1,1,0,1,0,0,1,1,0,1,0,1,1,critical
58.590,56.195,21,151,3,1,0,0,0,399,1,1,1,1,1,1,1,0,0,1,1,1,0,0,0,1,medium
4.580,8.314,4,16,0,0,0,0,1,57,0,0,0,0,1,0,0,0,0,0,0,0,0,0,0,0,medium
71.331,56.010,16,90,2,1,0,1,0,441,1,1,1,1,0,1,0,0,0,1,1,1,1,0,1,1,medium
80.849,93.454,36,63,8,1,0,0,0,426,1,1,0,0,1,1,0,1,1,1,1,0,1,1,0,1,medium
25.474,1.938,1,10,1,1,0,0,0,38,0,0,0,0,0,0,0,0,0,0,0,0,0,0,0,0,medium
6.289,3.905,3,25,2,1,0,0,0,88,0,0,0,0,1,0,0,0,0,0,0,0,0,0,0,0,medium
17.367,10.789,2,15,0,1,0,0,1,33,0,0,0,0,1,0,0,0,0,0,0,0,0,0,0,0,medium
25.974,18.940,1,5,1,0,0,0,0,97,0,0,0,0,1,0,0,0,0,0,0,0,0,0,0,0,low
15.212,5.803,4,3,2,0,0,0,1,63,0,0,0,0,1,0,0,0,0,0,0,0,0,0,0,0,medium
10.834,9.073,1,10,1,0,0,0,1,59,0,0,0,0,0,0,0,0,0,0,0,0,0,0,0,0,low
14.795,28.676,2,16,2,0,0,0,0,92,0,0,0,0,1,0,0,0,0,0,0,0,0,0,0,0,low
79.915,91.742,31,43,5,1,1,0,0,304,1,1,1,1,0,0,1,1,0,1,1,1,0,0,0,1,critical
73.620,94.951,31,110,9,1,0,1,0,47,1,1,1,1,0,1,0,0,1,1,0,1,0,0,0,1,medium
8.897,21.291,5,28,0,0,0,0,1,46,0,0,0,0,1,0,0,0,0,0,0,0,0,0,0,0,low
19.080,5.522,4,10,2,0,0,0,1,43,0,0,0,0,0,0,0,0,0,0,0,0,0,0,0,0,low
7.222,15.012,1,19,0,0,0,0,0,8,0,0,0,0,1,0,0,0,0,0,0,0,0,0,0,0,medium
19.949,9.913,1,26,0,1,0,0,0,5,0,0,0,0,0,0,0,0,0,0,0,0,0,0,0,0,medium
10.783,20.924,5,27,1,0,0,0,0,13,0,0,0,0,1,0,0,0,0,0,0,0,0,0,0,0,low
16.126,16.903,4,7,2,0,0,0,1,40,0,0,0,0,0,0,0,0,0,0,0,0,0,0,0,0,medium
15.293,8.430,3,24,0,0,0,0,1,25,0,0,0,0,1,0,0,0,0,0,0,0,0,0,0,0,low
2.103,13.437,2,28,0,1,0,0,0,84,0,0,0,0,1,0,0,0,0,0,0,0,0,0,0,0,low
17.078,4.997,2,26,1,1,0,0,0,52,0,0,0,0,1,0,0,0,0,0,0,0,0,0,0,0,low
87.156,57.501,13,117,1,1,0,1,0,357,1,1,1,0,1,0,1,1,0,1,1,1,0,1,1,1,high
25.883,26.087,2,18,1,1,0,0,0,27,0,0,0,0,0,0,0,0,0,0,0,0,0,0,0,0,medium
25.840,14.402,2,19,1,0,0,0,0,20,0,0,0,0,1,0,0,0,0,0,0,0,0,0,0,0,low
27.628,6.300,4,24,2,0,0,0,0,53,0,0,0,0,0,0,0,0,0,0,0,0,0,0,0,0,low
28.109,9.310,2,3,0,0,0,0,0,31,0,0,0,0,1,0,0,0,0,0,0,0,0,0,0,0,medium
23.738,6.813,4,17,1,1,0,0,0,99,0,0,0,0,0,0,0,0,0,0,0,0,0,0,0,0,low
6.812,25.461,3,11,2,0,0,0,0,13,0,0,0,0,1,0,0,0,0,0,0,0,0,0,0,0,low
16.897,7.258,2,2,0,0,0,0,1,13,0,0,0,0,1,0,0,0,0,0,0,0,0,0,0,0,medium
9.083,18.652,5,20,2,1,0,0,1,36,0,0,0,0,0,0,0,0,0,0,0,0,0,0,0,0,medium
64.409,52.767,21,118,4,1,0,0,0,476,1,1,0,0,0,1,0,0,1,1,1,0,1,1,0,1,critical
16.285,3.153,4,9,0,1,0,0,1,48,0,0,0,0,1,0,0,0,0,0,0,0,0,0,0,0,medium
27.150,14.786,1,11,2,0,0,0,1,95,0,0,0,0,0,0,0,0,0,0,0,0,0,0,0,0,medium
63.678,88.198,48,181,4,1,0,0,0,484,1,1,0,0,0,1,1,0,1,1,1,0,1,0,1,1,high
14.192,22.127,3,15,1,0,0,0,0,16,0,0,0,0,0,0,0,0,0,0,0,0,0,0,0,0,low
85.291,53.418,7,42,3,1,0,1,0,309,1,1,0,0,0,1,0,0,1,1,0,0,0,0,0,1,critical
13.713,5.880,1,2,1,0,0,0,0,32,0,0,0,0,0,0,0,0,0,0,0,0,0,0,0,0,medium
1.519,26.379,2,23,1,0,0,0,0,96,0,0,0,0,0,0,0,0,0,0,0,0,0,0,0,0,medium
50.759,99.161,17,157,4,1,0,0,0,416,1,1,1,1,1,0,0,0,1,1,1,1,1,0,0,1,medium
9.708,13.692,1,12,0,0,0,0,1,10,0,0,0,0,0,0,0,0,0,0,0,0,0,0,0,0,medium
8.780,8.180,2,1,0,1,0,0,0,65,0,0,0,0,1,0,0,0,0,0,0,0,0,0,0,0,medium
28.117,3.982,2,30,0,0,0,0,0,12,0,0,0,0,1,0,0,0,0,0,0,0,0,0,0,0,medium
17.314,18.153,4,4,2,0,0,0,1,13,0,0,0,0,0,0,0,0,0,0,0,0,0,0,0,0,medium
82.357,58.134,34,81,2,1,0,0,0,448,1,1,1,0,1,1,0,0,1,1,1,1,0,1,1,1,high
26.383,23.097,2,17,2,0,0,0,0,7,0,0,0,0,1,0,0,0,0,0,0,0,0,0,0,0,low
8.412,19.603,3,15,1,1,0,0,1,8,0,0,0,0,0,0,0,0,0,0,0,0,0,0,0,0,low
22.156,9.093,1,13,2,1,0,0,0,84,0,0,0,0,1,0,0,0,0,0,0,0,0,0,0,0,low
29.185,15.400,3,21,2,0,0,0,0,53,0,0,0,0,1,0,0,0,0,0,0,0,0,0,0,0,medium
27.561,28.261,2,24,2,1,0,0,0,42,0,0,0,0,1,0,0,0,0,0,0,0,0,0,0,0,medium
16.246,22.145,5,25,1,0,0,0,0,49,0,0,0,0,0,0,0,0,0,0,0,0,0,0,0,0,low
13.994,24.260,5,0,1,0,0,0,0,60,0,0,0,0,0,0,0,0,0,0,0,0,0,0,0,0,medium
59.310,78.703,43,152,10,1,0,1,0,173,1,1,0,1,1,0,0,1,0,1,1,0,0,1,1,1,medium
27.761,19.900,1,29,2,0,0,0,0,79,0,0,0,0,1,0,0,0,0,0,0,0,0,0,0,0,medium
54.100,73.262,40,113,5,1,0,1,0,424,1,1,1,1,0,1,1,1,0,1,0,0,0,0,0,1,high
22.233,28.459,3,29,2,0,0,0,0,29,0,0,0,0,1,0,0,0,0,0,0,0,0,0,0,0,low
20.195,13.022,3,11,2,0,0,0,0,31,0,0,0,0,1,0,0,0,0,0,0,0,0,0,0,0,medium
65.621,99.822,9,33,8,1,0,1,0,42,1,1,0,1,0,1,0,0,1,1,1,0,0,0,0,1,critical
23.826,22.842,1,29,1,0,0,0,1,13,0,0,0,0,1,0,0,0,0,0,0,0,0,0,0,0,medium
26.413,3.926,1,6,2,0,0,0,1,12,0,0,0,0,0,0,0,0,0,0,0,0,0,0,0,0,medium
60.821,59.588,21,148,10,1,0,0,0,119,1,1,0,0,1,0,1,1,0,1,0,1,1,1,0,1,critical
0.957,11.468,3,8,1,1,0,0,1,84,0,0,0,0,1,0,0,0,0,0,0,0,0,0,0,0,medium
13.648,3.247,2,13,0,1,0,0,1,32,0,0,0,0,1,0,0,0,0,0,0,0,0,0,0,0,medium
15.332,19.762,4,12,2,0,0,0,1,25,0,0,0,0,1,0,0,0,0,0,0,0,0,0,0,0,low
13.985,24.908,3,30,1,1,0,0,0,78,0,0,0,0,0,0,0,0,0,0,0,0,0,0,0,0,low
15.526,20.376,3,1,0,0,0,0,1,86,0,0,0,0,1,0,0,0,0,0,0,0,0,0,0,0,low
15.299,28.410,1,12,1,0,0,0,1,85,0,0,0,0,1,0,0,0,0,0,0,0,0,0,0,0,low
8.170,27.901,4,17,0,0,0,0,0,89,0,0,0,0,1,0,0,0,0,0,0,0,0,0,0,0,medium
26.403,11.545,4,18,1,1,0,0,1,60,0,0,0,0,1,0,0,0,0,0,0,0,0,0,0,0,medium
15.876,26.985,3,26,1,1,0,0,1,10,0,0,0,0,1,0,0,0,0,0,0,0,0,0,0,0,medium
14.008,19.130,3,5,0,1,0,0,0,9,0,0,0,0,1,0,0,0,0,0,0,0,0,0,0,0,medium
11.071,12.017,4,26,2,1,0,0,1,65,0,0,0,0,0,0,0,0,0,0,0,0,0,0,0,0,medium
58.838,51.205,32,43,5,1,1,1,0,89,1,1,1,0,1,1,1,1,1,1,0,1,1,0,1,1,high
15.113,5.547,4,16,2,0,0,0,1,48,0,0,0,0,0,0,0,0,0,0,0,0,0,0,0,0,medium
68.683,69.762,12,136,9,1,1,1,0,184,1,1,1,1,1,1,1,0,1,1,0,1,0,1,1,1,high
6.533,10.856,2,18,1,0,0,0,1,70,0,0,0,0,0,0,0,0,0,0,0,0,0,0,0,0,low
78.327,88.365,42,200,6,1,1,0,0,56,1,1,0,0,1,0,0,1,1,1,1,0,1,1,0,1,high
7.657,10.920,3,11,2,0,0,0,0,8,0,0,0,0,1,0,0,0,0,0,0,0,0,0,0,0,medium
97.247,53.801,26,199,1,1,0,0,0,322,1,1,0,0,1,1,0,0,0,1,1,0,0,1,0,1,critical
18.960,18.092,3,5,2,1,0,0,1,68,0,0,0,0,1,0,0,0,0,0,0,0,0,0,0,0,low
10.028,6.476,1,9,2,0,0,0,0,47,0,0,0,0,0,0,0,0,0,0,0,0,0,0,0,0,medium
7.013,13.495,3,12,1,1,0,0,0,53,0,0,0,0,0,0,0,0,0,0,0,0,0,0,0,0,medium
70.812,80.775,33,165,1,1,1,1,0,245,1,1,1,0,0,1,1,0,0,1,0,0,1,1,1,1,medium
9.708,28.127,5,1,0,1,0,0,0,27,0,0,0,0,1,0,0,0,0,0,0,0,0,0,0,0,low
2.901,22.773,1,17,2,1,0,0,1,84,0,0,0,0,1,0,0,0,0,0,0,0,0,0,0,0,medium
92.791,79.229,14,166,1,1,0,0,0,190,1,1,1,0,1,0,1,1,1,1,1,1,1,1,1,1,critical
28.971,2.708,2,1,2,0,0,0,1,62,0,0,0,0,1,0,0,0,0,0,0,0,0,0,0,0,low
0.725,19.605,5,25,2,0,0,0,0,40,0,0,0,0,1,0,0,0,0,0,0,0,0,0,0,0,medium
10.012,16.302,4,22,1,0,0,0,0,27,0,0,0,0,1,0,0,0,0,0,0,0,0,0,0,0,medium
87.500,80.158,6,84,6,1,1,0,0,481,1,1,0,1,1,0,1,1,1,1,0,1,0,0,1,1,critical
75.462,50.372,20,91,3,1,1,0,0,369,1,1,0,0,1,1,1,0,1,1,1,0,1,1,1,1,critical
83.397,57.291,13,105,3,1,1,1,0,444,1,1,0,0,1,0,0,0,1,1,1,0,0,1,1,1,high
17.268,26.090,1,14,1,0,0,0,1,44,0,0,0,0,1,0,0,0,0,0,0,0,0,0,0,0,low
12.744,29.212,2,7,1,0,0,0,1,9,0,0,0,0,1,0,0,0,0,0,0,0,0,0,0,0,low
10.226,20.092,3,4,0,0,0,0,0,50,0,0,0,0,1,0,0,0,0,0,0,0,0,0,0,0,low
17.959,29.568,2,30,2,0,0,0,0,26,0,0,0,0,1,0,0,0,0,0,0,0,0,0,0,0,medium
14.281,20.692,5,17,2,0,0,0,0,53,0,0,0,0,1,0,0,0,0,0,0,0,0,0,0,0,medium
11.161,27.764,2,9,1,1,0,0,0,46,0,0,0,0,1,0,0,0,0,0,0,0,0,0,0,0,low
12.149,14.856,5,9,2,1,0,0,0,99,0,0,0,0,1,0,0,0,0,0,0,0,0,0,0,0,medium
15.805,16.268,2,15,2,0,0,0,0,66,0,0,0,0,0,0,0,0,0,0,0,0,0,0,0,0,medium
1.949,26.312,4,3,0,0,0,0,0,69,0,0,0,0,1,0,0,0,0,0,0,0,0,0,0,0,medium
81.744,77.053,18,124,3,1,0,1,0,240,1,1,1,1,1,1,0,0,0,1,1,1,1,1,0,1,critical
99.498,63.576,5,174,1,1,1,0,0,464,1,1,1,1,1,1,0,0,0,1,0,1,1,1,1,1,medium
23.630,5.337,5,8,2,0,0,0,1,55,0,0,0,0,0,0,0,0,0,0,0,0,0,0,0,0,medium
91.647,56.539,18,36,5,1,1,0,0,89,1,1,1,1,1,1,1,0,0,1,1,1,1,1,0,1,high
1.780,4.383,4,23,1,0,0,0,1,17,0,0,0,0,0,0,0,0,0,0,0,0,0,0,0,0,medium
61.179,82.572,23,171,2,1,1,0,0,29,1,1,1,1,0,0,0,1,1,1,1,1,0,1,0,1,medium
13.223,5.267,2,5,0,1,0,0,0,80,0,0,0,0,0,0,0,0,0,0,0,0,0,0,0,0,low
2.596,28.146,1,24,2,0,0,0,0,58,0,0,0,0,0,0,0,0,0,0,0,0,0,0,0,0,medium
20.373,3.598,1,12,1,1,0,0,1,8,0,0,0,0,0,0,0,0,0,0,0,0,0,0,0,0,medium
8.830,15.943,2,0,1,1,0,0,1,41,0,0,0,0,0,0,0,0,0,0,0,0,0,0,0,0,low
69.877,85.435,48,133,6,1,0,1,0,442,1,1,0,1,0,0,1,1,1,1,1,1,1,1,0,1,critical
96.831,69.863,10,142,1,1,0,0,0,135,1,1,0,1,1,0,1,1,0,1,0,0,1,1,0,1,critical
83.199,66.759,41,97,8,1,0,1,0,449,1,1,1,0,0,0,1,1,0,1,1,0,1,1,0,1,medium
86.389,65.210,45,101,2,1,0,0,0,115,1,1,1,0,1,1,0,0,1,1,0,1,0,1,0,1,medium
0.657,6.059,1,23,1,0,0,0,1,24,0,0,0,0,1,0,0,0,0,0,0,0,0,0,0,0,medium
23.187,23.853,2,20,2,0,0,0,1,45,0,0,0,0,0,0,0,0,0,0,0,0,0,0,0,0,low
7.041,22.379,4,0,1,1,0,0,1,72,0,0,0,0,0,0,0,0,0,0,0,0,0,0,0,0,low
2.894,23.623,1,22,2,0,0,0,1,79,0,0,0,0,0,0,0,0,0,0,0,0,0,0,0,0,medium
13.780,14.879,2,18,1,1,0,0,1,49,0,0,0,0,0,0,0,0,0,0,0,0,0,0,0,0,medium
4.774,23.610,2,27,2,0,0,0,0,33,0,0,0,0,0,0,0,0,0,0,0,0,0,0,0,0,medium
24.808,22.989,2,30,2,1,0,0,0,100,0,0,0,0,0,0,0,0,0,0,0,0,0,0,0,0,low
3.599,1.955,3,21,0,1,0,0,1,24,0,0,0,0,1,0,0,0,0,0,0,0,0,0,0,0,low
10.179,19.633,4,16,1,1,0,0,1,37,0,0,0,0,1,0,0,0,0,0,0,0,0,0,0,0,low
16.979,28.351,5,28,2,1,0,0,1,99,0,0,0,0,1,0,0,0,0,0,0,0,0,0,0,0,medium
3.902,26.240,1,15,0,1,0,0,0,99,0,0,0,0,1,0,0,0,0,0,0,0,0,0,0,0,low
3.449,13.219,5,27,2,0,0,0,1,80,0,0,0,0,1,0,0,0,0,0,0,0,0,0,0,0,low
22.641,2.717,5,13,2,0,0,0,0,18,0,0,0,0,0,0,0,0,0,0,0,0,0,0,0,0,low
1.061,1.714,1,1,1,0,0,0,0,60,0,0,0,0,1,0,0,0,0,0,0,0,0,0,0,0,medium
4.937,15.609,2,14,0,1,0,0,0,30,0,0,0,0,0,0,0,0,0,0,0,0,0,0,0,0,medium
3.415,6.997,2,30,0,0,0,0,1,62,0,0,0,0,1,0,0,0,0,0,0,0,0,0,0,0,medium
70.330,77.078,29,80,8,1,1,0,0,384,1,1,0,1,0,1,1,0,0,1,0,0,0,0,1,1,high
22.156,19.338,3,15,0,0,0,0,1,95,0,0,0,0,0,0,0,0,0,0,0,0,0,0,0,0,medium
62.752,65.108,33,130,9,1,1,1,0,122,1,1,0,0,1,0,1,0,1,1,0,0,1,1,0,1,high
78.176,55.435,50,114,9,1,1,0,0,240,1,1,1,0,0,1,1,0,1,1,1,0,1,1,1,1,high
1.892,4.421,2,30,1,1,0,0,0,14,0,0,0,0,0,0,0,0,0,0,0,0,0,0,0,0,low
4.230,24.178,1,7,1,0,0,0,1,77,0,0,0,0,1,0,0,0,0,0,0,0,0,0,0,0,medium
19.065,29.162,2,13,2,0,0,0,1,37,0,0,0,0,1,0,0,0,0,0,0,0,0,0,0,0,low
23.157,11.727,1,17,0,1,0,0,1,66,0,0,0,0,1,0,0,0,0,0,0,0,0,0,0,0,low
25.835,23.164,5,30,2,0,0,0,1,47,0,0,0,0,1,0,0,0,0,0,0,0,0,0,0,0,medium
80.606,68.082,28,103,7,1,0,1,0,86,1,1,0,0,1,1,1,0,1,1,0,1,1,1,1,1,high
59.797,97.058,46,44,3,1,1,0,0,217,1,1,0,1,1,1,1,1,1,1,1,0,0,1,0,1,critical
93.126,56.353,19,197,9,1,1,0,0,86,1,1,1,0,0,1,0,0,1,1,1,0,0,0,1,1,critical
4.837,16.904,5,5,2,1,0,0,0,41,0,0,0,0,1,0,0,0,0,0,0,0,0,0,0,0,medium
17.126,23.955,1,21,0,1,0,0,1,26,0,0,0,0,0,0,0,0,0,0,0,0,0,0,0,0,medium
92.194,54.611,27,174,6,1,1,1,0,402,1,1,1,0,1,1,1,0,1,1,0,0,0,0,0,1,critical
53.855,57.269,35,89,3,1,0,0,0,63,1,1,0,0,0,1,0,1,0,1,1,0,0,0,1,1,medium
3.668,4.480,4,14,0,0,0,0,0,95,0,0,0,0,1,0,0,0,0,0,0,0,0,0,0,0,low
2.286,8.583,2,1,1,0,0,0,0,19,0,0,0,0,0,0,0,0,0,0,0,0,0,0,0,0,low
72.831,87.817,10,93,5,1,0,0,0,110,1,1,0,1,1,1,0,0,1,1,1,1,1,1,1,1,medium
23.835,12.131,5,16,2,1,0,0,0,61,0,0,0,0,1,0,0,0,0,0,0,0,0,0,0,0,medium
61.395,79.185,13,120,10,1,1,1,0,205,1,1,1,1,1,0,1,0,0,1,0,0,0,0,1,1,medium
27.016,1.493,2,2,1,0,0,0,0,14,0,0,0,0,0,0,0,0,0,0,0,0,0,0,0,0,medium
20.286,29.390,3,18,2,0,0,0,1,41,0,0,0,0,1,0,0,0,0,0,0,0,0,0,0,0,medium
2.201,12.610,5,26,2,1,0,0,1,98,0,0,0,0,1,0,0,0,0,0,0,0,0,0,0,0,medium
26.179,15.725,5,10,2,1,0,0,0,97,0,0,0,0,0,0,0,0,0,0,0,0,0,0,0,0,medium
20.105,21.579,1,15,0,1,0,0,1,9,0,0,0,0,1,0,0,0,0,0,0,0,0,0,0,0,low
69.762,90.452,33,21,2,1,0,0,0,21,1,1,0,0,1,1,1,0,0,1,0,1,1,0,1,1,medium
1.914,19.209,3,12,1,0,0,0,1,62,0,0,0,0,1,0,0,0,0,0,0,0,0,0,0,0,medium
17.059,27.638,5,3,2,0,0,0,0,10,0,0,0,0,0,0,0,0,0,0,0,0,0,0,0,0,low
73.496,59.956,42,21,2,1,1,0,0,63,1,1,1,0,0,1,0,1,0,1,0,0,1,0,1,1,high
57.627,88.919,13,13,7,1,1,0,0,247,1,1,1,0,0,0,1,1,0,1,1,1,1,0,1,1,medium
55.197,85.252,6,155,1,1,0,0,0,425,1,1,0,0,1,0,1,0,1,1,1,1,0,0,0,1,high
19.950,27.223,3,26,0,0,0,0,1,69,0,0,0,0,1,0,0,0,0,0,0,0,0,0,0,0,medium
13.046,9.464,3,26,0,0,0,0,1,95,0,0,0,0,1,0,0,0,0,0,0,0,0,0,0,0,low
88.789,57.536,14,133,10,1,0,0,0,169,1,1,0,0,1,0,0,1,0,1,0,0,1,0,0,1,high
18.914,9.857,4,24,0,1,0,0,1,6,0,0,0,0,1,0,0,0,0,0,0,0,0,0,0,0,low
94.671,76.522,18,78,9,1,1,0,0,370,1,1,1,1,0,0,0,1,1,1,0,1,1,1,1,1,high
14.148,2.472,5,28,0,1,0,0,0,30,0,0,0,0,1,0,0,0,0,0,0,0,0,0,0,0,medium
8.249,13.422,4,1,1,0,0,0,1,81,0,0,0,0,0,0,0,0,0,0,0,0,0,0,0,0,medium
17.090,17.315,5,28,0,0,0,0,1,8,0,0,0,0,1,0,0,0,0,0,0,0,0,0,0,0,medium
64.859,59.831,34,144,8,1,0,0,0,111,1,1,1,0,0,0,1,0,0,1,1,0,1,1,0,1,high
69.102,76.043,35,40,2,1,0,0,0,418,1,1,0,0,1,1,1,1,0,1,0,1,1,1,1,1,high
6.862,8.392,1,7,1,0,0,0,0,48,0,0,0,0,0,0,0,0,0,0,0,0,0,0,0,0,low
28.298,2.679,1,20,2,0,0,0,1,43,0,0,0,0,0,0,0,0,0,0,0,0,0,0,0,0,medium
0.935,2.342,3,16,0,1,0,0,0,73,0,0,0,0,0,0,0,0,0,0,0,0,0,0,0,0,low
11.235,13.878,5,0,0,1,0,0,0,29,0,0,0,0,1,0,0,0,0,0,0,0,0,0,0,0,medium
23.735,15.723,1,20,1,0,0,0,1,39,0,0,0,0,1,0,0,0,0,0,0,0,0,0,0,0,medium
57.924,79.919,36,115,6,1,1,0,0,84,1,1,0,1,1,0,0,1,0,1,0,1,1,1,1,1,medium
73.071,78.072,17,39,4,1,0,0,0,499,1,1,1,0,0,0,0,1,0,1,1,0,0,0,0,1,medium
27.609,16.929,3,5,1,1,0,0,0,76,0,0,0,0,0,0,0,0,0,0,0,0,0,0,0,0,low
69.527,97.980,39,163,3,1,1,0,0,378,1,1,0,0,0,0,0,1,0,1,0,1,0,1,0,1,medium
24.183,19.436,3,2,1,1,0,0,1,90,0,0,0,0,0,0,0,0,0,0,0,0,0,0,0,0,medium
74.307,66.097,26,197,2,1,0,1,0,491,1,1,0,1,1,1,1,0,0,1,1,1,1,0,0,1,critical
56.027,64.296,45,198,8,1,1,1,0,384,1,1,0,1,1,0,0,1,0,1,1,1,1,1,1,1,high
27.237,24.934,5,16,0,1,0,0,0,12,0,0,0,0,1,0,0,0,0,0,0,0,0,0,0,0,low
27.725,8.357,2,25,1,0,0,0,1,83,0,0,0,0,0,0,0,0,0,0,0,0,0,0,0,0,low
8.483,21.892,2,2,1,0,0,0,1,76,0,0,0,0,0,0,0,0,0,0,0,0,0,0,0,0,medium
11.888,15.198,1,2,0,0,0,0,0,6,0,0,0,0,0,0,0,0,0,0,0,0,0,0,0,0,medium
29.179,29.857,3,27,2,0,0,0,1,78,0,0,0,0,1,0,0,0,0,0,0,0,0,0,0,0,low
94.629,71.705,19,113,7,1,1,0,0,449,1,1,0,1,0,1,1,0,1,1,0,0,1,1,1,1,medium
22.073,25.500,1,18,1,1,0,0,0,74,0,0,0,0,0,0,0,0,0,0,0,0,0,0,0,0,medium
2.016,6.942,1,25,2,1,0,0,0,64,0,0,0,0,1,0,0,0,0,0,0,0,0,0,0,0,medium
23.090,24.284,4,19,1,1,0,0,0,52,0,0,0,0,1,0,0,0,0,0,0,0,0,0,0,0,medium
84.189,79.705,47,27,1,1,0,1,0,212,1,1,0,1,0,0,0,1,0,1,0,0,1,0,0,1,critical
18.543,10.841,1,26,0,0,0,0,1,48,0,0,0,0,1,0,0,0,0,0,0,0,0,0,0,0,medium
6.366,17.932,3,5,1,0,0,0,1,42,0,0,0,0,0,0,0,0,0,0,0,0,0,0,0,0,low
19.849,25.074,4,0,2,0,0,0,0,81,0,0,0,0,0,0,0,0,0,0,0,0,0,0,0,0,low
18.377,18.006,4,10,1,0,0,0,0,91,0,0,0,0,0,0,0,0,0,0,0,0,0,0,0,0,medium
70.495,67.923,48,99,1,1,1,0,0,262,1,1,0,1,1,1,0,0,1,1,1,1,1,0,1,1,medium
21.336,15.172,4,6,1,1,0,0,1,97,0,0,0,0,0,0,0,0,0,0,0,0,0,0,0,0,medium
5.808,3.817,4,5,0,1,0,0,1,19,0,0,0,0,0,0,0,0,0,0,0,0,0,0,0,0,medium
20.194,24.057,2,22,0,1,0,0,1,19,0,0,0,0,1,0,0,0,0,0,0,0,0,0,0,0,medium
79.014,56.639,12,166,10,1,0,1,0,333,1,1,1,0,1,1,0,0,1,1,0,0,1,1,1,1,critical
26.456,1.740,2,8,2,1,0,0,0,81,0,0,0,0,1,0,0,0,0,0,0,0,0,0,0,0,medium
15.308,25.732,4,26,0,0,0,0,0,53,0,0,0,0,0,0,0,0,0,0,0,0,0,0,0,0,low
28.653,29.412,4,30,2,0,0,0,0,56,0,0,0,0,1,0,0,0,0,0,0,0,0,0,0,0,low
7.357,13.472,4,29,0,0,0,0,0,54,0,0,0,0,0,0,0,0,0,0,0,0,0,0,0,0,medium
13.049,9.369,5,1,1,0,0,0,1,48,0,0,0,0,0,0,0,0,0,0,0,0,0,0,0,0,low
11.519,6.132,2,24,2,0,0,0,1,83,0,0,0,0,1,0,0,0,0,0,0,0,0,0,0,0,low
95.490,86.189,47,131,10,1,1,1,0,416,1,1,1,1,0,0,0,0,0,1,1,0,0,0,1,1,critical
16.221,13.596,2,6,0,0,0,0,1,42,0,0,0,0,0,0,0,0,0,0,0,0,0,0,0,0,low
6.695,13.038,2,11,2,1,0,0,1,62,0,0,0,0,0,0,0,0,0,0,0,0,0,0,0,0,low
5.636,4.759,2,2,0,0,0,0,1,85,0,0,0,0,1,0,0,0,0,0,0,0,0,0,0,0,low
2.172,9.736,3,3,0,0,0,0,0,70,0,0,0,0,0,0,0,0,0,0,0,0,0,0,0,0,low
22.371,7.193,1,2,0,1,0,0,0,21,0,0,0,0,1,0,0,0,0,0,0,0,0,0,0,0,medium
6.096,15.523,2,10,2,1,0,0,1,53,0,0,0,0,1,0,0,0,0,0,0,0,0,0,0,0,low
15.887,17.445,1,2,2,1,0,0,0,34,0,0,0,0,0,0,0,0,0,0,0,0,0,0,0,0,low
0.827,4.601,1,4,2,1,0,0,1,90,0,0,0,0,0,0,0,0,0,0,0,0,0,0,0,0,low
2.234,13.388,5,13,1,0,0,0,1,7,0,0,0,0,1,0,0,0,0,0,0,0,0,0,0,0,low
11.733,14.842,2,20,2,0,0,0,1,49,0,0,0,0,1,0,0,0,0,0,0,0,0,0,0,0,low
0.421,22.061,1,28,2,1,0,0,0,88,0,0,0,0,0,0,0,0,0,0,0,0,0,0,0,0,low
73.947,71.033,42,66,5,1,1,1,0,335,1,1,0,1,0,1,0,1,1,1,0,0,1,1,0,1,medium
8.182,22.925,5,0,0,1,0,0,0,5,0,0,0,0,0,0,0,0,0,0,0,0,0,0,0,0,medium
7.997,14.039,3,13,1,0,0,0,0,24,0,0,0,0,0,0,0,0,0,0,0,0,0,0,0,0,low
1.506,13.134,4,17,2,0,0,0,1,7,0,0,0,0,0,0,0,0,0,0,0,0,0,0,0,0,low
11.580,10.223,3,12,0,1,0,0,0,90,0,0,0,0,1,0,0,0,0,0,0,0,0,0,0,0,low
20.522,20.291,1,29,0,1,0,0,0,70,0,0,0,0,0,0,0,0,0,0,0,0,0,0,0,0,low
24.826,16.738,2,0,2,1,0,0,1,9,0,0,0,0,1,0,0,0,0,0,0,0,0,0,0,0,low
10.635,26.958,1,13,0,0,0,0,0,35,0,0,0,0,0,0,0,0,0,0,0,0,0,0,0,0,medium
20.731,18.724,3,15,0,0,0,0,1,30,0,0,0,0,1,0,0,0,0,0,0,0,0,0,0,0,medium
8.439,21.436,2,2,0,0,0,0,1,55,0,0,0,0,0,0,0,0,0,0,0,0,0,0,0,0,medium
60.864,89.908,42,91,9,1,1,0,0,315,1,1,1,0,0,0,0,0,0,1,1,0,0,0,1,1,medium
13.289,21.608,5,1,1,1,0,0,1,19,0,0,0,0,1,0,0,0,0,0,0,0,0,0,0,0,low
16.282,17.167,2,28,0,0,0,0,1,84,0,0,0,0,1,0,0,0,0,0,0,0,0,0,0,0,medium
68.045,61.612,25,200,1,1,0,1,0,32,1,1,1,0,1,0,0,1,1,1,1,1,1,1,1,1,critical
14.366,14.579,4,27,0,0,0,0,0,87,0,0,0,0,0,0,0,0,0,0,0,0,0,0,0,0,medium
11.030,5.725,3,18,0,0,0,0,1,39,0,0,0,0,1,0,0,0,0,0,0,0,0,0,0,0,low
23.804,22.141,5,8,1,0,0,0,1,70,0,0,0,0,1,0,0,0,0,0,0,0,0,0,0,0,low
69.313,71.147,35,146,1,1,1,1,0,106,1,1,0,0,1,1,0,1,1,1,1,0,0,0,1,1,high
18.624,12.068,2,5,1,0,0,0,0,8,0,0,0,0,0,0,0,0,0,0,0,0,0,0,0,0,medium
89.567,74.112,42,50,6,1,1,0,0,275,1,1,1,0,0,1,1,1,0,1,0,0,0,0,1,1,medium
29.048,26.625,2,28,2,0,0,0,0,31,0,0,0,0,0,0,0,0,0,0,0,0,0,0,0,0,low
4.668,1.791,2,0,0,0,0,0,0,42,0,0,0,0,1,0,0,0,0,0,0,0,0,0,0,0,medium
17.919,4.367,4,19,0,0,0,0,0,72,0,0,0,0,0,0,0,0,0,0,0,0,0,0,0,0,low
86.644,98.931,12,62,6,1,0,0,0,203,1,1,0,0,1,0,1,0,0,1,0,1,0,1,1,1,medium
6.492,16.586,3,5,1,0,0,0,1,30,0,0,0,0,0,0,0,0,0,0,0,0,0,0,0,0,medium
95.420,80.996,24,113,5,1,0,1,0,315,1,1,1,0,1,1,1,1,0,1,1,1,1,0,0,1,high
19.302,2.806,1,7,2,0,0,0,1,91,0,0,0,0,1,0,0,0,0,0,0,0,0,0,0,0,medium
2.625,10.536,2,16,1,0,0,0,1,60,0,0,0,0,1,0,0,0,0,0,0,0,0,0,0,0,medium
17.760,28.878,4,1,0,0,0,0,1,86,0,0,0,0,1,0,0,0,0,0,0,0,0,0,0,0,medium
72.959,54.286,48,172,10,1,1,0,0,235,1,1,0,0,1,1,0,1,1,1,0,0,1,1,0,1,high
19.978,24.936,5,16,2,1,0,0,0,51,0,0,0,0,0,0,0,0,0,0,0,0,0,0,0,0,medium
65.178,73.328,41,169,2,1,0,1,0,259,1,1,1,1,0,1,1,1,1,1,0,1,1,1,0,1,high
58.542,89.665,20,126,6,1,1,1,0,37,1,1,0,0,0,1,0,0,0,1,1,1,1,1,0,1,medium
19.001,22.275,5,2,0,0,0,0,1,7,0,0,0,0,0,0,0,0,0,0,0,0,0,0,0,0,medium
90.076,59.055,31,21,1,1,0,1,0,191,1,1,1,0,0,0,1,0,0,1,0,0,1,1,0,1,high
54.214,66.186,28,32,4,1,1,0,0,493,1,1,1,1,1,0,0,0,0,1,1,1,1,0,1,1,critical
24.776,28.745,3,25,2,0,0,0,0,47,0,0,0,0,0,0,0,0,0,0,0,0,0,0,0,0,low
14.159,7.068,5,3,1,0,0,0,0,72,0,0,0,0,0,0,0,0,0,0,0,0,0,0,0,0,low
85.513,65.160,29,173,9,1,1,0,0,375,1,1,0,0,0,1,0,1,0,1,0,1,1,0,0,1,critical
15.851,9.224,4,17,0,0,0,0,0,28,0,0,0,0,1,0,0,0,0,0,0,0,0,0,0,0,medium
20.424,23.739,3,3,2,1,0,0,0,22,0,0,0,0,1,0,0,0,0,0,0,0,0,0,0,0,low
57.223,93.856,25,50,7,1,0,0,0,56,1,1,1,1,0,0,0,0,0,1,1,0,1,1,0,1,critical
1.387,28.820,5,20,2,0,0,0,1,43,0,0,0,0,1,0,0,0,0,0,0,0,0,0,0,0,medium
7.602,15.333,5,10,1,0,0,0,1,92,0,0,0,0,0,0,0,0,0,0,0,0,0,0,0,0,low
25.477,8.090,4,8,1,0,0,0,0,70,0,0,0,0,1,0,0,0,0,0,0,0,0,0,0,0,low
3.892,12.231,3,28,0,1,0,0,1,25,0,0,0,0,1,0,0,0,0,0,0,0,0,0,0,0,low
14.156,18.421,4,25,2,1,0,0,0,11,0,0,0,0,1,0,0,0,0,0,0,0,0,0,0,0,low
11.861,18.853,5,29,1,1,0,0,0,29,0,0,0,0,1,0,0,0,0,0,0,0,0,0,0,0,medium
25.431,22.827,4,30,2,1,0,0,1,67,0,0,0,0,1,0,0,0,0,0,0,0,0,0,0,0,medium
19.402,8.501,3,5,1,1,0,0,1,28,0,0,0,0,0,0,0,0,0,0,0,0,0,0,0,0,medium
17.014,11.071,1,2,1,0,0,0,0,87,0,0,0,0,1,0,0,0,0,0,0,0,0,0,0,0,medium
19.363,12.256,5,23,2,1,0,0,1,85,0,0,0,0,1,0,0,0,0,0,0,0,0,0,0,0,medium
8.549,3.960,5,10,2,0,0,0,0,53,0,0,0,0,0,0,0,0,0,0,0,0,0,0,0,0,medium
12.558,29.320,1,1,2,1,0,0,0,35,0,0,0,0,0,0,0,0,0,0,0,0,0,0,0,0,low
17.502,10.841,2,26,2,1,0,0,1,93,0,0,0,0,0,0,0,0,0,0,0,0,0,0,0,0,low
86.178,87.918,12,51,2,1,1,0,0,135,1,1,0,0,0,0,1,1,0,1,0,0,1,1,1,1,critical
6.228,12.007,1,8,1,0,0,0,0,83,0,0,0,0,0,0,0,0,0,0,0,0,0,0,0,0,medium
29.062,0.514,3,29,2,0,0,0,1,87,0,0,0,0,0,0,0,0,0,0,0,0,0,0,0,0,low
0.492,10.067,4,5,2,0,0,0,1,14,0,0,0,0,1,0,0,0,0,0,0,0,0,0,0,0,medium
2.476,10.620,1,30,0,0,0,0,0,61,0,0,0,0,1,0,0,0,0,0,0,0,0,0,0,0,low
9.659,6.697,2,0,2,1,0,0,0,43,0,0,0,0,1,0,0,0,0,0,0,0,0,0,0,0,low
84.868,75.538,10,195,5,1,0,1,0,178,1,1,0,0,1,1,1,0,1,1,1,0,1,0,1,1,high
64.105,94.138,12,148,5,1,1,0,0,302,1,1,0,1,0,1,1,0,0,1,1,0,1,1,0,1,high
97.189,60.851,16,55,6,1,1,0,0,94,1,1,0,1,1,1,1,1,1,1,0,1,0,0,0,1,high
22.953,15.694,1,24,0,0,0,0,0,77,0,0,0,0,1,0,0,0,0,0,0,0,0,0,0,0,medium
9.998,6.242,1,28,1,1,0,0,0,13,0,0,0,0,0,0,0,0,0,0,0,0,0,0,0,0,medium
15.767,1.160,5,12,0,0,0,0,0,28,0,0,0,0,1,0,0,0,0,0,0,0,0,0,0,0,low
22.718,7.500,5,27,0,0,0,0,1,54,0,0,0,0,0,0,0,0,0,0,0,0,0,0,0,0,medium
59.672,80.525,10,27,6,1,1,1,0,65,1,1,1,1,0,1,0,0,0,1,0,1,0,0,0,1,medium
24.641,16.764,2,10,1,1,0,0,1,98,0,0,0,0,1,0,0,0,0,0,0,0,0,0,0,0,low
7.714,10.382,1,9,1,0,0,0,0,10,0,0,0,0,0,0,0,0,0,0,0,0,0,0,0,0,low
29.303,9.997,3,2,1,0,0,0,1,34,0,0,0,0,0,0,0,0,0,0,0,0,0,0,0,0,medium
29.324,3.949,2,26,2,0,0,0,1,66,0,0,0,0,0,0,0,0,0,0,0,0,0,0,0,0,medium
4.598,27.132,1,19,0,0,0,0,1,79,0,0,0,0,0,0,0,0,0,0,0,0,0,0,0,0,low
26.260,27.010,3,30,1,0,0,0,1,26,0,0,0,0,1,0,0,0,0,0,0,0,0,0,0,0,medium
96.705,77.049,6,197,8,1,1,1,0,491,1,1,1,1,1,0,0,1,1,1,1,0,1,0,1,1,high
56.439,59.248,44,82,5,1,0,1,0,302,1,1,0,1,1,0,0,1,0,1,0,0,0,1,0,1,high
15.560,14.526,2,10,2,1,0,0,0,15,0,0,0,0,1,0,0,0,0,0,0,0,0,0,0,0,low
66.617,90.507,22,126,8,1,1,0,0,262,1,1,1,0,0,1,0,0,0,1,0,1,1,1,1,1,medium
98.149,84.579,29,46,3,1,1,1,0,91,1,1,0,1,1,0,1,1,1,1,0,0,0,0,1,1,critical
78.265,77.256,11,126,2,1,0,0,0,318,1,1,0,0,1,0,1,1,1,1,1,0,0,0,0,1,medium
11.752,11.343,1,3,0,0,0,0,1,39,0,0,0,0,1,0,0,0,0,0,0,0,0,0,0,0,low
0.575,16.013,2,27,0,0,0,0,0,79,0,0,0,0,1,0,0,0,0,0,0,0,0,0,0,0,medium
26.223,1.306,3,16,0,0,0,0,1,33,0,0,0,0,1,0,0,0,0,0,0,0,0,0,0,0,low
13.998,6.904,2,21,2,1,0,0,1,28,0,0,0,0,1,0,0,0,0,0,0,0,0,0,0,0,medium
70.103,56.174,22,34,6,1,1,0,0,320,1,1,1,0,0,0,0,1,0,1,1,1,0,1,1,1,high
1.233,4.112,2,12,1,0,0,0,1,85,0,0,0,0,0,0,0,0,0,0,0,0,0,0,0,0,medium
84.011,97.290,35,153,7,1,0,0,0,174,1,1,0,1,1,1,0,1,0,1,1,1,1,1,1,1,medium
22.736,15.023,1,8,2,1,0,0,0,90,0,0,0,0,0,0,0,0,0,0,0,0,0,0,0,0,medium
25.643,17.193,2,28,1,0,0,0,1,20,0,0,0,0,0,0,0,0,0,0,0,0,0,0,0,0,medium
26.437,12.564,4,29,1,1,0,0,1,30,0,0,0,0,0,0,0,0,0,0,0,0,0,0,0,0,low
6.396,17.051,3,15,0,1,0,0,1,26,0,0,0,0,0,0,0,0,0,0,0,0,0,0,0,0,low
7.421,19.943,1,29,1,1,0,0,1,50,0,0,0,0,1,0,0,0,0,0,0,0,0,0,0,0,medium
6.817,10.495,1,24,0,0,0,0,1,43,0,0,0,0,0,0,0,0,0,0,0,0,0,0,0,0,low
83.221,78.555,31,185,10,1,0,1,0,252,1,1,1,0,1,0,0,0,1,1,1,1,0,0,1,1,critical
65.241,70.244,29,146,5,1,1,1,0,464,1,1,0,0,1,1,1,1,1,1,0,1,0,0,0,1,critical
66.276,75.582,18,170,3,1,1,1,0,139,1,1,1,1,0,0,1,0,0,1,0,0,0,1,1,1,critical
26.757,20.597,2,17,1,1,0,0,0,67,0,0,0,0,1,0,0,0,0,0,0,0,0,0,0,0,low
55.426,73.689,19,32,4,1,1,0,0,261,1,1,0,0,1,0,1,1,1,1,0,0,1,0,0,1,medium
14.634,13.078,5,4,2,0,0,0,1,29,0,0,0,0,0,0,0,0,0,0,0,0,0,0,0,0,medium
1.904,17.376,3,14,1,0,0,0,0,11,0,0,0,0,0,0,0,0,0,0,0,0,0,0,0,0,medium
62.799,65.261,44,86,9,1,0,0,0,307,1,1,0,0,0,0,0,0,0,1,0,0,1,0,1,1,high
7.541,9.931,1,3,0,0,0,0,0,25,0,0,0,0,1,0,0,0,0,0,0,0,0,0,0,0,low
21.496,3.642,2,11,0,1,0,0,0,8,0,0,0,0,1,0,0,0,0,0,0,0,0,0,0,0,low
80.635,90.783,40,173,5,1,0,1,0,135,1,1,0,0,1,1,1,1,0,1,0,1,1,1,1,1,high
22.503,6.153,2,22,1,0,0,0,0,52,0,0,0,0,1,0,0,0,0,0,0,0,0,0,0,0,medium
14.579,28.652,5,19,0,0,0,0,0,29,0,0,0,0,0,0,0,0,0,0,0,0,0,0,0,0,medium
3.094,4.589,5,26,1,1,0,0,1,14,0,0,0,0,1,0,0,0,0,0,0,0,0,0,0,0,low
28.305,19.390,2,17,0,1,0,0,0,46,0,0,0,0,1,0,0,0,0,0,0,0,0,0,0,0,low
66.114,60.520,6,110,6,1,0,1,0,207,1,1,1,1,1,1,1,1,0,1,0,1,1,0,1,1,high
22.596,13.271,2,7,0,1,0,0,0,14,0,0,0,0,1,0,0,0,0,0,0,0,0,0,0,0,low
29.054,17.825,4,17,1,0,0,0,1,98,0,0,0,0,0,0,0,0,0,0,0,0,0,0,0,0,low
14.782,25.563,1,27,1,0,0,0,0,45,0,0,0,0,1,0,0,0,0,0,0,0,0,0,0,0,medium
22.820,3.455,5,7,0,1,0,0,0,90,0,0,0,0,0,0,0,0,0,0,0,0,0,0,0,0,low
20.394,5.807,5,19,2,1,0,0,1,31,0,0,0,0,0,0,0,0,0,0,0,0,0,0,0,0,medium
27.304,16.707,3,27,2,0,0,0,1,62,0,0,0,0,1,0,0,0,0,0,0,0,0,0,0,0,low
22.901,18.324,2,27,2,0,0,0,0,46,0,0,0,0,1,0,0,0,0,0,0,0,0,0,0,0,medium
4.058,8.346,3,24,1,1,0,0,0,48,0,0,0,0,1,0,0,0,0,0,0,0,0,0,0,0,medium
54.279,65.034,35,50,2,1,0,0,0,205,1,1,1,0,0,0,0,0,0,1,1,0,0,1,0,1,critical
28.996,1.411,1,21,1,0,0,0,1,95,0,0,0,0,1,0,0,0,0,0,0,0,0,0,0,0,low
24.967,12.700,4,27,2,1,0,0,0,10,0,0,0,0,1,0,0,0,0,0,0,0,0,0,0,0,medium
79.510,76.430,42,185,1,1,0,0,0,64,1,1,0,0,0,0,1,1,1,1,0,0,0,1,1,1,high
28.442,20.917,3,11,2,0,0,0,0,79,0,0,0,0,0,0,0,0,0,0,0,0,0,0,0,0,medium
12.845,24.768,2,27,2,1,0,0,1,67,0,0,0,0,0,0,0,0,0,0,0,0,0,0,0,0,medium
3.142,5.833,2,2,0,1,0,0,0,35,0,0,0,0,0,0,0,0,0,0,0,0,0,0,0,0,medium
1.628,6.543,3,18,1,0,0,0,1,19,0,0,0,0,1,0,0,0,0,0,0,0,0,0,0,0,low
1.201,29.361,5,30,2,0,0,0,1,87,0,0,0,0,1,0,0,0,0,0,0,0,0,0,0,0,low
28.662,21.220,4,0,2,0,0,0,1,79,0,0,0,0,0,0,0,0,0,0,0,0,0,0,0,0,low
13.752,26.989,1,22,0,1,0,0,1,14,0,0,0,0,0,0,0,0,0,0,0,0,0,0,0,0,low
28.756,15.710,3,25,0,1,0,0,1,62,0,0,0,0,1,0,0,0,0,0,0,0,0,0,0,0,medium
60.466,96.337,49,86,10,1,0,1,0,400,1,1,0,1,1,1,1,0,0,1,0,0,0,1,0,1,critical
9.995,23.846,2,11,2,1,0,0,1,67,0,0,0,0,1,0,0,0,0,0,0,0,0,0,0,0,low
11.653,9.512,4,28,0,0,0,0,0,45,0,0,0,0,0,0,0,0,0,0,0,0,0,0,0,0,medium
16.159,15.143,1,18,1,0,0,0,1,30,0,0,0,0,1,0,0,0,0,0,0,0,0,0,0,0,low
98.446,60.219,35,158,6,1,1,1,0,31,1,1,1,0,1,0,0,1,1,1,1,0,0,1,0,1,high
24.493,26.963,2,23,1,0,0,0,1,63,0,0,0,0,0,0,0,0,0,0,0,0,0,0,0,0,low
29.069,26.147,3,30,1,0,0,0,0,57,0,0,0,0,1,0,0,0,0,0,0,0,0,0,0,0,low
28.814,11.687,5,14,1,0,0,0,0,29,0,0,0,0,1,0,0,0,0,0,0,0,0,0,0,0,low
16.950,11.544,5,25,1,0,0,0,0,79,0,0,0,0,1,0,0,0,0,0,0,0,0,0,0,0,low
95.629,95.742,44,80,3,1,0,0,0,172,1,1,1,1,1,0,1,1,0,1,0,1,1,0,1,1,critical
23.030,6.641,2,26,1,0,0,0,1,77,0,0,0,0,1,0,0,0,0,0,0,0,0,0,0,0,low
0.917,16.812,4,23,1,1,0,0,1,67,0,0,0,0,0,0,0,0,0,0,0,0,0,0,0,0,low
88.321,87.756,33,75,10,1,1,0,0,335,1,1,1,1,1,1,0,1,0,1,0,0,1,0,1,1,high
18.099,24.218,3,22,1,1,0,0,0,76,0,0,0,0,1,0,0,0,0,0,0,0,0,0,0,0,low
76.159,61.286,45,33,2,1,1,1,0,295,1,1,0,1,1,0,1,0,0,1,1,1,1,0,0,1,critical
23.999,26.954,1,7,0,1,0,0,0,57,0,0,0,0,0,0,0,0,0,0,0,0,0,0,0,0,low
5.418,7.419,3,23,0,1,0,0,1,63,0,0,0,0,0,0,0,0,0,0,0,0,0,0,0,0,low
2.390,28.519,4,27,0,1,0,0,1,55,0,0,0,0,1,0,0,0,0,0,0,0,0,0,0,0,medium
16.764,12.627,1,9,2,1,0,0,1,37,0,0,0,0,1,0,0,0,0,0,0,0,0,0,0,0,low
29.490,1.460,2,29,1,0,0,0,0,27,0,0,0,0,0,0,0,0,0,0,0,0,0,0,0,0,low
80.518,68.899,18,142,2,1,0,1,0,141,1,1,1,0,1,1,0,0,1,1,1,0,0,0,1,1,medium
62.291,53.857,50,189,10,1,1,1,0,227,1,1,0,1,1,0,0,1,0,1,0,1,0,0,1,1,high
9.682,1.668,1,19,2,0,0,0,1,18,0,0,0,0,1,0,0,0,0,0,0,0,0,0,0,0,low
77.645,92.294,10,172,10,1,0,0,0,307,1,1,1,0,1,0,0,1,1,1,0,0,1,0,1,1,medium
74.174,91.521,15,59,8,1,1,0,0,249,1,1,0,0,0,0,0,1,0,1,1,1,1,0,0,1,medium
61.281,85.656,39,39,4,1,1,1,0,31,1,1,1,1,1,1,0,1,0,1,1,0,1,0,1,1,medium
15.185,10.860,3,26,1,0,0,0,1,6,0,0,0,0,0,0,0,0,0,0,0,0,0,0,0,0,low
21.291,13.856,2,10,2,0,0,0,0,69,0,0,0,0,1,0,0,0,0,0,0,0,0,0,0,0,medium
26.167,13.752,2,4,2,1,0,0,0,29,0,0,0,0,1,0,0,0,0,0,0,0,0,0,0,0,medium
19.722,13.324,4,28,0,0,0,0,1,72,0,0,0,0,1,0,0,0,0,0,0,0,0,0,0,0,medium
27.934,7.328,5,11,2,0,0,0,0,31,0,0,0,0,1,0,0,0,0,0,0,0,0,0,0,0,medium
10.378,3.769,1,6,1,0,0,0,1,28,0,0,0,0,1,0,0,0,0,0,0,0,0,0,0,0,medium
11.333,11.005,3,8,0,0,0,0,1,39,0,0,0,0,0,0,0,0,0,0,0,0,0,0,0,0,medium
62.094,93.751,23,158,2,1,0,0,0,406,1,1,1,1,0,1,0,0,0,1,1,0,1,0,0,1,high
0.754,25.210,1,25,0,1,0,0,1,78,0,0,0,0,0,0,0,0,0,0,0,0,0,0,0,0,medium
12.840,10.565,3,21,2,0,0,0,1,44,0,0,0,0,0,0,0,0,0,0,0,0,0,0,0,0,medium
19.451,1.073,1,13,1,0,0,0,1,48,0,0,0,0,1,0,0,0,0,0,0,0,0,0,0,0,medium
8.658,23.579,5,9,2,1,0,0,0,5,0,0,0,0,1,0,0,0,0,0,0,0,0,0,0,0,low
2.283,22.290,4,10,1,0,0,0,0,32,0,0,0,0,1,0,0,0,0,0,0,0,0,0,0,0,medium
87.581,55.042,48,173,6,1,1,0,0,353,1,1,1,0,0,0,0,0,1,1,0,0,0,1,1,1,critical
29.341,13.698,1,6,1,1,0,0,1,69,0,0,0,0,0,0,0,0,0,0,0,0,0,0,0,0,low
10.112,1.544,4,5,2,1,0,0,1,43,0,0,0,0,1,0,0,0,0,0,0,0,0,0,0,0,medium
12.263,4.806,3,22,2,0,0,0,0,44,0,0,0,0,0,0,0,0,0,0,0,0,0,0,0,0,low
20.785,22.666,3,23,2,0,0,0,1,81,0,0,0,0,1,0,0,0,0,0,0,0,0,0,0,0,medium
14.330,11.247,2,24,1,1,0,0,0,44,0,0,0,0,0,0,0,0,0,0,0,0,0,0,0,0,medium
1.392,12.453,5,29,1,1,0,0,0,38,0,0,0,0,1,0,0,0,0,0,0,0,0,0,0,0,low
70.288,54.785,50,17,4,1,1,1,0,163,1,1,1,1,1,0,0,0,0,1,0,0,1,0,1,1,critical
28.369,10.708,5,13,0,1,0,0,1,87,0,0,0,0,1,0,0,0,0,0,0,0,0,0,0,0,low
79.057,53.551,19,34,7,1,1,0,0,211,1,1,0,0,1,1,0,1,0,1,1,1,0,0,0,1,high
1.193,29.144,5,12,0,1,0,0,0,58,0,0,0,0,0,0,0,0,0,0,0,0,0,0,0,0,medium
73.475,63.047,31,68,9,1,0,0,0,65,1,1,1,0,0,0,1,0,1,1,1,0,0,1,1,1,medium
4.000,16.419,4,23,2,1,0,0,1,6,0,0,0,0,1,0,0,0,0,0,0,0,0,0,0,0,low
75.922,83.537,35,101,5,1,0,1,0,68,1,1,1,1,1,1,0,0,1,1,1,1,1,1,0,1,critical
88.321,79.006,30,116,5,1,1,0,0,276,1,1,1,0,1,1,0,1,0,1,1,1,1,0,0,1,high
11.621,27.663,4,26,0,1,0,0,0,8,0,0,0,0,1,0,0,0,0,0,0,0,0,0,0,0,low
25.833,5.915,2,11,0,0,0,0,1,93,0,0,0,0,1,0,0,0,0,0,0,0,0,0,0,0,medium
8.724,23.944,2,26,1,1,0,0,0,24,0,0,0,0,1,0,0,0,0,0,0,0,0,0,0,0,low
83.825,78.627,42,146,4,1,0,0,0,349,1,1,0,0,0,1,1,0,1,1,1,1,0,1,1,1,medium
29.242,8.454,3,19,1,0,0,0,1,36,0,0,0,0,0,0,0,0,0,0,0,0,0,0,0,0,low
28.316,19.404,3,12,2,1,0,0,1,12,0,0,0,0,0,0,0,0,0,0,0,0,0,0,0,0,low
84.084,95.619,43,151,8,1,1,1,0,108,1,1,1,0,0,1,0,0,0,1,1,1,0,0,1,1,critical
91.586,52.581,32,18,1,1,0,1,0,330,1,1,0,1,1,1,1,0,0,1,1,0,0,0,0,1,critical
14.637,16.843,2,30,1,1,0,0,0,32,0,0,0,0,0,0,0,0,0,0,0,0,0,0,0,0,medium
22.819,8.376,2,19,1,1,0,0,0,69,0,0,0,0,0,0,0,0,0,0,0,0,0,0,0,0,low
88.587,70.203,49,106,5,1,1,0,0,190,1,1,1,1,1,1,0,0,1,1,1,1,1,0,0,1,critical
14.755,9.657,5,17,2,0,0,0,0,83,0,0,0,0,0,0,0,0,0,0,0,0,0,0,0,0,medium
23.745,7.079,5,10,0,0,0,0,0,74,0,0,0,0,0,0,0,0,0,0,0,0,0,0,0,0,medium
27.850,12.771,3,12,2,0,0,0,0,89,0,0,0,0,0,0,0,0,0,0,0,0,0,0,0,0,medium
21.742,17.380,2,28,1,1,0,0,1,14,0,0,0,0,1,0,0,0,0,0,0,0,0,0,0,0,low
28.786,17.877,3,18,1,0,0,0,0,95,0,0,0,0,0,0,0,0,0,0,0,0,0,0,0,0,low
29.011,27.258,2,12,1,0,0,0,1,36,0,0,0,0,0,0,0,0,0,0,0,0,0,0,0,0,medium
16.174,13.421,1,28,0,1,0,0,1,70,0,0,0,0,1,0,0,0,0,0,0,0,0,0,0,0,medium
29.733,28.868,2,25,1,0,0,0,0,89,0,0,0,0,0,0,0,0,0,0,0,0,0,0,0,0,low
90.916,87.964,34,14,1,1,0,1,0,305,1,1,0,0,1,0,1,1,0,1,0,1,0,1,1,1,critical
6.403,23.915,5,29,2,1,0,0,0,64,0,0,0,0,0,0,0,0,0,0,0,0,0,0,0,0,medium
1.079,25.917,2,27,0,1,0,0,1,45,0,0,0,0,1,0,0,0,0,0,0,0,0,0,0,0,low
52.796,81.141,10,47,4,1,1,1,0,227,1,1,0,1,0,0,1,0,1,1,1,0,1,0,1,1,high
57.425,78.849,26,94,3,1,1,1,0,492,1,1,1,1,1,1,1,1,1,1,0,0,1,0,0,1,medium
17.762,29.127,2,6,0,1,0,0,1,74,0,0,0,0,1,0,0,0,0,0,0,0,0,0,0,0,medium
94.870,59.548,25,65,4,1,1,0,0,41,1,1,0,1,0,0,1,0,1,1,0,0,1,1,0,1,high
8.292,25.424,1,18,2,1,0,0,1,70,0,0,0,0,1,0,0,0,0,0,0,0,0,0,0,0,medium
79.347,85.085,22,151,1,1,0,1,0,191,1,1,0,0,1,1,0,0,0,1,1,1,1,1,1,1,medium
5.686,2.661,2,14,1,1,0,0,0,27,0,0,0,0,1,0,0,0,0,0,0,0,0,0,0,0,low
90.762,92.754,20,36,1,1,0,0,0,400,1,1,1,0,0,1,1,0,1,1,0,1,1,0,0,1,critical
78.833,63.867,16,25,5,1,0,1,0,399,1,1,0,0,1,0,1,0,1,1,1,1,0,1,1,1,medium
7.599,18.412,4,23,1,0,0,0,0,82,0,0,0,0,1,0,0,0,0,0,0,0,0,0,0,0,low
78.455,92.071,36,15,3,1,1,0,0,43,1,1,1,0,1,0,1,1,1,1,0,0,0,0,0,1,high
9.730,14.821,2,1,1,0,0,0,1,82,0,0,0,0,1,0,0,0,0,0,0,0,0,0,0,0,low
63.190,87.247,33,123,5,1,0,1,0,417,1,1,0,1,0,1,0,1,0,1,1,0,1,0,0,1,critical
12.202,1.079,1,19,2,1,0,0,0,54,0,0,0,0,0,0,0,0,0,0,0,0,0,0,0,0,low
16.081,9.879,5,3,1,0,0,0,1,51,0,0,0,0,1,0,0,0,0,0,0,0,0,0,0,0,medium
11.551,24.631,1,11,0,0,0,0,1,76,0,0,0,0,1,0,0,0,0,0,0,0,0,0,0,0,low
27.928,10.421,3,13,2,0,0,0,0,10,0,0,0,0,0,0,0,0,0,0,0,0,0,0,0,0,low
21.610,9.139,5,18,0,1,0,0,1,43,0,0,0,0,0,0,0,0,0,0,0,0,0,0,0,0,medium
10.686,1.955,2,10,1,0,0,0,0,22,0,0,0,0,0,0,0,0,0,0,0,0,0,0,0,0,medium
22.607,6.451,1,4,0,0,0,0,0,62,0,0,0,0,0,0,0,0,0,0,0,0,0,0,0,0,low
13.523,3.629,2,15,2,0,0,0,1,58,0,0,0,0,1,0,0,0,0,0,0,0,0,0,0,0,medium
4.960,7.327,5,13,1,1,0,0,0,18,0,0,0,0,1,0,0,0,0,0,0,0,0,0,0,0,medium
92.800,80.895,42,177,10,1,1,0,0,302,1,1,0,0,0,0,1,0,0,1,1,1,1,0,1,1,medium
77.909,96.324,39,46,4,1,0,0,0,89,1,1,0,1,1,0,0,0,0,1,1,1,0,0,0,1,medium
15.612,13.335,3,22,2,0,0,0,1,62,0,0,0,0,1,0,0,0,0,0,0,0,0,0,0,0,low
20.989,26.723,4,29,0,0,0,0,0,54,0,0,0,0,1,0,0,0,0,0,0,0,0,0,0,0,low
74.817,53.112,32,59,8,1,0,0,0,453,1,1,0,1,0,0,0,0,1,1,0,1,0,0,0,1,critical
26.421,25.121,5,30,0,1,0,0,1,47,0,0,0,0,0,0,0,0,0,0,0,0,0,0,0,0,low
4.496,25.217,5,27,2,1,0,0,1,60,0,0,0,0,0,0,0,0,0,0,0,0,0,0,0,0,medium
27.720,9.204,1,24,2,1,0,0,1,9,0,0,0,0,1,0,0,0,0,0,0,0,0,0,0,0,low
12.431,5.618,1,17,1,0,0,0,0,35,0,0,0,0,0,0,0,0,0,0,0,0,0,0,0,0,medium
28.302,10.794,5,27,2,0,0,0,1,78,0,0,0,0,1,0,0,0,0,0,0,0,0,0,0,0,low
18.576,9.882,3,16,1,1,0,0,1,56,0,0,0,0,0,0,0,0,0,0,0,0,0,0,0,0,low
2.046,12.763,5,22,2,0,0,0,0,27,0,0,0,0,1,0,0,0,0,0,0,0,0,0,0,0,low
68.947,58.895,31,172,2,1,0,0,0,37,1,1,0,1,0,0,0,1,1,1,1,1,0,1,0,1,high
20.936,13.731,3,16,0,0,0,0,0,20,0,0,0,0,0,0,0,0,0,0,0,0,0,0,0,0,medium
6.954,4.561,1,11,1,0,0,0,0,80,0,0,0,0,1,0,0,0,0,0,0,0,0,0,0,0,medium
83.362,81.130,38,155,8,1,0,1,0,138,1,1,1,1,0,1,1,1,1,1,0,1,1,0,1,1,medium
3.486,5.112,3,6,2,1,0,0,1,8,0,0,0,0,0,0,0,0,0,0,0,0,0,0,0,0,low
0.780,16.292,5,23,1,1,0,0,1,39,0,0,0,0,1,0,0,0,0,0,0,0,0,0,0,0,medium
0.998,26.857,4,15,0,0,0,0,1,41,0,0,0,0,1,0,0,0,0,0,0,0,0,0,0,0,low
50.365,63.807,46,54,3,1,1,0,0,401,1,1,0,0,0,0,0,0,1,1,1,0,0,1,1,1,high
89.768,89.329,5,104,1,1,0,0,0,420,1,1,0,1,0,0,1,1,1,1,1,1,1,1,0,1,medium
59.072,83.791,20,50,6,1,0,0,0,297,1,1,0,1,1,1,0,1,1,1,0,0,0,0,0,1,high
21.014,8.957,1,27,0,1,0,0,1,21,0,0,0,0,1,0,0,0,0,0,0,0,0,0,0,0,medium
86.046,61.555,13,157,2,1,0,0,0,249,1,1,1,1,0,1,0,0,0,1,0,1,1,0,0,1,critical
3.528,14.405,3,25,1,1,0,0,1,70,0,0,0,0,1,0,0,0,0,0,0,0,0,0,0,0,low
2.176,7.615,4,6,1,1,0,0,1,94,0,0,0,0,0,0,0,0,0,0,0,0,0,0,0,0,low
5.227,3.731,3,30,0,0,0,0,1,81,0,0,0,0,1,0,0,0,0,0,0,0,0,0,0,0,low
93.021,91.665,24,149,8,1,0,1,0,62,1,1,1,1,1,0,1,1,0,1,0,1,1,0,1,1,medium
20.914,10.869,1,6,1,0,0,0,0,42,0,0,0,0,1,0,0,0,0,0,0,0,0,0,0,0,low
26.913,20.018,1,17,1,1,0,0,0,74,0,0,0,0,1,0,0,0,0,0,0,0,0,0,0,0,low
14.548,25.035,5,17,2,1,0,0,1,26,0,0,0,0,1,0,0,0,0,0,0,0,0,0,0,0,medium
53.653,51.498,17,77,10,1,0,1,0,155,1,1,1,0,1,0,0,0,1,1,0,0,1,1,0,1,high
6.684,13.808,3,30,1,0,0,0,0,26,0,0,0,0,1,0,0,0,0,0,0,0,0,0,0,0,medium
8.547,0.570,4,17,1,1,0,0,0,65,0,0,0,0,0,0,0,0,0,0,0,0,0,0,0,0,medium
1.380,25.125,2,29,0,0,0,0,0,20,0,0,0,0,0,0,0,0,0,0,0,0,0,0,0,0,low
12.962,10.365,5,15,2,1,0,0,0,49,0,0,0,0,0,0,0,0,0,0,0,0,0,0,0,0,low
59.778,83.821,39,65,8,1,0,0,0,48,1,1,0,0,0,1,1,0,1,1,1,1,1,0,0,1,high
0.260,13.785,1,0,1,0,0,0,0,81,0,0,0,0,1,0,0,0,0,0,0,0,0,0,0,0,low
20.020,27.204,2,8,2,1,0,0,1,80,0,0,0,0,0,0,0,0,0,0,0,0,0,0,0,0,low
7.037,16.032,2,9,0,1,0,0,1,18,0,0,0,0,0,0,0,0,0,0,0,0,0,0,0,0,medium
83.372,66.487,9,102,5,1,1,1,0,304,1,1,1,0,1,0,0,1,1,1,1,1,1,1,1,1,high
29.236,16.556,4,1,2,1,0,0,1,76,0,0,0,0,0,0,0,0,0,0,0,0,0,0,0,0,medium
0.767,22.580,5,6,1,0,0,0,1,63,0,0,0,0,1,0,0,0,0,0,0,0,0,0,0,0,low
25.442,0.007,1,17,0,0,0,0,0,7,0,0,0,0,1,0,0,0,0,0,0,0,0,0,0,0,medium
18.110,16.761,2,11,1,0,0,0,1,76,0,0,0,0,1,0,0,0,0,0,0,0,0,0,0,0,medium
3.334,23.958,5,22,1,1,0,0,1,75,0,0,0,0,1,0,0,0,0,0,0,0,0,0,0,0,low
3.669,3.663,5,26,2,0,0,0,1,99,0,0,0,0,1,0,0,0,0,0,0,0,0,0,0,0,low
14.799,13.376,2,5,1,1,0,0,0,59,0,0,0,0,0,0,0,0,0,0,0,0,0,0,0,0,low
2.360,22.263,5,17,0,1,0,0,0,42,0,0,0,0,0,0,0,0,0,0,0,0,0,0,0,0,low
81.086,64.816,6,10,10,1,0,0,0,80,1,1,1,1,1,1,1,1,0,1,1,0,0,1,0,1,critical
17.250,14.872,1,28,0,1,0,0,0,33,0,0,0,0,1,0,0,0,0,0,0,0,0,0,0,0,medium
4.813,28.116,5,29,1,0,0,0,1,35,0,0,0,0,1,0,0,0,0,0,0,0,0,0,0,0,low
55.711,67.308,47,128,3,1,0,0,0,221,1,1,1,1,0,0,1,1,0,1,0,1,0,1,0,1,medium
18.844,26.376,5,8,2,0,0,0,1,91,0,0,0,0,1,0,0,0,0,0,0,0,0,0,0,0,low
65.581,84.521,19,180,7,1,0,0,0,300,1,1,1,0,1,0,0,1,0,1,0,0,1,0,0,1,high
14.802,15.113,3,22,1,1,0,0,1,47,0,0,0,0,1,0,0,0,0,0,0,0,0,0,0,0,low
97.009,50.805,15,115,2,1,1,0,0,317,1,1,1,0,1,0,1,1,1,1,0,0,1,1,1,1,medium
19.472,3.670,1,23,1,1,0,0,1,21,0,0,0,0,0,0,0,0,0,0,0,0,0,0,0,0,low
5.946,20.717,3,9,1,1,0,0,1,5,0,0,0,0,1,0,0,0,0,0,0,0,0,0,0,0,low
12.902,20.551,1,30,1,0,0,0,0,94,0,0,0,0,0,0,0,0,0,0,0,0,0,0,0,0,medium
77.894,72.913,46,35,9,1,0,0,0,452,1,1,1,0,1,1,0,0,0,1,0,0,1,1,1,1,high
86.019,73.809,10,90,9,1,0,0,0,479,1,1,0,0,1,0,0,0,0,1,0,0,0,0,1,1,high
24.611,0.745,5,26,0,0,0,0,0,9,0,0,0,0,1,0,0,0,0,0,0,0,0,0,0,0,medium
11.075,7.019,4,21,0,1,0,0,0,88,0,0,0,0,0,0,0,0,0,0,0,0,0,0,0,0,medium
3.829,3.664,4,21,0,1,0,0,0,81,0,0,0,0,0,0,0,0,0,0,0,0,0,0,0,0,low
16.918,17.071,1,13,0,1,0,0,1,65,0,0,0,0,0,0,0,0,0,0,0,0,0,0,0,0,medium
97.005,65.942,27,108,1,1,1,1,0,473,1,1,0,1,1,0,0,0,1,1,1,1,1,0,1,1,high
15.550,12.761,3,6,1,1,0,0,0,75,0,0,0,0,1,0,0,0,0,0,0,0,0,0,0,0,medium
13.857,14.586,4,25,0,1,0,0,1,93,0,0,0,0,0,0,0,0,0,0,0,0,0,0,0,0,low
10.204,8.801,2,9,0,1,0,0,1,63,0,0,0,0,0,0,0,0,0,0,0,0,0,0,0,0,low
21.754,21.040,3,4,1,1,0,0,1,8,0,0,0,0,0,0,0,0,0,0,0,0,0,0,0,0,low
75.831,85.811,12,136,10,1,0,0,0,295,1,1,1,0,1,1,1,0,0,1,1,0,1,0,1,1,high
27.080,17.720,4,9,0,0,0,0,0,98,0,0,0,0,0,0,0,0,0,0,0,0,0,0,0,0,medium
12.165,12.038,2,22,0,0,0,0,0,100,0,0,0,0,1,0,0,0,0,0,0,0,0,0,0,0,low
6.510,11.914,1,10,0,0,0,0,1,12,0,0,0,0,1,0,0,0,0,0,0,0,0,0,0,0,medium
55.619,68.642,23,70,4,1,1,0,0,61,1,1,0,1,1,1,0,0,0,1,1,1,1,0,1,1,critical
11.028,24.030,2,6,0,1,0,0,1,17,0,0,0,0,0,0,0,0,0,0,0,0,0,0,0,0,medium
80.630,63.829,21,76,10,1,0,0,0,224,1,1,0,0,0,1,1,1,1,1,0,0,1,0,0,1,high
17.030,24.776,5,10,1,0,0,0,0,69,0,0,0,0,0,0,0,0,0,0,0,0,0,0,0,0,medium
23.877,10.191,4,18,1,0,0,0,0,37,0,0,0,0,1,0,0,0,0,0,0,0,0,0,0,0,low
65.290,94.091,39,50,5,1,0,0,0,462,1,1,1,1,1,0,0,1,1,1,0,0,0,1,1,1,high
12.557,17.850,1,6,2,1,0,0,0,24,0,0,0,0,0,0,0,0,0,0,0,0,0,0,0,0,medium
58.367,86.235,26,185,6,1,1,1,0,257,1,1,1,1,1,1,0,1,1,1,0,1,0,1,1,1,medium
79.882,63.888,9,14,3,1,1,1,0,447,1,1,1,1,1,0,1,1,0,1,0,1,0,0,0,1,high
10.360,21.899,3,6,0,0,0,0,1,74,0,0,0,0,1,0,0,0,0,0,0,0,0,0,0,0,medium
52.545,93.922,17,148,10,1,0,0,0,222,1,1,0,1,1,1,1,0,1,1,1,0,0,1,1,1,high
27.757,17.555,5,8,1,1,0,0,0,31,0,0,0,0,0,0,0,0,0,0,0,0,0,0,0,0,low
51.298,85.386,25,144,9,1,0,1,0,161,1,1,1,0,0,0,1,1,1,1,1,1,0,1,1,1,critical
24.469,22.494,4,8,2,1,0,0,1,84,0,0,0,0,0,0,0,0,0,0,0,0,0,0,0,0,medium
5.650,17.009,1,11,0,0,0,0,0,79,0,0,0,0,0,0,0,0,0,0,0,0,0,0,0,0,medium
24.107,3.454,3,20,2,0,0,0,1,73,0,0,0,0,0,0,0,0,0,0,0,0,0,0,0,0,low
26.198,26.306,4,16,0,1,0,0,0,83,0,0,0,0,1,0,0,0,0,0,0,0,0,0,0,0,low
23.921,17.033,4,18,0,0,0,0,1,37,0,0,0,0,1,0,0,0,0,0,0,0,0,0,0,0,low
7.061,23.327,3,28,2,0,0,0,1,19,0,0,0,0,0,0,0,0,0,0,0,0,0,0,0,0,low
4.533,1.399,3,12,1,0,0,0,0,14,0,0,0,0,0,0,0,0,0,0,0,0,0,0,0,0,low
23.518,27.978,3,9,0,0,0,0,0,54,0,0,0,0,1,0,0,0,0,0,0,0,0,0,0,0,low
19.249,13.382,3,7,1,1,0,0,0,94,0,0,0,0,1,0,0,0,0,0,0,0,0,0,0,0,low
54.144,53.400,21,70,1,1,1,0,0,327,1,1,0,0,1,1,1,1,1,1,1,0,0,0,0,1,medium
27.756,17.012,5,24,0,1,0,0,1,25,0,0,0,0,0,0,0,0,0,0,0,0,0,0,0,0,medium
12.833,4.226,5,29,2,1,0,0,0,28,0,0,0,0,0,0,0,0,0,0,0,0,0,0,0,0,medium
75.006,99.445,7,157,1,1,0,0,0,349,1,1,1,0,0,1,0,0,1,1,1,0,0,0,1,1,medium
50.778,94.904,10,84,4,1,1,1,0,346,1,1,1,1,1,1,1,1,0,1,1,1,0,0,1,1,critical
19.694,27.579,2,28,1,0,0,0,0,47,0,0,0,0,0,0,0,0,0,0,0,0,0,0,0,0,low
77.189,57.272,50,108,9,1,0,0,0,349,1,1,1,1,0,1,0,1,1,1,1,1,1,0,0,1,critical
13.409,23.448,2,10,0,0,0,0,0,62,0,0,0,0,0,0,0,0,0,0,0,0,0,0,0,0,low
12.483,3.837,4,9,2,1,0,0,0,50,0,0,0,0,0,0,0,0,0,0,0,0,0,0,0,0,low
21.707,7.780,3,20,0,0,0,0,0,55,0,0,0,0,0,0,0,0,0,0,0,0,0,0,0,0,low
66.584,88.319,25,166,8,1,1,1,0,197,1,1,0,1,1,1,1,1,1,1,1,0,1,0,1,1,high
14.974,7.577,2,24,1,0,0,0,1,50,0,0,0,0,1,0,0,0,0,0,0,0,0,0,0,0,low
20.567,0.026,2,0,2,1,0,0,1,12,0,0,0,0,0,0,0,0,0,0,0,0,0,0,0,0,medium
10.389,26.339,3,20,1,1,0,0,0,85,0,0,0,0,1,0,0,0,0,0,0,0,0,0,0,0,low
90.088,85.575,21,73,6,1,0,1,0,135,1,1,1,0,0,0,1,0,0,1,0,1,1,0,0,1,medium
53.282,65.745,27,100,4,1,0,0,0,83,1,1,0,1,1,0,0,1,0,1,1,0,0,0,1,1,medium
5.920,2.648,3,30,1,1,0,0,1,86,0,0,0,0,0,0,0,0,0,0,0,0,0,0,0,0,low
96.882,55.606,41,100,1,1,1,0,0,486,1,1,1,0,1,1,1,0,0,1,0,1,1,1,1,1,medium
27.971,29.723,5,6,0,0,0,0,1,40,0,0,0,0,0,0,0,0,0,0,0,0,0,0,0,0,medium
94.599,54.253,50,177,2,1,1,0,0,300,1,1,0,1,1,1,0,1,0,1,0,1,0,0,1,1,critical
16.603,26.399,3,12,0,1,0,0,0,54,0,0,0,0,1,0,0,0,0,0,0,0,0,0,0,0,medium
7.917,0.836,5,17,2,1,0,0,1,44,0,0,0,0,0,0,0,0,0,0,0,0,0,0,0,0,low
16.220,10.796,3,29,0,1,0,0,0,84,0,0,0,0,1,0,0,0,0,0,0,0,0,0,0,0,medium
77.997,52.888,18,13,8,1,0,0,0,230,1,1,0,0,0,0,1,1,1,1,0,1,0,0,1,1,high
92.201,77.431,27,200,10,1,0,0,0,404,1,1,1,0,1,1,1,0,0,1,1,0,0,0,1,1,critical
22.752,28.308,3,8,0,1,0,0,0,87,0,0,0,0,1,0,0,0,0,0,0,0,0,0,0,0,low
6.679,8.627,4,6,0,1,0,0,1,98,0,0,0,0,1,0,0,0,0,0,0,0,0,0,0,0,low
28.247,9.475,3,29,1,1,0,0,0,64,0,0,0,0,1,0,0,0,0,0,0,0,0,0,0,0,low
6.851,7.864,4,16,1,0,0,0,1,5,0,0,0,0,0,0,0,0,0,0,0,0,0,0,0,0,medium
11.510,24.067,2,6,1,1,0,0,1,60,0,0,0,0,1,0,0,0,0,0,0,0,0,0,0,0,medium
89.019,78.359,49,188,7,1,0,1,0,118,1,1,0,0,0,0,1,1,0,1,1,0,1,0,0,1,high
21.316,17.105,3,11,2,0,0,0,1,74,0,0,0,0,0,0,0,0,0,0,0,0,0,0,0,0,medium
7.150,10.313,5,4,0,0,0,0,1,88,0,0,0,0,1,0,0,0,0,0,0,0,0,0,0,0,low
18.815,4.718,2,25,2,1,0,0,1,96,0,0,0,0,1,0,0,0,0,0,0,0,0,0,0,0,medium
99.611,89.056,37,100,3,1,1,0,0,394,1,1,1,0,0,1,1,1,1,1,1,0,1,0,1,1,critical
57.769,61.419,50,180,1,1,1,1,0,326,1,1,0,1,0,0,0,1,0,1,1,0,0,1,0,1,medium
59.038,80.949,46,104,5,1,0,1,0,221,1,1,1,1,1,0,0,0,1,1,0,1,1,1,0,1,high
86.926,60.861,23,121,2,1,1,0,0,196,1,1,1,0,1,0,1,0,1,1,0,1,0,0,0,1,high
24.761,17.025,2,6,1,1,0,0,1,29,0,0,0,0,1,0,0,0,0,0,0,0,0,0,0,0,medium
13.161,18.347,5,30,0,0,0,0,0,63,0,0,0,0,0,0,0,0,0,0,0,0,0,0,0,0,low
2.752,13.031,1,9,1,0,0,0,0,68,0,0,0,0,1,0,0,0,0,0,0,0,0,0,0,0,low
23.558,4.452,3,18,1,1,0,0,1,11,0,0,0,0,1,0,0,0,0,0,0,0,0,0,0,0,medium
66.907,85.222,22,152,1,1,1,0,0,414,1,1,1,1,1,1,1,1,1,1,0,1,0,0,0,1,high
76.194,58.062,33,196,3,1,0,0,0,423,1,1,1,1,1,0,0,0,0,1,1,0,0,1,0,1,medium
94.005,81.019,37,84,2,1,1,0,0,99,1,1,1,1,0,0,1,0,1,1,0,0,0,0,1,1,high
82.231,84.679,20,105,10,1,1,1,0,54,1,1,0,1,1,1,0,1,0,1,0,1,0,0,1,1,medium
17.014,27.617,5,10,2,1,0,0,0,98,0,0,0,0,1,0,0,0,0,0,0,0,0,0,0,0,medium
99.863,73.894,44,183,2,1,1,0,0,365,1,1,0,0,0,0,1,0,1,1,1,1,1,0,0,1,high
16.930,9.351,5,3,1,1,0,0,1,17,0,0,0,0,0,0,0,0,0,0,0,0,0,0,0,0,medium
81.854,70.035,32,12,5,1,0,0,0,424,1,1,0,1,1,1,1,0,1,1,0,1,0,0,1,1,medium
1.676,2.558,4,9,2,0,0,0,0,49,0,0,0,0,0,0,0,0,0,0,0,0,0,0,0,0,low
56.943,70.114,10,53,5,1,0,1,0,228,1,1,0,0,0,1,0,1,1,1,0,1,0,0,0,1,high
10.054,26.618,2,12,1,1,0,0,0,72,0,0,0,0,1,0,0,0,0,0,0,0,0,0,0,0,medium
7.047,29.395,4,18,2,0,0,0,0,52,0,0,0,0,1,0,0,0,0,0,0,0,0,0,0,0,medium
2.667,5.261,4,14,1,1,0,0,1,22,0,0,0,0,1,0,0,0,0,0,0,0,0,0,0,0,low
10.039,8.646,4,10,0,1,0,0,0,81,0,0,0,0,0,0,0,0,0,0,0,0,0,0,0,0,medium
14.422,0.175,2,12,1,0,0,0,1,92,0,0,0,0,0,0,0,0,0,0,0,0,0,0,0,0,medium
23.650,28.209,5,2,2,0,0,0,1,67,0,0,0,0,0,0,0,0,0,0,0,0,0,0,0,0,medium
7.219,28.617,5,1,2,0,0,0,1,27,0,0,0,0,1,0,0,0,0,0,0,0,0,0,0,0,low
0.943,2.318,3,21,2,1,0,0,1,16,0,0,0,0,0,0,0,0,0,0,0,0,0,0,0,0,low
26.384,24.393,5,15,2,1,0,0,1,65,0,0,0,0,1,0,0,0,0,0,0,0,0,0,0,0,medium
25.559,2.722,3,21,2,0,0,0,1,30,0,0,0,0,0,0,0,0,0,0,0,0,0,0,0,0,medium
18.677,2.090,3,11,0,0,0,0,1,83,0,0,0,0,0,0,0,0,0,0,0,0,0,0,0,0,medium
14.093,6.836,1,0,0,1,0,0,0,31,0,0,0,0,0,0,0,0,0,0,0,0,0,0,0,0,low
99.040,71.152,33,15,5,1,1,1,0,203,1,1,0,0,0,0,1,1,1,1,1,0,0,1,1,1,high
0.093,8.310,4,28,0,1,0,0,1,69,0,0,0,0,0,0,0,0,0,0,0,0,0,0,0,0,low
13.037,25.018,3,28,2,1,0,0,0,91,0,0,0,0,1,0,0,0,0,0,0,0,0,0,0,0,medium
21.602,25.454,2,8,0,0,0,0,1,37,0,0,0,0,0,0,0,0,0,0,0,0,0,0,0,0,low
87.116,94.573,36,40,10,1,0,1,0,270,1,1,0,1,0,0,1,0,0,1,0,1,1,1,1,1,high
70.429,68.220,17,122,6,1,0,0,0,458,1,1,0,0,0,0,0,0,1,1,1,0,1,0,1,1,high
60.977,97.250,43,183,2,1,1,0,0,145,1,1,0,0,1,1,1,0,0,1,0,1,0,1,0,1,critical
82.210,50.155,39,197,4,1,0,0,0,82,1,1,0,1,0,0,1,0,0,1,1,1,0,1,1,1,high
2.628,29.746,2,1,0,1,0,0,1,94,0,0,0,0,1,0,0,0,0,0,0,0,0,0,0,0,low
8.278,25.202,4,16,0,0,0,0,1,48,0,0,0,0,1,0,0,0,0,0,0,0,0,0,0,0,medium
61.246,67.408,35,96,8,1,1,0,0,217,1,1,0,1,0,0,1,1,0,1,1,1,1,0,1,1,medium
97.365,71.565,40,131,5,1,0,0,0,387,1,1,1,0,1,0,1,1,1,1,1,0,1,0,1,1,medium
98.390,76.883,7,136,6,1,0,1,0,247,1,1,0,1,0,1,1,0,0,1,1,1,0,1,0,1,medium
4.388,4.103,3,12,2,0,0,0,0,92,0,0,0,0,1,0,0,0,0,0,0,0,0,0,0,0,low
82.169,80.734,39,172,5,1,0,1,0,187,1,1,1,1,0,1,1,1,0,1,1,1,0,1,0,1,medium
22.318,10.150,4,20,2,0,0,0,0,62,0,0,0,0,1,0,0,0,0,0,0,0,0,0,0,0,low
97.026,53.496,9,56,3,1,0,1,0,31,1,1,1,0,1,0,0,0,1,1,0,0,1,0,1,1,critical
78.752,73.643,50,54,4,1,1,1,0,445,1,1,1,0,1,0,1,1,0,1,0,1,1,1,0,1,medium
18.342,17.372,3,21,0,0,0,0,0,78,0,0,0,0,1,0,0,0,0,0,0,0,0,0,0,0,low
4.990,11.081,4,22,0,1,0,0,1,12,0,0,0,0,1,0,0,0,0,0,0,0,0,0,0,0,medium
19.644,0.778,1,25,2,1,0,0,1,45,0,0,0,0,1,0,0,0,0,0,0,0,0,0,0,0,medium
28.564,5.907,3,4,0,1,0,0,0,6,0,0,0,0,0,0,0,0,0,0,0,0,0,0,0,0,medium
20.805,17.038,1,23,2,1,0,0,0,43,0,0,0,0,0,0,0,0,0,0,0,0,0,0,0,0,low
64.726,93.464,9,13,7,1,1,1,0,172,1,1,0,0,0,0,1,1,1,1,0,0,1,1,0,1,high
7.678,16.352,3,28,2,0,0,0,0,76,0,0,0,0,0,0,0,0,0,0,0,0,0,0,0,0,low
6.693,29.843,4,9,1,1,0,0,0,92,0,0,0,0,0,0,0,0,0,0,0,0,0,0,0,0,medium
7.607,3.487,1,21,2,0,0,0,0,57,0,0,0,0,0,0,0,0,0,0,0,0,0,0,0,0,medium
9.259,16.202,4,2,1,1,0,0,1,25,0,0,0,0,1,0,0,0,0,0,0,0,0,0,0,0,low
3.995,27.909,3,2,2,1,0,0,1,13,0,0,0,0,1,0,0,0,0,0,0,0,0,0,0,0,medium
96.781,85.466,29,27,3,1,0,0,0,142,1,1,0,1,1,0,1,1,0,1,0,0,0,1,1,1,critical
27.327,8.250,3,11,0,1,0,0,1,68,0,0,0,0,1,0,0,0,0,0,0,0,0,0,0,0,medium
24.685,16.730,1,0,2,1,0,0,1,36,0,0,0,0,1,0,0,0,0,0,0,0,0,0,0,0,low
19.769,24.058,4,8,2,1,0,0,1,42,0,0,0,0,1,0,0,0,0,0,0,0,0,0,0,0,medium
27.587,20.446,3,24,2,0,0,0,0,11,0,0,0,0,1,0,0,0,0,0,0,0,0,0,0,0,medium
71.561,65.402,20,11,3,1,0,1,0,386,1,1,1,0,0,1,0,1,1,1,0,0,1,1,0,1,high
10.408,16.370,3,2,0,1,0,0,1,69,0,0,0,0,0,0,0,0,0,0,0,0,0,0,0,0,low
2.360,16.079,1,8,1,0,0,0,0,27,0,0,0,0,1,0,0,0,0,0,0,0,0,0,0,0,medium
8.017,8.115,1,1,2,0,0,0,1,13,0,0,0,0,0,0,0,0,0,0,0,0,0,0,0,0,low
19.396,12.811,5,27,1,1,0,0,1,83,0,0,0,0,0,0,0,0,0,0,0,0,0,0,0,0,low
5.327,8.782,1,3,2,1,0,0,0,57,0,0,0,0,0,0,0,0,0,0,0,0,0,0,0,0,low
15.482,28.355,1,4,0,0,0,0,1,66,0,0,0,0,1,0,0,0,0,0,0,0,0,0,0,0,medium
59.982,57.422,50,51,3,1,1,0,0,280,1,1,0,0,1,0,0,1,1,1,0,1,1,0,1,1,critical
4.440,28.759,1,27,0,0,0,0,1,40,0,0,0,0,1,0,0,0,0,0,0,0,0,0,0,0,low
82.620,75.752,21,151,8,1,1,1,0,435,1,1,0,0,1,1,1,1,0,1,0,0,1,0,0,1,medium
24.359,18.190,5,16,1,1,0,0,1,53,0,0,0,0,0,0,0,0,0,0,0,0,0,0,0,0,medium
26.591,9.159,3,30,0,0,0,0,0,7,0,0,0,0,0,0,0,0,0,0,0,0,0,0,0,0,low
12.936,1.111,2,10,0,1,0,0,1,57,0,0,0,0,1,0,0,0,0,0,0,0,0,0,0,0,low
98.696,71.172,7,193,8,1,1,1,0,287,1,1,0,1,0,1,1,1,1,1,1,0,0,1,1,1,high
11.531,21.829,3,12,0,1,0,0,1,38,0,0,0,0,1,0,0,0,0,0,0,0,0,0,0,0,low
4.073,21.363,3,25,0,0,0,0,0,66,0,0,0,0,0,0,0,0,0,0,0,0,0,0,0,0,medium
65.163,91.509,19,67,4,1,1,0,0,385,1,1,0,1,1,0,0,0,0,1,0,1,1,0,1,1,medium
9.820,20.730,2,8,0,0,0,0,1,11,0,0,0,0,0,0,0,0,0,0,0,0,0,0,0,0,low
52.681,73.914,38,67,4,1,0,0,0,283,1,1,1,1,1,1,0,1,1,1,1,0,0,0,1,1,critical
16.118,20.136,3,14,0,1,0,0,0,37,0,0,0,0,1,0,0,0,0,0,0,0,0,0,0,0,medium
15.489,9.766,2,27,0,1,0,0,0,40,0,0,0,0,0,0,0,0,0,0,0,0,0,0,0,0,medium
19.724,13.010,1,10,0,1,0,0,1,56,0,0,0,0,0,0,0,0,0,0,0,0,0,0,0,0,low
18.529,26.080,4,17,2,0,0,0,0,44,0,0,0,0,1,0,0,0,0,0,0,0,0,0,0,0,low
18.799,16.567,2,4,1,0,0,0,1,47,0,0,0,0,0,0,0,0,0,0,0,0,0,0,0,0,low
67.980,92.050,33,11,1,1,0,1,0,253,1,1,0,0,1,0,0,1,1,1,1,1,0,1,1,1,medium
20.654,9.733,2,4,2,0,0,0,0,90,0,0,0,0,1,0,0,0,0,0,0,0,0,0,0,0,low
10.600,6.024,5,14,1,0,0,0,0,20,0,0,0,0,1,0,0,0,0,0,0,0,0,0,0,0,low
16.854,11.406,1,18,1,1,0,0,1,19,0,0,0,0,1,0,0,0,0,0,0,0,0,0,0,0,medium
29.569,19.998,1,24,2,0,0,0,1,72,0,0,0,0,1,0,0,0,0,0,0,0,0,0,0,0,low
13.025,24.263,5,14,2,0,0,0,0,55,0,0,0,0,1,0,0,0,0,0,0,0,0,0,0,0,low
22.642,28.536,1,30,1,0,0,0,0,6,0,0,0,0,0,0,0,0,0,0,0,0,0,0,0,0,low
79.847,77.449,11,18,7,1,1,1,0,405,1,1,1,1,0,0,0,1,0,1,0,1,0,0,0,1,critical
21.660,1.111,4,18,1,0,0,0,0,24,0,0,0,0,0,0,0,0,0,0,0,0,0,0,0,0,low
66.497,98.336,34,65,8,1,0,1,0,115,1,1,1,0,0,1,1,0,0,1,0,1,1,1,0,1,medium
28.535,25.691,4,28,1,0,0,0,0,98,0,0,0,0,0,0,0,0,0,0,0,0,0,0,0,0,low
0.683,6.789,3,11,2,0,0,0,1,53,0,0,0,0,0,0,0,0,0,0,0,0,0,0,0,0,low
4.248,17.891,3,26,1,0,0,0,1,32,0,0,0,0,1,0,0,0,0,0,0,0,0,0,0,0,low
95.125,52.103,13,183,8,1,0,1,0,266,1,1,1,0,0,0,1,1,1,1,1,1,1,1,1,1,medium
9.243,29.737,1,0,2,0,0,0,0,69,0,0,0,0,1,0,0,0,0,0,0,0,0,0,0,0,medium
4.140,27.537,3,1,1,0,0,0,0,14,0,0,0,0,1,0,0,0,0,0,0,0,0,0,0,0,medium
92.195,86.022,36,185,2,1,0,0,0,361,1,1,0,0,1,0,0,1,0,1,0,1,1,0,1,1,critical
63.308,55.673,39,52,3,1,0,0,0,344,1,1,0,1,1,1,1,1,1,1,0,1,0,0,1,1,medium
17.959,0.472,4,4,2,1,0,0,1,93,0,0,0,0,1,0,0,0,0,0,0,0,0,0,0,0,medium
16.832,25.774,2,12,0,1,0,0,0,7,0,0,0,0,0,0,0,0,0,0,0,0,0,0,0,0,medium
27.885,18.383,3,3,2,0,0,0,0,96,0,0,0,0,1,0,0,0,0,0,0,0,0,0,0,0,medium
5.963,16.544,2,16,0,1,0,0,1,74,0,0,0,0,0,0,0,0,0,0,0,0,0,0,0,0,low
83.714,72.113,40,155,5,1,0,1,0,499,1,1,0,0,0,1,1,0,1,1,1,0,1,0,0,1,high
27.018,6.312,5,1,2,0,0,0,1,89,0,0,0,0,1,0,0,0,0,0,0,0,0,0,0,0,medium
88.780,85.785,34,62,8,1,0,0,0,423,1,1,0,1,0,1,1,1,1,1,1,1,0,1,0,1,high
19.015,1.550,4,21,1,1,0,0,0,49,0,0,0,0,1,0,0,0,0,0,0,0,0,0,0,0,medium
25.253,24.306,1,23,2,0,0,0,1,56,0,0,0,0,0,0,0,0,0,0,0,0,0,0,0,0,medium
71.834,52.195,26,187,4,1,0,1,0,465,1,1,1,1,0,0,1,1,0,1,1,1,0,0,1,1,medium
27.858,19.952,5,5,0,0,0,0,0,61,0,0,0,0,1,0,0,0,0,0,0,0,0,0,0,0,low
90.322,88.624,47,199,10,1,0,0,0,22,1,1,0,1,1,1,0,1,1,1,1,0,1,1,1,1,critical
6.910,7.037,4,21,2,1,0,0,1,46,0,0,0,0,1,0,0,0,0,0,0,0,0,0,0,0,low
68.817,50.197,33,178,9,1,0,0,0,423,1,1,1,0,0,0,1,1,0,1,1,0,0,0,1,1,critical
25.223,22.967,2,6,0,1,0,0,0,80,0,0,0,0,1,0,0,0,0,0,0,0,0,0,0,0,medium
60.735,71.473,35,90,9,1,0,0,0,492,1,1,0,0,1,0,1,0,1,1,1,1,0,1,1,1,medium
95.707,81.105,18,142,3,1,1,1,0,300,1,1,0,1,1,0,1,1,0,1,1,1,1,0,0,1,high
84.622,64.460,28,147,1,1,0,1,0,404,1,1,1,1,0,1,1,0,0,1,0,0,1,0,0,1,high
21.754,9.061,3,24,2,1,0,0,1,81,0,0,0,0,0,0,0,0,0,0,0,0,0,0,0,0,low
5.069,4.492,3,12,1,0,0,0,0,66,0,0,0,0,1,0,0,0,0,0,0,0,0,0,0,0,low
75.802,62.435,23,68,2,1,0,1,0,41,1,1,0,0,0,1,0,1,0,1,1,0,0,1,1,1,high
24.266,10.433,1,18,1,1,0,0,1,73,0,0,0,0,1,0,0,0,0,0,0,0,0,0,0,0,medium
22.074,29.694,3,20,1,0,0,0,0,49,0,0,0,0,0,0,0,0,0,0,0,0,0,0,0,0,medium
12.157,24.785,4,30,2,1,0,0,1,88,0,0,0,0,1,0,0,0,0,0,0,0,0,0,0,0,medium
14.238,28.627,2,9,0,0,0,0,1,48,0,0,0,0,0,0,0,0,0,0,0,0,0,0,0,0,medium
80.924,83.818,12,163,5,1,0,1,0,164,1,1,0,0,1,0,0,0,0,1,1,1,1,0,1,1,critical
6.281,20.903,5,29,0,1,0,0,1,7,0,0,0,0,0,0,0,0,0,0,0,0,0,0,0,0,medium
17.935,12.937,3,15,0,0,0,0,1,16,0,0,0,0,1,0,0,0,0,0,0,0,0,0,0,0,medium
11.987,10.560,2,13,2,1,0,0,1,20,0,0,0,0,1,0,0,0,0,0,0,0,0,0,0,0,low
22.753,23.191,3,30,0,0,0,0,0,97,0,0,0,0,0,0,0,0,0,0,0,0,0,0,0,0,low
3.359,13.087,2,24,0,1,0,0,1,57,0,0,0,0,1,0,0,0,0,0,0,0,0,0,0,0,low
23.168,17.718,1,28,1,0,0,0,1,23,0,0,0,0,1,0,0,0,0,0,0,0,0,0,0,0,low
29.903,19.503,2,0,1,1,0,0,0,26,0,0,0,0,1,0,0,0,0,0,0,0,0,0,0,0,medium
23.773,20.593,4,27,1,1,0,0,1,81,0,0,0,0,1,0,0,0,0,0,0,0,0,0,0,0,medium
3.580,20.488,2,17,2,0,0,0,1,62,0,0,0,0,0,0,0,0,0,0,0,0,0,0,0,0,medium
6.198,11.428,5,21,0,0,0,0,1,71,0,0,0,0,0,0,0,0,0,0,0,0,0,0,0,0,low
60.309,89.436,48,58,5,1,0,1,0,85,1,1,1,1,0,1,0,0,1,1,0,1,1,0,0,1,critical
15.513,13.316,3,16,1,0,0,0,1,50,0,0,0,0,1,0,0,0,0,0,0,0,0,0,0,0,medium
90.522,85.533,33,95,1,1,1,0,0,330,1,1,0,1,0,0,1,1,0,1,1,0,0,1,1,1,high
75.789,76.198,23,200,8,1,1,1,0,122,1,1,1,1,1,0,1,0,1,1,0,1,0,0,0,1,medium
66.026,91.866,22,65,2,1,0,1,0,351,1,1,0,0,0,0,1,1,1,1,1,1,1,0,1,1,high
75.233,75.644,45,106,2,1,1,1,0,67,1,1,1,1,0,1,0,1,1,1,1,0,0,1,0,1,medium
11.540,16.543,4,29,2,1,0,0,0,50,0,0,0,0,0,0,0,0,0,0,0,0,0,0,0,0,medium
17.845,11.589,3,13,1,0,0,0,0,28,0,0,0,0,1,0,0,0,0,0,0,0,0,0,0,0,low
24.926,23.648,4,15,1,1,0,0,0,89,0,0,0,0,1,0,0,0,0,0,0,0,0,0,0,0,low
18.828,3.561,2,17,2,0,0,0,0,15,0,0,0,0,1,0,0,0,0,0,0,0,0,0,0,0,low
13.135,4.124,5,27,2,1,0,0,0,39,0,0,0,0,0,0,0,0,0,0,0,0,0,0,0,0,medium
82.831,86.737,10,146,5,1,0,0,0,88,1,1,0,1,0,1,1,0,0,1,0,1,1,0,0,1,medium
57.538,78.301,7,144,7,1,0,0,0,301,1,1,0,0,0,0,0,0,0,1,1,0,1,1,0,1,high
85.500,82.868,30,167,5,1,0,1,0,325,1,1,1,1,1,1,0,0,1,1,0,1,0,1,0,1,critical
19.327,5.901,5,19,2,0,0,0,1,79,0,0,0,0,1,0,0,0,0,0,0,0,0,0,0,0,low
9.924,13.999,2,14,0,0,0,0,1,71,0,0,0,0,1,0,0,0,0,0,0,0,0,0,0,0,low
15.617,27.370,1,16,0,1,0,0,1,10,0,0,0,0,0,0,0,0,0,0,0,0,0,0,0,0,low
7.406,3.705,1,9,2,1,0,0,0,87,0,0,0,0,0,0,0,0,0,0,0,0,0,0,0,0,low
27.830,3.348,5,8,0,0,0,0,0,77,0,0,0,0,0,0,0,0,0,0,0,0,0,0,0,0,medium
18.662,28.426,3,3,2,1,0,0,1,89,0,0,0,0,1,0,0,0,0,0,0,0,0,0,0,0,medium
12.843,15.954,3,9,1,0,0,0,0,21,0,0,0,0,0,0,0,0,0,0,0,0,0,0,0,0,medium
28.804,11.028,5,8,1,1,0,0,1,98,0,0,0,0,0,0,0,0,0,0,0,0,0,0,0,0,medium
77.547,51.208,25,107,6,1,1,0,0,167,1,1,1,0,0,1,1,0,1,1,1,0,0,1,1,1,critical
10.091,22.432,2,27,2,0,0,0,0,34,0,0,0,0,0,0,0,0,0,0,0,0,0,0,0,0,low
29.961,20.147,3,9,2,0,0,0,1,56,0,0,0,0,0,0,0,0,0,0,0,0,0,0,0,0,medium
13.655,19.784,2,28,1,0,0,0,0,76,0,0,0,0,0,0,0,0,0,0,0,0,0,0,0,0,medium
2.764,16.770,4,13,1,1,0,0,1,23,0,0,0,0,0,0,0,0,0,0,0,0,0,0,0,0,low
9.926,2.455,4,27,0,1,0,0,0,21,0,0,0,0,0,0,0,0,0,0,0,0,0,0,0,0,low
13.853,3.225,4,28,1,1,0,0,1,95,0,0,0,0,0,0,0,0,0,0,0,0,0,0,0,0,low
5.353,5.709,5,10,1,0,0,0,0,99,0,0,0,0,1,0,0,0,0,0,0,0,0,0,0,0,low
5.472,12.546,4,26,0,0,0,0,1,87,0,0,0,0,0,0,0,0,0,0,0,0,0,0,0,0,medium
5.853,13.745,2,14,0,1,0,0,0,90,0,0,0,0,0,0,0,0,0,0,0,0,0,0,0,0,medium
18.884,6.187,4,0,1,1,0,0,0,80,0,0,0,0,1,0,0,0,0,0,0,0,0,0,0,0,medium
20.424,25.283,1,25,2,1,0,0,0,76,0,0,0,0,0,0,0,0,0,0,0,0,0,0,0,0,low
65.536,61.267,35,34,1,1,1,0,0,355,1,1,0,1,0,1,1,1,0,1,0,1,0,1,0,1,high
5.802,28.294,5,1,1,0,0,0,1,37,0,0,0,0,0,0,0,0,0,0,0,0,0,0,0,0,medium
19.596,20.135,2,14,0,0,0,0,0,57,0,0,0,0,1,0,0,0,0,0,0,0,0,0,0,0,low
67.105,50.438,48,112,5,1,1,0,0,409,1,1,0,1,1,0,1,0,0,1,0,1,0,0,0,1,medium
16.893,16.664,4,4,1,0,0,0,0,35,0,0,0,0,0,0,0,0,0,0,0,0,0,0,0,0,low
66.883,89.965,39,150,9,1,1,0,0,27,1,1,0,1,1,1,1,1,1,1,1,0,1,1,1,1,high
15.107,9.841,1,10,1,1,0,0,0,81,0,0,0,0,1,0,0,0,0,0,0,0,0,0,0,0,low
28.155,24.683,1,17,0,0,0,0,0,68,0,0,0,0,1,0,0,0,0,0,0,0,0,0,0,0,medium
7.724,6.932,5,14,0,1,0,0,1,48,0,0,0,0,1,0,0,0,0,0,0,0,0,0,0,0,medium
21.853,22.613,4,10,0,1,0,0,0,44,0,0,0,0,1,0,0,0,0,0,0,0,0,0,0,0,low
1.963,20.492,4,7,1,0,0,0,1,56,0,0,0,0,1,0,0,0,0,0,0,0,0,0,0,0,low
28.247,0.953,5,5,0,0,0,0,0,76,0,0,0,0,1,0,0,0,0,0,0,0,0,0,0,0,low
29.806,15.167,1,7,1,0,0,0,1,13,0,0,0,0,0,0,0,0,0,0,0,0,0,0,0,0,medium
29.315,7.589,2,10,0,1,0,0,1,85,0,0,0,0,1,0,0,0,0,0,0,0,0,0,0,0,medium
11.689,24.166,2,16,2,1,0,0,1,67,0,0,0,0,0,0,0,0,0,0,0,0,0,0,0,0,low
62.483,81.835,33,124,5,1,1,0,0,484,1,1,1,1,0,1,0,1,1,1,0,1,1,1,0,1,critical
99.934,58.617,40,110,8,1,1,1,0,451,1,1,1,0,1,1,1,1,0,1,1,0,0,1,1,1,high
29.653,24.876,2,27,0,0,0,0,1,8,0,0,0,0,0,0,0,0,0,0,0,0,0,0,0,0,medium
10.548,6.701,4,7,1,1,0,0,1,28,0,0,0,0,0,0,0,0,0,0,0,0,0,0,0,0,medium
18.944,17.070,1,19,0,1,0,0,0,49,0,0,0,0,0,0,0,0,0,0,0,0,0,0,0,0,medium
54.400,81.148,33,54,8,1,1,1,0,475,1,1,0,0,0,1,1,0,1,1,0,0,0,1,1,1,medium
26.319,16.453,3,14,0,0,0,0,0,17,0,0,0,0,1,0,0,0,0,0,0,0,0,0,0,0,low
13.405,8.314,2,12,0,0,0,0,1,50,0,0,0,0,0,0,0,0,0,0,0,0,0,0,0,0,medium
12.471,13.825,3,0,0,1,0,0,0,24,0,0,0,0,0,0,0,0,0,0,0,0,0,0,0,0,medium
8.606,27.960,4,17,0,1,0,0,0,53,0,0,0,0,0,0,0,0,0,0,0,0,0,0,0,0,low
29.528,10.254,1,21,2,0,0,0,1,82,0,0,0,0,0,0,0,0,0,0,0,0,0,0,0,0,medium
9.412,9.853,5,22,0,1,0,0,0,27,0,0,0,0,1,0,0,0,0,0,0,0,0,0,0,0,medium
83.068,95.049,8,138,1,1,1,0,0,215,1,1,0,0,0,1,0,1,0,1,1,1,1,0,1,1,high
71.269,85.065,6,140,9,1,1,0,0,259,1,1,1,0,0,0,1,0,0,1,1,0,1,0,0,1,high
90.211,86.076,8,172,2,1,0,0,0,177,1,1,1,0,1,0,1,0,0,1,0,0,0,0,1,1,high
69.053,54.926,18,69,7,1,1,0,0,307,1,1,0,0,1,0,0,1,1,1,1,0,1,0,0,1,critical
18.766,8.189,2,11,1,1,0,0,1,12,0,0,0,0,0,0,0,0,0,0,0,0,0,0,0,0,medium
18.134,20.396,4,9,0,1,0,0,0,37,0,0,0,0,0,0,0,0,0,0,0,0,0,0,0,0,medium
12.908,14.311,5,17,1,1,0,0,1,43,0,0,0,0,1,0,0,0,0,0,0,0,0,0,0,0,medium
3.747,15.319,1,16,2,0,0,0,0,85,0,0,0,0,0,0,0,0,0,0,0,0,0,0,0,0,low
1.043,5.696,2,8,2,0,0,0,1,49,0,0,0,0,1,0,0,0,0,0,0,0,0,0,0,0,medium
10.420,11.516,1,29,0,0,0,0,0,91,0,0,0,0,1,0,0,0,0,0,0,0,0,0,0,0,medium
24.998,24.008,1,24,2,0,0,0,0,34,0,0,0,0,1,0,0,0,0,0,0,0,0,0,0,0,medium
21.281,25.277,1,18,1,0,0,0,1,42,0,0,0,0,0,0,0,0,0,0,0,0,0,0,0,0,low
56.411,59.014,19,194,1,1,1,0,0,101,1,1,0,1,1,1,0,1,1,1,1,0,0,1,1,1,critical
87.627,86.678,35,86,6,1,1,1,0,326,1,1,0,1,0,0,0,1,0,1,0,0,1,1,0,1,medium
3.712,24.048,2,25,0,0,0,0,0,25,0,0,0,0,1,0,0,0,0,0,0,0,0,0,0,0,low
12.910,24.723,3,22,2,0,0,0,0,16,0,0,0,0,1,0,0,0,0,0,0,0,0,0,0,0,low
18.989,16.387,1,16,0,0,0,0,0,92,0,0,0,0,0,0,0,0,0,0,0,0,0,0,0,0,low
26.447,20.248,1,27,1,0,0,0,1,82,0,0,0,0,0,0,0,0,0,0,0,0,0,0,0,0,medium
72.874,82.090,36,134,10,1,1,1,0,81,1,1,0,1,0,0,1,0,0,1,0,1,0,0,0,1,high
97.750,68.008,43,128,3,1,1,1,0,312,1,1,1,0,0,0,0,0,1,1,0,0,1,0,0,1,critical
11.363,29.491,5,18,2,1,0,0,1,16,0,0,0,0,1,0,0,0,0,0,0,0,0,0,0,0,medium
16.336,21.355,3,24,0,1,0,0,0,73,0,0,0,0,1,0,0,0,0,0,0,0,0,0,0,0,low
53.298,89.671,17,190,10,1,0,1,0,499,1,1,1,0,1,1,0,1,1,1,0,0,1,0,0,1,high
10.373,28.248,5,12,0,1,0,0,1,44,0,0,0,0,1,0,0,0,0,0,0,0,0,0,0,0,medium
9.907,25.918,2,20,0,0,0,0,0,52,0,0,0,0,1,0,0,0,0,0,0,0,0,0,0,0,low
26.970,29.302,1,2,1,0,0,0,1,100,0,0,0,0,0,0,0,0,0,0,0,0,0,0,0,0,low
3.776,12.723,3,26,0,0,0,0,1,41,0,0,0,0,1,0,0,0,0,0,0,0,0,0,0,0,medium
70.298,85.631,47,41,6,1,0,0,0,493,1,1,1,0,1,1,1,1,0,1,1,1,0,0,0,1,critical
18.936,29.347,4,4,1,0,0,0,1,36,0,0,0,0,0,0,0,0,0,0,0,0,0,0,0,0,medium
22.193,9.039,5,12,2,1,0,0,1,36,0,0,0,0,1,0,0,0,0,0,0,0,0,0,0,0,low
1.919,4.254,1,7,1,1,0,0,0,50,0,0,0,0,1,0,0,0,0,0,0,0,0,0,0,0,medium
58.097,60.015,15,120,2,1,0,0,0,165,1,1,1,0,1,0,0,1,1,1,0,0,1,0,1,1,high
2.176,21.660,3,3,2,1,0,0,1,48,0,0,0,0,1,0,0,0,0,0,0,0,0,0,0,0,low
26.704,5.275,3,16,0,0,0,0,0,65,0,0,0,0,0,0,0,0,0,0,0,0,0,0,0,0,medium
93.200,89.596,39,92,4,1,0,1,0,207,1,1,0,1,0,0,1,0,1,1,1,0,0,1,1,1,medium
6.110,27.981,4,24,0,0,0,0,1,11,0,0,0,0,0,0,0,0,0,0,0,0,0,0,0,0,medium
6.898,22.381,1,27,1,0,0,0,0,49,0,0,0,0,1,0,0,0,0,0,0,0,0,0,0,0,low
17.683,6.444,4,28,2,0,0,0,0,35,0,0,0,0,0,0,0,0,0,0,0,0,0,0,0,0,medium
5.536,15.352,1,14,0,0,0,0,1,84,0,0,0,0,1,0,0,0,0,0,0,0,0,0,0,0,medium
9.388,17.944,5,17,0,0,0,0,1,36,0,0,0,0,0,0,0,0,0,0,0,0,0,0,0,0,low
14.181,11.843,2,6,1,0,0,0,0,90,0,0,0,0,1,0,0,0,0,0,0,0,0,0,0,0,medium
74.295,65.245,31,62,5,1,0,1,0,89,1,1,0,1,0,1,0,0,1,1,0,0,1,1,0,1,high
80.103,94.852,47,72,4,1,0,0,0,136,1,1,0,0,0,0,1,1,0,1,0,0,0,0,0,1,high
98.949,56.804,7,44,10,1,0,1,0,382,1,1,1,0,0,0,1,0,1,1,1,1,1,1,1,1,medium
26.004,27.508,3,10,0,1,0,0,1,96,0,0,0,0,0,0,0,0,0,0,0,0,0,0,0,0,low
5.957,1.579,5,14,0,0,0,0,0,14,0,0,0,0,0,0,0,0,0,0,0,0,0,0,0,0,low
23.587,22.734,5,8,2,0,0,0,1,77,0,0,0,0,0,0,0,0,0,0,0,0,0,0,0,0,medium
7.775,4.202,3,16,2,1,0,0,0,28,0,0,0,0,0,0,0,0,0,0,0,0,0,0,0,0,medium
16.693,7.529,1,7,2,0,0,0,1,88,0,0,0,0,0,0,0,0,0,0,0,0,0,0,0,0,medium
96.358,60.533,41,52,7,1,0,1,0,178,1,1,0,1,1,1,0,1,0,1,0,0,0,1,0,1,critical
19.712,15.343,1,29,0,0,0,0,1,79,0,0,0,0,0,0,0,0,0,0,0,0,0,0,0,0,low
18.434,29.914,1,28,1,0,0,0,0,85,0,0,0,0,0,0,0,0,0,0,0,0,0,0,0,0,low
27.277,22.819,3,21,0,0,0,0,1,32,0,0,0,0,1,0,0,0,0,0,0,0,0,0,0,0,low
13.733,9.968,4,6,0,0,0,0,1,62,0,0,0,0,0,0,0,0,0,0,0,0,0,0,0,0,medium
27.402,17.648,3,10,2,1,0,0,1,26,0,0,0,0,1,0,0,0,0,0,0,0,0,0,0,0,medium
52.511,58.644,47,137,4,1,1,0,0,347,1,1,0,1,0,1,1,0,1,1,0,0,1,0,1,1,high
67.537,92.935,8,139,9,1,1,0,0,55,1,1,1,0,0,0,0,1,1,1,0,0,0,0,0,1,high
14.195,1.755,2,23,0,0,0,0,1,36,0,0,0,0,0,0,0,0,0,0,0,0,0,0,0,0,medium
19.458,14.720,3,14,1,1,0,0,1,13,0,0,0,0,1,0,0,0,0,0,0,0,0,0,0,0,medium
11.972,20.698,2,25,2,1,0,0,1,52,0,0,0,0,0,0,0,0,0,0,0,0,0,0,0,0,low
23.209,26.898,1,6,0,0,0,0,0,55,0,0,0,0,1,0,0,0,0,0,0,0,0,0,0,0,medium
50.114,67.428,36,97,10,1,1,0,0,380,1,1,1,0,1,1,0,0,1,1,0,1,0,0,1,1,medium
80.934,58.521,14,52,7,1,0,1,0,209,1,1,0,0,1,0,0,1,1,1,0,0,1,1,0,1,critical
4.239,15.095,5,4,2,1,0,0,0,34,0,0,0,0,0,0,0,0,0,0,0,0,0,0,0,0,medium
90.054,63.502,33,118,4,1,0,1,0,315,1,1,0,0,1,1,0,0,0,1,1,0,0,1,0,1,medium
20.948,23.772,2,7,1,1,0,0,1,19,0,0,0,0,1,0,0,0,0,0,0,0,0,0,0,0,low
11.005,23.239,2,16,1,0,0,0,0,36,0,0,0,0,0,0,0,0,0,0,0,0,0,0,0,0,medium
6.733,14.581,2,0,1,0,0,0,0,21,0,0,0,0,1,0,0,0,0,0,0,0,0,0,0,0,medium
21.708,13.845,2,20,1,0,0,0,0,31,0,0,0,0,1,0,0,0,0,0,0,0,0,0,0,0,low
72.267,55.085,32,85,9,1,1,1,0,367,1,1,0,0,0,1,0,1,0,1,0,0,1,0,0,1,critical
9.054,6.507,1,9,2,1,0,0,0,63,0,0,0,0,0,0,0,0,0,0,0,0,0,0,0,0,medium
64.540,79.949,12,16,5,1,1,1,0,132,1,1,0,1,1,1,0,1,0,1,1,0,0,1,0,1,medium
21.041,2.962,5,13,0,1,0,0,0,22,0,0,0,0,1,0,0,0,0,0,0,0,0,0,0,0,medium
28.591,8.417,2,18,1,0,0,0,1,98,0,0,0,0,1,0,0,0,0,0,0,0,0,0,0,0,low
23.811,0.848,1,24,0,1,0,0,1,83,0,0,0,0,1,0,0,0,0,0,0,0,0,0,0,0,medium
11.496,0.783,3,5,1,1,0,0,1,36,0,0,0,0,1,0,0,0,0,0,0,0,0,0,0,0,low
1.711,11.815,1,3,1,1,0,0,1,86,0,0,0,0,0,0,0,0,0,0,0,0,0,0,0,0,medium
0.081,14.891,4,18,0,1,0,0,0,51,0,0,0,0,1,0,0,0,0,0,0,0,0,0,0,0,medium
12.566,8.638,4,2,0,0,0,0,1,33,0,0,0,0,1,0,0,0,0,0,0,0,0,0,0,0,medium
0.002,3.685,2,2,2,0,0,0,0,99,0,0,0,0,0,0,0,0,0,0,0,0,0,0,0,0,low
10.667,13.842,4,15,2,1,0,0,1,87,0,0,0,0,1,0,0,0,0,0,0,0,0,0,0,0,low
93.102,71.377,38,22,8,1,0,0,0,190,1,1,0,1,0,1,0,0,1,1,0,0,0,1,0,1,high
86.944,97.733,15,155,5,1,0,1,0,447,1,1,0,0,1,0,1,1,0,1,1,0,1,1,1,1,medium
5.602,10.137,2,16,2,0,0,0,0,19,0,0,0,0,0,0,0,0,0,0,0,0,0,0,0,0,low
6.380,25.842,2,2,2,0,0,0,0,66,0,0,0,0,0,0,0,0,0,0,0,0,0,0,0,0,low
17.963,1.469,4,18,2,0,0,0,1,52,0,0,0,0,0,0,0,0,0,0,0,0,0,0,0,0,low
10.851,9.901,4,21,0,1,0,0,0,99,0,0,0,0,1,0,0,0,0,0,0,0,0,0,0,0,medium
72.871,78.088,30,10,5,1,0,1,0,368,1,1,0,0,0,1,1,0,0,1,1,0,1,1,0,1,medium
1.726,14.746,3,7,0,0,0,0,1,40,0,0,0,0,0,0,0,0,0,0,0,0,0,0,0,0,low
51.743,83.050,47,90,9,1,1,0,0,106,1,1,1,1,0,0,0,1,1,1,0,1,1,1,1,1,high
19.383,28.420,3,9,1,1,0,0,0,85,0,0,0,0,1,0,0,0,0,0,0,0,0,0,0,0,medium
55.252,72.046,46,103,4,1,0,1,0,151,1,1,1,1,1,0,0,0,1,1,1,1,1,1,0,1,critical
90.718,87.708,35,70,7,1,1,0,0,243,1,1,1,1,0,0,0,0,0,1,1,0,0,1,1,1,critical
2.655,12.103,4,20,1,0,0,0,1,22,0,0,0,0,1,0,0,0,0,0,0,0,0,0,0,0,low
88.961,77.485,32,119,9,1,0,0,0,132,1,1,0,1,1,0,1,0,0,1,0,1,1,0,0,1,medium
5.919,7.594,1,20,1,0,0,0,0,13,0,0,0,0,1,0,0,0,0,0,0,0,0,0,0,0,medium
19.788,15.323,1,21,2,1,0,0,0,24,0,0,0,0,1,0,0,0,0,0,0,0,0,0,0,0,low
52.888,70.660,6,127,3,1,1,1,0,456,1,1,0,1,0,0,1,0,0,1,0,0,0,0,1,1,critical
20.321,27.869,2,3,1,1,0,0,0,25,0,0,0,0,1,0,0,0,0,0,0,0,0,0,0,0,low
2.103,26.521,2,8,1,0,0,0,0,35,0,0,0,0,0,0,0,0,0,0,0,0,0,0,0,0,medium
15.511,23.921,3,7,2,0,0,0,1,70,0,0,0,0,0,0,0,0,0,0,0,0,0,0,0,0,low
1.816,15.559,3,14,2,1,0,0,1,53,0,0,0,0,0,0,0,0,0,0,0,0,0,0,0,0,medium
81.202,58.277,28,101,7,1,0,0,0,94,1,1,1,1,1,0,1,0,0,1,1,1,0,0,0,1,critical
0.189,27.549,3,16,1,0,0,0,0,11,0,0,0,0,1,0,0,0,0,0,0,0,0,0,0,0,medium
86.989,95.204,34,12,6,1,0,0,0,485,1,1,1,1,1,1,1,1,1,1,0,0,0,1,1,1,high
81.610,68.216,26,57,9,1,0,1,0,306,1,1,1,0,0,1,0,1,1,1,0,0,1,0,1,1,medium
10.842,14.810,4,20,1,1,0,0,1,31,0,0,0,0,1,0,0,0,0,0,0,0,0,0,0,0,low
87.016,89.925,23,193,2,1,0,0,0,118,1,1,1,1,0,1,0,1,1,1,0,1,1,1,1,1,medium
4.220,24.028,3,20,1,0,0,0,0,85,0,0,0,0,0,0,0,0,0,0,0,0,0,0,0,0,low
10.789,2.940,4,28,2,1,0,0,1,68,0,0,0,0,1,0,0,0,0,0,0,0,0,0,0,0,low
8.344,22.655,2,2,2,0,0,0,0,43,0,0,0,0,0,0,0,0,0,0,0,0,0,0,0,0,medium
89.123,59.709,33,98,5,1,1,0,0,99,1,1,0,1,0,0,0,0,1,1,1,1,1,1,0,1,medium
7.400,3.817,4,4,1,1,0,0,0,98,0,0,0,0,0,0,0,0,0,0,0,0,0,0,0,0,medium
74.294,93.265,49,82,3,1,1,0,0,396,1,1,0,0,1,0,1,1,1,1,1,0,1,0,0,1,high
72.373,73.652,14,46,2,1,1,1,0,137,1,1,1,0,0,0,0,1,0,1,1,0,0,0,1,1,high
13.879,8.300,4,27,0,0,0,0,1,79,0,0,0,0,1,0,0,0,0,0,0,0,0,0,0,0,low
59.588,64.415,42,73,7,1,0,1,0,94,1,1,1,1,1,1,1,0,0,1,0,0,1,0,1,1,medium
13.328,2.379,2,26,0,1,0,0,0,32,0,0,0,0,0,0,0,0,0,0,0,0,0,0,0,0,low
12.552,21.237,4,26,2,1,0,0,1,59,0,0,0,0,0,0,0,0,0,0,0,0,0,0,0,0,medium
6.707,11.913,1,25,2,1,0,0,0,28,0,0,0,0,1,0,0,0,0,0,0,0,0,0,0,0,medium
20.186,3.604,4,24,1,1,0,0,1,23,0,0,0,0,0,0,0,0,0,0,0,0,0,0,0,0,low
11.202,26.634,5,24,0,1,0,0,1,42,0,0,0,0,0,0,0,0,0,0,0,0,0,0,0,0,medium
11.860,23.721,3,24,1,0,0,0,0,14,0,0,0,0,1,0,0,0,0,0,0,0,0,0,0,0,low
10.039,21.388,3,7,2,1,0,0,0,50,0,0,0,0,0,0,0,0,0,0,0,0,0,0,0,0,low
65.163,69.790,28,97,1,1,0,1,0,229,1,1,1,0,0,1,1,1,1,1,1,1,1,1,0,1,high
27.629,24.365,3,19,2,1,0,0,0,99,0,0,0,0,0,0,0,0,0,0,0,0,0,0,0,0,medium
0.347,19.093,3,2,1,0,0,0,1,65,0,0,0,0,0,0,0,0,0,0,0,0,0,0,0,0,low
13.936,9.594,1,27,2,0,0,0,1,46,0,0,0,0,0,0,0,0,0,0,0,0,0,0,0,0,low
64.834,88.757,28,178,1,1,1,1,0,208,1,1,0,1,1,0,1,0,1,1,0,1,1,0,1,1,high
84.201,67.623,34,62,5,1,0,0,0,91,1,1,1,1,1,0,1,1,1,1,1,1,1,0,0,1,high
14.082,1.462,4,20,2,0,0,0,0,10,0,0,0,0,0,0,0,0,0,0,0,0,0,0,0,0,medium
12.753,19.580,1,26,1,1,0,0,0,30,0,0,0,0,0,0,0,0,0,0,0,0,0,0,0,0,low
27.475,10.402,1,25,0,0,0,0,0,24,0,0,0,0,1,0,0,0,0,0,0,0,0,0,0,0,medium
63.053,88.268,42,137,2,1,0,0,0,260,1,1,1,0,1,0,0,1,1,1,0,1,0,0,1,1,medium
0.758,9.441,2,16,2,1,0,0,1,74,0,0,0,0,0,0,0,0,0,0,0,0,0,0,0,0,medium
50.614,81.354,28,99,7,1,0,1,0,169,1,1,0,1,0,0,0,1,1,1,0,0,0,1,0,1,critical
9.127,15.332,2,30,0,1,0,0,1,90,0,0,0,0,1,0,0,0,0,0,0,0,0,0,0,0,medium
19.377,14.162,4,7,2,1,0,0,1,79,0,0,0,0,0,0,0,0,0,0,0,0,0,0,0,0,medium
74.743,82.350,45,168,10,1,1,0,0,282,1,1,0,0,0,1,0,0,1,1,1,1,1,1,0,1,critical
11.253,23.341,5,5,0,0,0,0,0,69,0,0,0,0,1,0,0,0,0,0,0,0,0,0,0,0,medium
61.838,57.295,18,134,4,1,1,0,0,291,1,1,0,1,1,1,0,1,1,1,0,1,0,1,0,1,critical
1.431,13.560,5,7,2,0,0,0,0,38,0,0,0,0,0,0,0,0,0,0,0,0,0,0,0,0,low
29.428,12.818,5,0,0,1,0,0,1,59,0,0,0,0,1,0,0,0,0,0,0,0,0,0,0,0,medium
59.461,84.569,24,180,1,1,0,0,0,224,1,1,0,0,0,0,1,0,1,1,1,1,0,0,0,1,medium
4.833,13.280,2,0,2,0,0,0,0,35,0,0,0,0,1,0,0,0,0,0,0,0,0,0,0,0,low
20.114,11.765,5,2,2,0,0,0,1,86,0,0,0,0,1,0,0,0,0,0,0,0,0,0,0,0,low
15.877,6.221,1,7,0,0,0,0,1,79,0,0,0,0,0,0,0,0,0,0,0,0,0,0,0,0,low
81.192,89.510,9,169,4,1,1,0,0,152,1,1,0,0,0,0,0,1,1,1,0,1,0,0,1,1,medium
15.048,8.128,1,26,1,1,0,0,0,7,0,0,0,0,0,0,0,0,0,0,0,0,0,0,0,0,medium
20.507,5.106,3,27,0,0,0,0,0,21,0,0,0,0,1,0,0,0,0,0,0,0,0,0,0,0,medium
23.386,20.771,2,12,2,0,0,0,1,57,0,0,0,0,0,0,0,0,0,0,0,0,0,0,0,0,low
25.443,0.193,4,14,2,0,0,0,1,44,0,0,0,0,1,0,0,0,0,0,0,0,0,0,0,0,low
20.715,23.322,5,19,0,1,0,0,1,10,0,0,0,0,1,0,0,0,0,0,0,0,0,0,0,0,medium
25.526,29.049,1,22,2,1,0,0,0,96,0,0,0,0,0,0,0,0,0,0,0,0,0,0,0,0,medium
8.258,26.218,5,21,1,0,0,0,1,37,0,0,0,0,0,0,0,0,0,0,0,0,0,0,0,0,medium
1.357,16.147,4,21,0,0,0,0,1,56,0,0,0,0,1,0,0,0,0,0,0,0,0,0,0,0,low
19.449,12.441,5,15,2,1,0,0,0,63,0,0,0,0,0,0,0,0,0,0,0,0,0,0,0,0,low
19.694,13.509,2,19,0,1,0,0,1,22,0,0,0,0,0,0,0,0,0,0,0,0,0,0,0,0,medium
59.333,87.045,34,28,8,1,1,0,0,466,1,1,0,0,1,0,0,0,0,1,0,1,0,0,0,1,critical
4.283,17.092,1,19,0,0,0,0,0,36,0,0,0,0,0,0,0,0,0,0,0,0,0,0,0,0,medium
81.752,76.792,12,29,10,1,1,1,0,325,1,1,0,0,1,0,1,1,0,1,1,1,1,1,0,1,high
64.660,65.769,42,12,10,1,1,1,0,437,1,1,1,1,0,0,1,1,1,1,0,0,0,0,0,1,medium
6.585,29.845,5,8,2,1,0,0,0,70,0,0,0,0,0,0,0,0,0,0,0,0,0,0,0,0,medium
89.451,93.787,5,157,6,1,1,1,0,34,1,1,0,1,1,0,1,0,0,1,0,1,1,1,0,1,medium
6.973,28.586,1,23,2,0,0,0,1,100,0,0,0,0,0,0,0,0,0,0,0,0,0,0,0,0,low
7.611,13.098,4,27,0,1,0,0,0,92,0,0,0,0,1,0,0,0,0,0,0,0,0,0,0,0,low
85.074,51.449,28,171,2,1,1,0,0,21,1,1,0,1,1,0,1,0,0,1,0,0,0,1,0,1,critical
5.568,2.728,2,29,2,1,0,0,0,93,0,0,0,0,0,0,0,0,0,0,0,0,0,0,0,0,medium
13.960,21.435,5,26,0,0,0,0,0,27,0,0,0,0,0,0,0,0,0,0,0,0,0,0,0,0,medium
10.403,28.188,1,24,1,0,0,0,1,70,0,0,0,0,1,0,0,0,0,0,0,0,0,0,0,0,medium
9.966,29.529,5,28,1,1,0,0,1,97,0,0,0,0,0,0,0,0,0,0,0,0,0,0,0,0,medium
27.499,12.644,2,26,2,1,0,0,0,38,0,0,0,0,0,0,0,0,0,0,0,0,0,0,0,0,low
3.549,25.188,2,24,1,0,0,0,1,14,0,0,0,0,0,0,0,0,0,0,0,0,0,0,0,0,medium
28.847,5.676,3,10,0,1,0,0,1,34,0,0,0,0,0,0,0,0,0,0,0,0,0,0,0,0,medium
12.828,0.654,2,0,2,0,0,0,0,98,0,0,0,0,0,0,0,0,0,0,0,0,0,0,0,0,low
22.796,9.932,4,23,1,0,0,0,0,59,0,0,0,0,1,0,0,0,0,0,0,0,0,0,0,0,medium
7.318,18.852,5,30,2,1,0,0,1,55,0,0,0,0,0,0,0,0,0,0,0,0,0,0,0,0,medium
13.554,12.274,5,10,2,0,0,0,0,38,0,0,0,0,1,0,0,0,0,0,0,0,0,0,0,0,low
57.434,93.519,39,26,1,1,0,0,0,175,1,1,0,1,0,1,0,1,0,1,1,0,1,0,0,1,medium
9.364,18.882,1,30,0,1,0,0,1,98,0,0,0,0,1,0,0,0,0,0,0,0,0,0,0,0,medium
25.233,26.177,3,29,0,0,0,0,1,93,0,0,0,0,0,0,0,0,0,0,0,0,0,0,0,0,medium
5.945,4.439,1,15,2,1,0,0,0,76,0,0,0,0,1,0,0,0,0,0,0,0,0,0,0,0,medium
11.103,25.326,3,4,1,0,0,0,0,90,0,0,0,0,0,0,0,0,0,0,0,0,0,0,0,0,medium
9.397,19.667,2,26,1,0,0,0,1,10,0,0,0,0,1,0,0,0,0,0,0,0,0,0,0,0,low
96.662,69.966,50,200,3,1,0,0,0,141,1,1,1,0,1,1,1,1,1,1,0,0,1,1,0,1,critical
7.538,19.728,1,16,2,0,0,0,1,94,0,0,0,0,1,0,0,0,0,0,0,0,0,0,0,0,medium
58.037,69.107,41,111,3,1,0,0,0,73,1,1,1,0,1,0,0,1,0,1,1,1,0,0,0,1,medium
21.417,9.775,2,1,1,1,0,0,1,52,0,0,0,0,1,0,0,0,0,0,0,0,0,0,0,0,medium
25.881,24.771,2,20,0,1,0,0,1,31,0,0,0,0,0,0,0,0,0,0,0,0,0,0,0,0,medium
15.851,11.809,2,4,0,1,0,0,0,12,0,0,0,0,1,0,0,0,0,0,0,0,0,0,0,0,medium
2.871,21.799,5,21,2,1,0,0,0,16,0,0,0,0,0,0,0,0,0,0,0,0,0,0,0,0,medium
69.473,86.373,5,20,1,1,0,1,0,183,1,1,1,0,0,0,0,1,0,1,0,1,1,1,1,1,high
18.460,2.419,1,26,2,0,0,0,0,10,0,0,0,0,0,0,0,0,0,0,0,0,0,0,0,0,medium
22.029,6.655,4,23,0,0,0,0,1,50,0,0,0,0,0,0,0,0,0,0,0,0,0,0,0,0,medium
97.105,97.361,14,108,2,1,0,0,0,194,1,1,0,0,1,1,1,0,1,1,1,1,0,1,1,1,high
28.445,5.213,4,20,1,1,0,0,0,40,0,0,0,0,0,0,0,0,0,0,0,0,0,0,0,0,low
14.370,13.023,2,29,0,0,0,0,1,48,0,0,0,0,0,0,0,0,0,0,0,0,0,0,0,0,low
78.212,89.896,21,15,10,1,0,1,0,95,1,1,1,0,0,1,0,1,0,1,1,0,1,0,1,1,critical
2.913,2.172,2,28,1,0,0,0,1,11,0,0,0,0,0,0,0,0,0,0,0,0,0,0,0,0,medium
18.946,19.615,3,13,2,1,0,0,0,25,0,0,0,0,0,0,0,0,0,0,0,0,0,0,0,0,low
1.915,2.193,3,18,1,0,0,0,0,55,0,0,0,0,0,0,0,0,0,0,0,0,0,0,0,0,medium
8.701,29.313,3,11,1,0,0,0,1,97,0,0,0,0,1,0,0,0,0,0,0,0,0,0,0,0,low
27.867,1.421,3,4,0,0,0,0,1,22,0,0,0,0,1,0,0,0,0,0,0,0,0,0,0,0,low
29.060,12.147,4,28,0,1,0,0,1,11,0,0,0,0,0,0,0,0,0,0,0,0,0,0,0,0,low
7.866,7.315,3,0,2,1,0,0,0,70,0,0,0,0,1,0,0,0,0,0,0,0,0,0,0,0,low
10.980,16.196,3,3,0,1,0,0,0,37,0,0,0,0,1,0,0,0,0,0,0,0,0,0,0,0,low
2.264,15.656,2,17,1,0,0,0,1,95,0,0,0,0,1,0,0,0,0,0,0,0,0,0,0,0,medium
5.715,18.398,1,3,2,0,0,0,0,77,0,0,0,0,1,0,0,0,0,0,0,0,0,0,0,0,medium
64.066,87.526,7,70,4,1,1,0,0,330,1,1,1,1,0,0,0,1,1,1,1,0,0,0,0,1,high
73.741,80.359,46,38,7,1,0,1,0,45,1,1,1,1,0,0,1,0,0,1,0,0,1,1,1,1,critical
24.205,14.242,3,2,1,1,0,0,1,82,0,0,0,0,0,0,0,0,0,0,0,0,0,0,0,0,low
15.375,8.487,4,24,0,0,0,0,0,59,0,0,0,0,1,0,0,0,0,0,0,0,0,0,0,0,medium
69.980,63.017,33,159,1,1,0,1,0,285,1,1,1,0,0,1,1,0,1,1,1,0,0,1,1,1,critical
11.805,26.980,1,0,1,1,0,0,0,6,0,0,0,0,1,0,0,0,0,0,0,0,0,0,0,0,medium
96.979,67.340,40,101,5,1,0,0,0,50,1,1,0,1,1,0,0,1,0,1,1,0,1,0,1,1,critical
16.913,13.977,5,11,2,1,0,0,1,76,0,0,0,0,1,0,0,0,0,0,0,0,0,0,0,0,low
7.567,7.839,2,29,0,0,0,0,1,59,0,0,0,0,0,0,0,0,0,0,0,0,0,0,0,0,low
26.175,26.828,1,0,2,1,0,0,0,10,0,0,0,0,0,0,0,0,0,0,0,0,0,0,0,0,low
64.655,57.303,39,11,3,1,1,0,0,412,1,1,1,1,1,0,0,0,0,1,0,1,0,1,0,1,high
1.328,24.783,3,13,2,1,0,0,0,41,0,0,0,0,0,0,0,0,0,0,0,0,0,0,0,0,low
3.552,17.833,1,21,1,0,0,0,0,96,0,0,0,0,0,0,0,0,0,0,0,0,0,0,0,0,low
95.484,70.393,23,31,10,1,1,0,0,493,1,1,0,0,0,0,1,1,1,1,1,0,1,0,1,1,critical
19.553,21.597,3,13,0,0,0,0,1,70,0,0,0,0,1,0,0,0,0,0,0,0,0,0,0,0,low
26.425,10.230,5,13,2,0,0,0,0,69,0,0,0,0,0,0,0,0,0,0,0,0,0,0,0,0,low
94.613,92.042,30,22,4,1,0,1,0,422,1,1,0,0,0,1,0,1,1,1,0,1,1,1,1,1,critical
63.108,51.702,32,180,3,1,1,0,0,73,1,1,1,0,1,1,1,0,0,1,1,1,1,1,1,1,medium
14.052,2.266,4,9,0,1,0,0,0,62,0,0,0,0,0,0,0,0,0,0,0,0,0,0,0,0,medium
27.405,0.997,1,25,0,1,0,0,1,24,0,0,0,0,0,0,0,0,0,0,0,0,0,0,0,0,low
24.346,10.068,5,11,0,1,0,0,1,29,0,0,0,0,0,0,0,0,0,0,0,0,0,0,0,0,medium
24.794,15.618,1,28,2,1,0,0,0,42,0,0,0,0,0,0,0,0,0,0,0,0,0,0,0,0,medium
56.894,60.857,11,36,5,1,1,0,0,223,1,1,0,1,1,0,0,1,1,1,1,0,0,1,1,1,medium
1.305,25.066,1,7,0,1,0,0,1,93,0,0,0,0,0,0,0,0,0,0,0,0,0,0,0,0,low
9.707,23.052,3,24,2,1,0,0,0,20,0,0,0,0,0,0,0,0,0,0,0,0,0,0,0,0,low
23.875,27.478,1,27,0,0,0,0,0,64,0,0,0,0,0,0,0,0,0,0,0,0,0,0,0,0,medium
19.634,16.670,3,8,0,1,0,0,1,22,0,0,0,0,1,0,0,0,0,0,0,0,0,0,0,0,medium
86.525,72.442,45,130,10,1,0,0,0,342,1,1,1,1,0,0,1,1,1,1,0,0,1,1,0,1,high
21.848,13.345,3,27,2,0,0,0,0,12,0,0,0,0,1,0,0,0,0,0,0,0,0,0,0,0,medium
29.037,12.355,5,5,1,1,0,0,0,69,0,0,0,0,0,0,0,0,0,0,0,0,0,0,0,0,medium
26.912,6.208,3,8,0,1,0,0,0,95,0,0,0,0,0,0,0,0,0,0,0,0,0,0,0,0,medium
80.832,91.118,46,188,9,1,1,1,0,195,1,1,0,1,0,0,0,0,1,1,1,0,1,1,1,1,high
3.122,13.436,3,7,0,0,0,0,0,91,0,0,0,0,0,0,0,0,0,0,0,0,0,0,0,0,medium
87.450,79.002,27,18,3,1,0,1,0,100,1,1,0,1,1,0,0,0,1,1,0,1,0,1,1,1,high
84.935,76.371,47,79,7,1,0,1,0,369,1,1,1,1,1,0,0,0,0,1,1,0,0,1,0,1,critical
15.615,7.265,2,16,0,1,0,0,0,19,0,0,0,0,0,0,0,0,0,0,0,0,0,0,0,0,medium
19.097,10.532,2,26,0,0,0,0,0,69,0,0,0,0,0,0,0,0,0,0,0,0,0,0,0,0,medium
23.596,29.477,5,30,2,0,0,0,0,60,0,0,0,0,0,0,0,0,0,0,0,0,0,0,0,0,medium
8.143,28.194,5,16,2,1,0,0,0,89,0,0,0,0,0,0,0,0,0,0,0,0,0,0,0,0,medium
21.801,20.981,1,20,0,1,0,0,1,57,0,0,0,0,0,0,0,0,0,0,0,0,0,0,0,0,low
63.092,60.693,9,192,9,1,1,0,0,389,1,1,1,0,0,0,1,1,1,1,0,0,0,1,0,1,critical
6.492,19.057,2,14,1,0,0,0,0,52,0,0,0,0,1,0,0,0,0,0,0,0,0,0,0,0,medium
11.403,26.376,4,24,2,0,0,0,0,22,0,0,0,0,1,0,0,0,0,0,0,0,0,0,0,0,medium
6.184,5.220,1,11,2,0,0,0,1,21,0,0,0,0,1,0,0,0,0,0,0,0,0,0,0,0,medium
24.934,16.448,2,18,2,1,0,0,1,89,0,0,0,0,0,0,0,0,0,0,0,0,0,0,0,0,medium
12.403,18.524,5,22,0,0,0,0,1,18,0,0,0,0,1,0,0,0,0,0,0,0,0,0,0,0,medium
0.782,7.900,5,14,2,0,0,0,1,98,0,0,0,0,1,0,0,0,0,0,0,0,0,0,0,0,low
16.425,6.723,4,8,1,1,0,0,0,72,0,0,0,0,0,0,0,0,0,0,0,0,0,0,0,0,low
0.429,27.043,5,4,0,1,0,0,0,20,0,0,0,0,1,0,0,0,0,0,0,0,0,0,0,0,medium
2.280,22.659,2,15,2,0,0,0,0,42,0,0,0,0,0,0,0,0,0,0,0,0,0,0,0,0,medium
18.588,28.462,4,25,1,1,0,0,0,7,0,0,0,0,0,0,0,0,0,0,0,0,0,0,0,0,low
24.824,6.930,3,17,0,0,0,0,0,88,0,0,0,0,0,0,0,0,0,0,0,0,0,0,0,0,medium
23.557,9.198,4,7,1,1,0,0,1,21,0,0,0,0,0,0,0,0,0,0,0,0,0,0,0,0,low
53.894,74.606,26,12,2,1,1,0,0,195,1,1,1,1,1,1,1,1,0,1,1,0,0,0,1,1,high
14.350,9.100,1,29,2,0,0,0,0,37,0,0,0,0,1,0,0,0,0,0,0,0,0,0,0,0,low
3.265,23.850,4,18,1,0,0,0,1,54,0,0,0,0,1,0,0,0,0,0,0,0,0,0,0,0,low
25.356,29.938,2,11,2,1,0,0,0,77,0,0,0,0,0,0,0,0,0,0,0,0,0,0,0,0,low
78.115,83.813,6,153,6,1,0,0,0,253,1,1,1,1,1,0,1,0,1,1,1,1,1,1,1,1,medium
27.258,23.852,2,28,0,0,0,0,0,94,0,0,0,0,0,0,0,0,0,0,0,0,0,0,0,0,low
0.954,3.155,4,24,0,1,0,0,0,93,0,0,0,0,1,0,0,0,0,0,0,0,0,0,0,0,low
8.376,20.330,2,0,2,1,0,0,0,8,0,0,0,0,1,0,0,0,0,0,0,0,0,0,0,0,medium
10.090,9.825,1,10,2,1,0,0,1,20,0,0,0,0,1,0,0,0,0,0,0,0,0,0,0,0,medium
72.581,64.265,24,22,9,1,1,0,0,444,1,1,1,1,1,0,1,0,1,1,1,1,0,0,0,1,high
13.663,17.473,4,6,2,0,0,0,0,82,0,0,0,0,1,0,0,0,0,0,0,0,0,0,0,0,medium
71.622,88.543,41,95,5,1,1,0,0,153,1,1,1,0,0,0,1,0,0,1,1,1,0,1,0,1,critical
14.241,10.833,4,8,1,0,0,0,1,40,0,0,0,0,0,0,0,0,0,0,0,0,0,0,0,0,low
25.458,8.971,5,27,0,0,0,0,0,22,0,0,0,0,0,0,0,0,0,0,0,0,0,0,0,0,medium
1.141,29.861,2,1,2,1,0,0,1,44,0,0,0,0,0,0,0,0,0,0,0,0,0,0,0,0,low
87.999,81.438,13,138,2,1,0,1,0,297,1,1,1,0,0,0,1,1,0,1,1,0,0,1,1,1,medium
98.790,59.138,49,84,5,1,0,1,0,346,1,1,0,0,1,0,0,0,0,1,1,1,0,0,1,1,high
27.950,29.427,5,13,1,1,0,0,0,8,0,0,0,0,1,0,0,0,0,0,0,0,0,0,0,0,low
80.108,51.382,50,111,10,1,1,0,0,485,1,1,0,0,1,0,0,0,1,1,0,1,0,0,1,1,high
87.002,76.534,17,98,7,1,1,1,0,359,1,1,1,1,0,1,1,0,1,1,1,0,1,0,0,1,medium
13.780,20.448,4,0,1,1,0,0,0,18,0,0,0,0,1,0,0,0,0,0,0,0,0,0,0,0,low
95.479,74.134,13,194,7,1,1,0,0,92,1,1,1,1,0,1,0,1,0,1,1,0,1,0,0,1,high
9.016,5.792,3,5,0,1,0,0,1,45,0,0,0,0,0,0,0,0,0,0,0,0,0,0,0,0,low
18.139,2.801,5,24,2,1,0,0,0,25,0,0,0,0,1,0,0,0,0,0,0,0,0,0,0,0,low
24.889,8.928,5,16,1,1,0,0,0,90,0,0,0,0,1,0,0,0,0,0,0,0,0,0,0,0,medium
16.536,4.541,3,8,1,0,0,0,1,38,0,0,0,0,1,0,0,0,0,0,0,0,0,0,0,0,medium
20.303,6.231,5,8,2,1,0,0,0,23,0,0,0,0,0,0,0,0,0,0,0,0,0,0,0,0,medium
52.612,96.968,42,21,10,1,0,0,0,372,1,1,1,1,0,0,0,1,0,1,1,0,0,1,1,1,medium
91.104,61.771,27,141,7,1,1,1,0,177,1,1,0,0,1,1,0,1,1,1,0,0,0,0,1,1,medium
14.258,13.464,2,22,1,0,0,0,1,91,0,0,0,0,0,0,0,0,0,0,0,0,0,0,0,0,low
24.521,5.714,5,16,0,0,0,0,0,10,0,0,0,0,0,0,0,0,0,0,0,0,0,0,0,0,medium
28.251,12.436,2,2,1,1,0,0,1,66,0,0,0,0,0,0,0,0,0,0,0,0,0,0,0,0,low
24.229,2.266,4,3,1,0,0,0,1,43,0,0,0,0,1,0,0,0,0,0,0,0,0,0,0,0,low
63.278,50.352,13,161,1,1,1,1,0,67,1,1,1,0,1,1,0,0,0,1,0,0,0,0,0,1,high
89.830,94.598,39,175,10,1,1,0,0,52,1,1,0,0,0,1,0,0,0,1,1,1,1,1,0,1,critical
18.879,17.375,3,14,2,0,0,0,1,51,0,0,0,0,0,0,0,0,0,0,0,0,0,0,0,0,medium
22.634,3.700,5,17,2,1,0,0,1,45,0,0,0,0,1,0,0,0,0,0,0,0,0,0,0,0,low
24.987,29.245,4,4,2,1,0,0,1,22,0,0,0,0,0,0,0,0,0,0,0,0,0,0,0,0,low
25.245,2.034,1,24,2,1,0,0,0,65,0,0,0,0,0,0,0,0,0,0,0,0,0,0,0,0,medium
13.874,27.765,3,23,0,0,0,0,1,80,0,0,0,0,0,0,0,0,0,0,0,0,0,0,0,0,low
17.235,26.291,1,14,2,1,0,0,1,48,0,0,0,0,0,0,0,0,0,0,0,0,0,0,0,0,medium
14.277,0.663,4,12,2,1,0,0,1,31,0,0,0,0,1,0,0,0,0,0,0,0,0,0,0,0,low
29.210,26.213,5,11,1,1,0,0,0,32,0,0,0,0,1,0,0,0,0,0,0,0,0,0,0,0,medium
21.405,6.678,4,9,0,1,0,0,1,31,0,0,0,0,1,0,0,0,0,0,0,0,0,0,0,0,medium
2.673,10.232,2,20,1,0,0,0,1,25,0,0,0,0,0,0,0,0,0,0,0,0,0,0,0,0,medium
73.450,62.808,30,122,1,1,0,0,0,219,1,1,0,0,1,1,1,0,1,1,0,0,1,1,1,1,high
19.450,29.364,2,4,0,1,0,0,1,52,0,0,0,0,0,0,0,0,0,0,0,0,0,0,0,0,medium
19.715,22.046,4,22,2,0,0,0,1,7,0,0,0,0,0,0,0,0,0,0,0,0,0,0,0,0,medium
8.044,14.513,3,8,1,0,0,0,1,98,0,0,0,0,1,0,0,0,0,0,0,0,0,0,0,0,low
12.756,16.595,2,27,0,1,0,0,0,62,0,0,0,0,0,0,0,0,0,0,0,0,0,0,0,0,medium
13.011,20.490,3,22,2,1,0,0,1,58,0,0,0,0,1,0,0,0,0,0,0,0,0,0,0,0,medium
9.981,5.954,2,1,1,1,0,0,0,84,0,0,0,0,1,0,0,0,0,0,0,0,0,0,0,0,medium
98.849,53.800,23,111,2,1,1,0,0,217,1,1,0,1,0,1,0,0,0,1,1,0,1,1,0,1,medium
0.064,24.194,4,6,2,1,0,0,0,36,0,0,0,0,0,0,0,0,0,0,0,0,0,0,0,0,low
29.732,15.084,3,22,0,0,0,0,0,28,0,0,0,0,0,0,0,0,0,0,0,0,0,0,0,0,medium
99.672,52.038,50,43,2,1,1,1,0,390,1,1,0,1,1,0,1,1,1,1,0,1,1,0,1,1,high
22.825,3.148,5,24,2,0,0,0,1,35,0,0,0,0,0,0,0,0,0,0,0,0,0,0,0,0,medium
15.030,25.537,2,13,1,1,0,0,0,99,0,0,0,0,0,0,0,0,0,0,0,0,0,0,0,0,low
6.924,4.586,5,26,2,0,0,0,1,54,0,0,0,0,1,0,0,0,0,0,0,0,0,0,0,0,low
8.523,7.213,3,19,1,0,0,0,0,31,0,0,0,0,0,0,0,0,0,0,0,0,0,0,0,0,medium
76.979,87.927,48,137,8,1,0,0,0,339,1,1,0,1,0,0,0,0,0,1,0,0,1,0,1,1,medium
8.191,22.794,3,20,2,0,0,0,0,5,0,0,0,0,1,0,0,0,0,0,0,0,0,0,0,0,low
10.670,3.854,2,9,1,1,0,0,1,43,0,0,0,0,1,0,0,0,0,0,0,0,0,0,0,0,medium
22.755,11.315,4,14,2,1,0,0,0,57,0,0,0,0,1,0,0,0,0,0,0,0,0,0,0,0,medium
16.077,18.174,2,11,0,1,0,0,1,59,0,0,0,0,1,0,0,0,0,0,0,0,0,0,0,0,medium
3.809,24.007,1,18,1,0,0,0,1,8,0,0,0,0,1,0,0,0,0,0,0,0,0,0,0,0,low
18.367,25.962,5,27,1,0,0,0,0,86,0,0,0,0,0,0,0,0,0,0,0,0,0,0,0,0,medium
23.507,18.851,5,1,2,1,0,0,0,42,0,0,0,0,1,0,0,0,0,0,0,0,0,0,0,0,medium
0.284,25.631,2,19,0,1,0,0,0,30,0,0,0,0,1,0,0,0,0,0,0,0,0,0,0,0,low
61.949,81.199,48,24,9,1,1,1,0,218,1,1,1,0,0,0,1,0,1,1,1,1,1,0,1,1,medium
12.765,0.746,3,21,2,1,0,0,1,31,0,0,0,0,0,0,0,0,0,0,0,0,0,0,0,0,medium
70.476,99.845,27,48,9,1,0,0,0,302,1,1,0,1,0,1,0,1,0,1,0,0,0,0,0,1,medium
10.050,21.982,1,3,1,1,0,0,1,76,0,0,0,0,1,0,0,0,0,0,0,0,0,0,0,0,low
79.556,52.344,50,187,3,1,0,1,0,67,1,1,0,1,1,1,1,1,0,1,1,0,1,1,0,1,high
12.539,21.300,1,20,0,0,0,0,0,89,0,0,0,0,1,0,0,0,0,0,0,0,0,0,0,0,low
15.144,25.323,4,27,1,0,0,0,1,51,0,0,0,0,0,0,0,0,0,0,0,0,0,0,0,0,medium
25.115,4.207,3,8,0,1,0,0,0,65,0,0,0,0,0,0,0,0,0,0,0,0,0,0,0,0,low
28.743,27.565,1,27,0,1,0,0,0,51,0,0,0,0,0,0,0,0,0,0,0,0,0,0,0,0,medium
23.070,25.840,2,4,0,1,0,0,1,89,0,0,0,0,1,0,0,0,0,0,0,0,0,0,0,0,medium
83.208,98.724,41,72,7,1,0,0,0,100,1,1,1,1,0,0,1,0,0,1,0,1,0,0,0,1,high
77.917,64.043,34,91,9,1,0,1,0,400,1,1,1,0,1,1,0,0,1,1,1,1,0,1,1,1,medium
80.312,99.808,15,102,9,1,1,0,0,153,1,1,0,1,1,0,0,0,0,1,1,1,0,1,0,1,medium
97.738,60.658,39,22,8,1,1,0,0,159,1,1,1,0,1,1,1,0,1,1,0,0,0,0,1,1,high
29.427,24.126,2,27,0,0,0,0,1,7,0,0,0,0,1,0,0,0,0,0,0,0,0,0,0,0,low
16.740,1.633,2,23,0,1,0,0,0,78,0,0,0,0,0,0,0,0,0,0,0,0,0,0,0,0,medium
16.343,19.931,3,28,0,0,0,0,0,80,0,0,0,0,0,0,0,0,0,0,0,0,0,0,0,0,low
63.542,51.057,39,28,4,1,1,1,0,263,1,1,1,1,1,0,0,1,0,1,1,0,0,0,0,1,high
75.903,77.586,42,128,8,1,1,0,0,270,1,1,1,0,0,0,0,0,0,1,1,0,0,1,0,1,critical
11.108,28.728,5,25,1,1,0,0,1,74,0,0,0,0,0,0,0,0,0,0,0,0,0,0,0,0,low
20.396,1.141,3,6,0,0,0,0,0,86,0,0,0,0,0,0,0,0,0,0,0,0,0,0,0,0,medium
63.711,57.965,20,48,6,1,1,0,0,116,1,1,1,0,0,0,0,1,0,1,0,1,0,0,0,1,medium
19.153,6.759,3,28,1,0,0,0,1,96,0,0,0,0,0,0,0,0,0,0,0,0,0,0,0,0,low
12.494,6.931,1,11,0,1,0,0,0,99,0,0,0,0,0,0,0,0,0,0,0,0,0,0,0,0,medium
89.381,77.075,42,103,5,1,0,1,0,20,1,1,1,1,0,1,1,0,0,1,1,0,1,1,1,1,medium
27.584,23.839,5,23,1,1,0,0,0,83,0,0,0,0,0,0,0,0,0,0,0,0,0,0,0,0,medium
2.148,8.426,5,11,0,0,0,0,1,100,0,0,0,0,0,0,0,0,0,0,0,0,0,0,0,0,low
13.049,27.263,3,19,1,1,0,0,1,72,0,0,0,0,1,0,0,0,0,0,0,0,0,0,0,0,low
18.608,23.787,1,15,0,0,0,0,1,44,0,0,0,0,1,0,0,0,0,0,0,0,0,0,0,0,medium
28.974,10.344,2,14,2,0,0,0,0,93,0,0,0,0,1,0,0,0,0,0,0,0,0,0,0,0,medium
52.825,69.363,39,28,6,1,0,1,0,51,1,1,1,1,1,0,0,0,0,1,0,0,0,0,0,1,medium
6.010,25.678,5,30,1,1,0,0,1,42,0,0,0,0,1,0,0,0,0,0,0,0,0,0,0,0,low
1.860,16.107,2,27,1,1,0,0,1,88,0,0,0,0,1,0,0,0,0,0,0,0,0,0,0,0,low
12.106,21.213,3,15,2,0,0,0,0,53,0,0,0,0,1,0,0,0,0,0,0,0,0,0,0,0,medium
54.578,95.656,32,131,6,1,0,1,0,377,1,1,0,0,1,0,1,1,0,1,0,1,1,0,0,1,medium
5.663,12.756,3,14,0,0,0,0,1,17,0,0,0,0,1,0,0,0,0,0,0,0,0,0,0,0,medium
17.794,26.206,5,0,0,1,0,0,0,82,0,0,0,0,1,0,0,0,0,0,0,0,0,0,0,0,medium
20.300,11.003,4,18,0,0,0,0,1,10,0,0,0,0,0,0,0,0,0,0,0,0,0,0,0,0,medium
90.686,58.371,41,96,8,1,1,0,0,240,1,1,0,1,1,1,0,0,0,1,0,0,0,0,0,1,medium
22.387,7.137,1,29,2,1,0,0,0,19,0,0,0,0,0,0,0,0,0,0,0,0,0,0,0,0,medium
15.735,28.361,1,10,0,1,0,0,0,22,0,0,0,0,1,0,0,0,0,0,0,0,0,0,0,0,medium
9.603,15.213,3,8,2,1,0,0,1,11,0,0,0,0,0,0,0,0,0,0,0,0,0,0,0,0,medium
17.400,28.249,2,5,1,0,0,0,0,61,0,0,0,0,1,0,0,0,0,0,0,0,0,0,0,0,medium
22.966,3.440,1,29,0,0,0,0,0,71,0,0,0,0,0,0,0,0,0,0,0,0,0,0,0,0,low
11.618,21.315,5,14,1,1,0,0,0,95,0,0,0,0,0,0,0,0,0,0,0,0,0,0,0,0,low
27.298,5.104,5,21,0,0,0,0,0,50,0,0,0,0,0,0,0,0,0,0,0,0,0,0,0,0,medium
5.041,9.118,3,0,1,0,0,0,0,84,0,0,0,0,1,0,0,0,0,0,0,0,0,0,0,0,low
27.876,19.682,4,30,0,1,0,0,0,17,0,0,0,0,1,0,0,0,0,0,0,0,0,0,0,0,low
0.657,18.740,3,29,1,0,0,0,1,59,0,0,0,0,0,0,0,0,0,0,0,0,0,0,0,0,low
6.428,11.528,3,30,0,0,0,0,1,88,0,0,0,0,0,0,0,0,0,0,0,0,0,0,0,0,medium
77.936,55.640,42,190,2,1,1,1,0,231,1,1,1,1,0,0,1,1,1,1,1,1,1,0,1,1,high
80.841,57.613,33,78,3,1,1,0,0,499,1,1,0,0,0,0,1,1,0,1,0,1,0,1,0,1,critical
22.191,15.460,2,10,0,0,0,0,1,36,0,0,0,0,0,0,0,0,0,0,0,0,0,0,0,0,low
70.961,63.924,49,121,4,1,0,1,0,81,1,1,0,1,1,1,1,0,1,1,1,1,1,0,1,1,high
1.374,8.502,3,18,2,1,0,0,1,100,0,0,0,0,1,0,0,0,0,0,0,0,0,0,0,0,medium
8.077,23.761,3,12,0,0,0,0,0,68,0,0,0,0,0,0,0,0,0,0,0,0,0,0,0,0,medium
69.965,84.682,13,119,10,1,1,1,0,31,1,1,0,1,1,1,0,1,0,1,0,0,0,1,0,1,critical
9.289,18.945,3,30,1,1,0,0,1,20,0,0,0,0,1,0,0,0,0,0,0,0,0,0,0,0,medium
18.580,28.949,5,22,2,1,0,0,1,61,0,0,0,0,1,0,0,0,0,0,0,0,0,0,0,0,medium
21.882,14.976,5,26,1,0,0,0,1,9,0,0,0,0,0,0,0,0,0,0,0,0,0,0,0,0,medium
62.728,70.442,41,124,10,1,1,0,0,114,1,1,0,0,1,0,1,0,1,1,0,1,1,1,1,1,medium
23.128,27.008,3,25,2,1,0,0,1,27,0,0,0,0,0,0,0,0,0,0,0,0,0,0,0,0,medium
94.193,64.789,28,74,9,1,0,0,0,179,1,1,1,0,1,1,0,0,0,1,1,1,1,1,1,1,medium
7.354,4.646,1,25,0,0,0,0,0,19,0,0,0,0,1,0,0,0,0,0,0,0,0,0,0,0,medium
10.545,22.292,3,19,1,0,0,0,0,94,0,0,0,0,1,0,0,0,0,0,0,0,0,0,0,0,low
27.351,0.757,2,21,0,1,0,0,1,73,0,0,0,0,0,0,0,0,0,0,0,0,0,0,0,0,low
18.120,29.012,1,17,1,1,0,0,0,64,0,0,0,0,1,0,0,0,0,0,0,0,0,0,0,0,low
21.544,12.039,4,19,1,0,0,0,1,37,0,0,0,0,0,0,0,0,0,0,0,0,0,0,0,0,medium
5.966,21.513,1,18,2,1,0,0,0,85,0,0,0,0,0,0,0,0,0,0,0,0,0,0,0,0,low
17.384,0.354,2,16,0,0,0,0,1,29,0,0,0,0,1,0,0,0,0,0,0,0,0,0,0,0,low
22.488,7.173,1,27,2,0,0,0,0,9,0,0,0,0,0,0,0,0,0,0,0,0,0,0,0,0,medium
3.224,25.352,1,15,1,0,0,0,0,87,0,0,0,0,0,0,0,0,0,0,0,0,0,0,0,0,medium
6.764,0.970,4,27,1,1,0,0,0,70,0,0,0,0,0,0,0,0,0,0,0,0,0,0,0,0,medium
16.040,12.280,2,26,0,0,0,0,0,98,0,0,0,0,1,0,0,0,0,0,0,0,0,0,0,0,medium
98.835,53.466,23,32,2,1,0,1,0,295,1,1,1,1,1,0,1,1,1,1,0,0,0,0,1,1,medium
11.182,22.147,5,18,2,1,0,0,1,57,0,0,0,0,0,0,0,0,0,0,0,0,0,0,0,0,low
27.808,10.668,4,12,0,0,0,0,1,5,0,0,0,0,0,0,0,0,0,0,0,0,0,0,0,0,low
64.977,87.113,47,128,9,1,0,1,0,410,1,1,1,0,1,0,0,0,1,1,0,1,0,0,0,1,critical
7.153,19.535,1,18,0,1,0,0,1,65,0,0,0,0,1,0,0,0,0,0,0,0,0,0,0,0,medium
81.285,68.594,22,55,8,1,1,1,0,161,1,1,1,0,0,1,1,0,1,1,0,1,0,1,1,1,medium
24.932,26.899,1,22,1,1,0,0,1,20,0,0,0,0,1,0,0,0,0,0,0,0,0,0,0,0,low
17.057,20.133,4,26,2,0,0,0,0,56,0,0,0,0,0,0,0,0,0,0,0,0,0,0,0,0,medium
4.822,6.161,3,30,1,0,0,0,0,62,0,0,0,0,1,0,0,0,0,0,0,0,0,0,0,0,medium
96.805,80.900,50,116,7,1,0,0,0,255,1,1,1,0,0,0,1,0,1,1,0,1,1,1,1,1,medium
27.288,9.027,3,10,0,1,0,0,1,10,0,0,0,0,1,0,0,0,0,0,0,0,0,0,0,0,medium
95.744,66.103,21,71,2,1,0,1,0,63,1,1,0,1,1,0,0,0,1,1,1,0,0,1,1,1,high
16.174,24.178,1,0,2,0,0,0,0,49,0,0,0,0,1,0,0,0,0,0,0,0,0,0,0,0,medium
19.560,19.992,1,11,1,1,0,0,1,78,0,0,0,0,1,0,0,0,0,0,0,0,0,0,0,0,low
88.366,56.596,22,46,7,1,1,1,0,467,1,1,1,1,1,1,1,0,1,1,0,1,1,0,0,1,medium
25.735,0.112,3,27,2,0,0,0,0,93,0,0,0,0,1,0,0,0,0,0,0,0,0,0,0,0,medium
4.606,22.546,3,11,2,0,0,0,1,97,0,0,0,0,1,0,0,0,0,0,0,0,0,0,0,0,low
53.052,86.670,14,125,9,1,1,0,0,476,1,1,1,0,0,0,1,1,0,1,0,1,1,0,0,1,high
23.990,8.140,4,29,0,0,0,0,0,81,0,0,0,0,1,0,0,0,0,0,0,0,0,0,0,0,medium
15.978,9.177,1,14,1,0,0,0,0,88,0,0,0,0,1,0,0,0,0,0,0,0,0,0,0,0,medium
17.523,1.661,4,3,0,0,0,0,1,75,0,0,0,0,1,0,0,0,0,0,0,0,0,0,0,0,medium
81.107,93.600,45,88,5,1,0,1,0,88,1,1,1,0,0,0,1,0,0,1,0,0,1,1,1,1,critical
12.511,13.776,5,28,1,1,0,0,0,16,0,0,0,0,0,0,0,0,0,0,0,0,0,0,0,0,low
15.314,13.604,3,17,1,1,0,0,0,75,0,0,0,0,1,0,0,0,0,0,0,0,0,0,0,0,low
21.676,4.005,4,7,0,1,0,0,1,49,0,0,0,0,1,0,0,0,0,0,0,0,0,0,0,0,low
21.062,27.948,5,15,1,1,0,0,1,60,0,0,0,0,1,0,0,0,0,0,0,0,0,0,0,0,medium
29.213,18.038,1,11,1,1,0,0,1,88,0,0,0,0,1,0,0,0,0,0,0,0,0,0,0,0,medium
21.522,25.125,4,5,2,1,0,0,1,30,0,0,0,0,0,0,0,0,0,0,0,0,0,0,0,0,medium
68.965,91.715,31,106,2,1,0,0,0,480,1,1,0,0,1,0,0,0,0,1,0,0,0,1,0,1,medium
98.916,50.323,16,167,5,1,0,1,0,423,1,1,1,0,0,0,0,1,0,1,1,0,1,0,1,1,critical
86.094,74.676,31,100,9,1,1,0,0,165,1,1,0,1,0,1,0,0,0,1,0,1,0,0,1,1,high
63.772,91.494,44,94,8,1,1,1,0,396,1,1,1,0,0,0,0,0,1,1,1,1,0,1,1,1,critical
18.914,13.211,2,27,0,0,0,0,0,67,0,0,0,0,1,0,0,0,0,0,0,0,0,0,0,0,medium
83.681,70.581,40,12,10,1,1,1,0,338,1,1,1,1,0,0,1,0,1,1,0,1,0,1,0,1,medium
11.463,0.657,3,22,0,1,0,0,1,16,0,0,0,0,0,0,0,0,0,0,0,0,0,0,0,0,medium
1.710,6.100,1,26,0,1,0,0,0,84,0,0,0,0,1,0,0,0,0,0,0,0,0,0,0,0,medium
78.445,62.561,43,119,1,1,1,1,0,142,1,1,1,1,1,0,0,1,0,1,0,0,1,0,0,1,high
74.208,78.447,6,143,1,1,1,0,0,227,1,1,1,1,1,0,1,1,0,1,0,1,0,0,1,1,high
19.282,10.792,1,17,0,1,0,0,1,59,0,0,0,0,1,0,0,0,0,0,0,0,0,0,0,0,low
11.755,14.423,3,7,0,1,0,0,0,34,0,0,0,0,1,0,0,0,0,0,0,0,0,0,0,0,low
52.229,94.943,5,110,2,1,1,0,0,23,1,1,0,1,1,0,1,0,0,1,1,1,0,0,0,1,critical
17.113,16.267,2,12,2,0,0,0,0,79,0,0,0,0,0,0,0,0,0,0,0,0,0,0,0,0,low
98.528,57.643,16,118,6,1,0,0,0,273,1,1,0,0,1,1,1,1,1,1,1,0,1,0,1,1,high
63.310,52.222,42,122,5,1,1,0,0,484,1,1,1,0,1,1,0,1,1,1,1,1,0,0,0,1,medium
25.773,0.831,1,4,0,0,0,0,0,67,0,0,0,0,0,0,0,0,0,0,0,0,0,0,0,0,low
7.501,9.699,5,14,1,0,0,0,0,96,0,0,0,0,1,0,0,0,0,0,0,0,0,0,0,0,low
7.851,28.655,3,16,2,1,0,0,1,82,0,0,0,0,0,0,0,0,0,0,0,0,0,0,0,0,low
13.023,27.255,3,12,2,1,0,0,1,5,0,0,0,0,1,0,0,0,0,0,0,0,0,0,0,0,low
29.426,0.686,4,20,1,0,0,0,1,19,0,0,0,0,0,0,0,0,0,0,0,0,0,0,0,0,low
4.861,17.148,3,16,2,1,0,0,0,94,0,0,0,0,1,0,0,0,0,0,0,0,0,0,0,0,medium
7.567,3.357,2,14,1,0,0,0,1,74,0,0,0,0,1,0,0,0,0,0,0,0,0,0,0,0,medium
5.459,9.757,2,14,0,1,0,0,1,17,0,0,0,0,1,0,0,0,0,0,0,0,0,0,0,0,medium
51.735,53.386,28,128,3,1,0,1,0,128,1,1,1,0,1,0,1,1,1,1,0,0,1,1,0,1,high
28.368,15.553,3,29,2,0,0,0,1,54,0,0,0,0,0,0,0,0,0,0,0,0,0,0,0,0,medium
21.014,22.038,1,0,2,0,0,0,0,66,0,0,0,0,1,0,0,0,0,0,0,0,0,0,0,0,medium
21.943,15.851,3,30,2,0,0,0,0,50,0,0,0,0,1,0,0,0,0,0,0,0,0,0,0,0,medium
18.754,6.106,2,21,0,0,0,0,1,68,0,0,0,0,1,0,0,0,0,0,0,0,0,0,0,0,low
2.305,19.034,4,22,2,0,0,0,1,100,0,0,0,0,0,0,0,0,0,0,0,0,0,0,0,0,medium
9.053,14.686,1,6,0,1,0,0,1,13,0,0,0,0,1,0,0,0,0,0,0,0,0,0,0,0,low
27.299,4.143,4,22,1,0,0,0,1,13,0,0,0,0,0,0,0,0,0,0,0,0,0,0,0,0,medium
11.006,27.238,5,9,1,1,0,0,1,38,0,0,0,0,0,0,0,0,0,0,0,0,0,0,0,0,medium
57.830,79.538,39,117,9,1,0,1,0,202,1,1,1,1,1,1,1,0,1,1,0,0,1,1,0,1,medium
15.549,8.385,2,10,2,1,0,0,1,25,0,0,0,0,1,0,0,0,0,0,0,0,0,0,0,0,low
17.466,12.274,2,14,0,0,0,0,1,76,0,0,0,0,1,0,0,0,0,0,0,0,0,0,0,0,medium
4.867,29.056,2,27,0,0,0,0,0,6,0,0,0,0,1,0,0,0,0,0,0,0,0,0,0,0,medium
98.010,59.307,38,87,3,1,1,1,0,230,1,1,0,0,1,1,0,1,0,1,1,1,1,1,1,1,critical
75.984,85.251,16,24,7,1,1,1,0,440,1,1,0,1,0,1,0,0,1,1,0,1,1,0,0,1,medium
67.408,95.315,50,58,2,1,0,0,0,179,1,1,1,1,0,0,1,1,1,1,0,1,0,0,1,1,medium
3.677,11.255,3,10,2,0,0,0,1,40,0,0,0,0,1,0,0,0,0,0,0,0,0,0,0,0,medium
7.612,16.604,1,25,1,1,0,0,0,96,0,0,0,0,0,0,0,0,0,0,0,0,0,0,0,0,low
25.708,29.705,3,17,0,1,0,0,1,57,0,0,0,0,1,0,0,0,0,0,0,0,0,0,0,0,medium
7.802,0.632,4,17,0,0,0,0,0,48,0,0,0,0,0,0,0,0,0,0,0,0,0,0,0,0,low
91.503,57.956,13,44,2,1,0,0,0,325,1,1,1,1,1,1,1,0,1,1,0,0,1,1,0,1,critical
89.636,94.205,39,81,3,1,0,0,0,380,1,1,1,1,1,0,0,1,1,1,1,0,1,0,0,1,high
9.210,14.068,2,23,0,0,0,0,0,16,0,0,0,0,0,0,0,0,0,0,0,0,0,0,0,0,medium
97.269,74.944,18,33,1,1,0,0,0,34,1,1,0,1,1,1,0,1,0,1,0,1,1,0,0,1,high
7.675,15.451,4,17,1,1,0,0,1,71,0,0,0,0,0,0,0,0,0,0,0,0,0,0,0,0,medium
21.340,28.770,4,6,1,0,0,0,1,81,0,0,0,0,1,0,0,0,0,0,0,0,0,0,0,0,low
90.121,80.038,38,119,9,1,0,0,0,44,1,1,1,1,0,0,0,0,0,1,0,0,0,1,0,1,high
87.709,58.455,34,67,5,1,0,1,0,323,1,1,1,1,1,1,1,0,0,1,0,1,1,0,1,1,high
18.127,27.145,3,4,0,0,0,0,0,62,0,0,0,0,1,0,0,0,0,0,0,0,0,0,0,0,medium
13.797,19.264,3,11,1,1,0,0,1,79,0,0,0,0,0,0,0,0,0,0,0,0,0,0,0,0,low
6.315,14.719,4,29,0,0,0,0,1,84,0,0,0,0,0,0,0,0,0,0,0,0,0,0,0,0,low
21.242,13.571,3,27,2,1,0,0,1,92,0,0,0,0,0,0,0,0,0,0,0,0,0,0,0,0,low
1.197,2.230,4,28,0,0,0,0,1,54,0,0,0,0,1,0,0,0,0,0,0,0,0,0,0,0,medium
26.307,17.067,5,4,1,1,0,0,0,38,0,0,0,0,0,0,0,0,0,0,0,0,0,0,0,0,medium
73.923,74.959,38,76,3,1,0,0,0,54,1,1,1,0,1,0,0,1,0,1,0,0,0,0,0,1,critical
24.690,23.855,4,22,0,0,0,0,0,95,0,0,0,0,0,0,0,0,0,0,0,0,0,0,0,0,low
58.378,79.075,18,181,4,1,1,0,0,380,1,1,1,1,1,0,0,1,1,1,1,0,1,0,1,1,medium
3.546,21.085,1,0,2,1,0,0,0,95,0,0,0,0,1,0,0,0,0,0,0,0,0,0,0,0,low
16.243,6.789,5,13,1,0,0,0,0,30,0,0,0,0,0,0,0,0,0,0,0,0,0,0,0,0,low
4.178,21.494,2,12,2,0,0,0,0,82,0,0,0,0,0,0,0,0,0,0,0,0,0,0,0,0,low
95.263,73.495,23,62,3,1,1,0,0,344,1,1,1,1,0,0,0,1,0,1,0,0,1,0,1,1,medium
11.446,2.118,2,3,2,1,0,0,0,7,0,0,0,0,0,0,0,0,0,0,0,0,0,0,0,0,medium
19.164,4.624,1,16,0,1,0,0,1,96,0,0,0,0,0,0,0,0,0,0,0,0,0,0,0,0,low
5.520,24.480,4,25,2,0,0,0,1,82,0,0,0,0,0,0,0,0,0,0,0,0,0,0,0,0,medium
14.229,3.729,1,0,2,0,0,0,0,73,0,0,0,0,0,0,0,0,0,0,0,0,0,0,0,0,medium
28.984,1.966,1,14,0,1,0,0,1,10,0,0,0,0,1,0,0,0,0,0,0,0,0,0,0,0,medium
73.446,99.189,43,112,6,1,1,0,0,475,1,1,1,1,1,0,1,0,0,1,1,1,0,0,0,1,critical
22.457,4.919,2,18,1,0,0,0,0,31,0,0,0,0,0,0,0,0,0,0,0,0,0,0,0,0,medium
54.564,80.829,44,123,5,1,1,1,0,407,1,1,1,1,1,0,0,1,1,1,1,1,1,1,0,1,high
29.518,1.501,5,12,2,0,0,0,0,99,0,0,0,0,1,0,0,0,0,0,0,0,0,0,0,0,medium
23.571,6.326,3,8,0,0,0,0,1,74,0,0,0,0,1,0,0,0,0,0,0,0,0,0,0,0,medium
23.057,14.950,3,26,2,0,0,0,1,88,0,0,0,0,0,0,0,0,0,0,0,0,0,0,0,0,medium
76.326,52.682,42,46,4,1,1,1,0,234,1,1,1,1,0,1,0,1,0,1,1,0,0,1,0,1,high
26.980,18.536,4,2,1,1,0,0,0,77,0,0,0,0,1,0,0,0,0,0,0,0,0,0,0,0,low
4.295,4.107,2,5,1,0,0,0,0,5,0,0,0,0,0,0,0,0,0,0,0,0,0,0,0,0,medium
7.132,9.285,3,17,0,1,0,0,1,47,0,0,0,0,0,0,0,0,0,0,0,0,0,0,0,0,low
4.185,6.580,2,29,1,0,0,0,0,12,0,0,0,0,1,0,0,0,0,0,0,0,0,0,0,0,low
14.167,18.561,5,15,2,1,0,0,0,5,0,0,0,0,0,0,0,0,0,0,0,0,0,0,0,0,medium
74.048,93.060,37,110,4,1,0,0,0,292,1,1,0,1,0,0,0,1,1,1,0,1,1,1,0,1,high
91.942,90.704,44,94,7,1,0,0,0,318,1,1,1,0,1,1,0,1,1,1,1,0,1,0,1,1,medium
21.310,1.702,3,10,2,1,0,0,1,64,0,0,0,0,1,0,0,0,0,0,0,0,0,0,0,0,medium
12.033,5.531,3,5,1,1,0,0,1,99,0,0,0,0,1,0,0,0,0,0,0,0,0,0,0,0,low
6.997,10.363,3,13,0,0,0,0,1,91,0,0,0,0,0,0,0,0,0,0,0,0,0,0,0,0,low
28.861,27.991,2,8,0,0,0,0,1,34,0,0,0,0,1,0,0,0,0,0,0,0,0,0,0,0,low
19.019,22.982,5,19,2,1,0,0,0,73,0,0,0,0,0,0,0,0,0,0,0,0,0,0,0,0,low
15.220,6.963,2,21,1,0,0,0,0,25,0,0,0,0,0,0,0,0,0,0,0,0,0,0,0,0,low
11.980,9.855,2,21,1,1,0,0,1,77,0,0,0,0,0,0,0,0,0,0,0,0,0,0,0,0,low
85.663,60.506,49,11,5,1,1,0,0,158,1,1,0,0,1,1,0,1,1,1,0,0,1,1,1,1,high
21.491,17.271,4,18,1,0,0,0,0,89,0,0,0,0,1,0,0,0,0,0,0,0,0,0,0,0,medium
59.206,92.924,45,112,4,1,1,0,0,417,1,1,0,1,1,0,1,0,0,1,1,0,0,0,0,1,high
3.256,19.296,4,10,2,0,0,0,0,67,0,0,0,0,1,0,0,0,0,0,0,0,0,0,0,0,medium
26.076,7.763,4,22,1,1,0,0,1,78,0,0,0,0,0,0,0,0,0,0,0,0,0,0,0,0,medium
5.426,12.775,3,15,0,1,0,0,1,81,0,0,0,0,0,0,0,0,0,0,0,0,0,0,0,0,medium
69.682,66.923,14,109,3,1,0,0,0,126,1,1,0,0,1,1,1,0,0,1,1,1,0,1,1,1,critical
67.687,63.773,48,13,7,1,0,1,0,275,1,1,0,0,1,1,0,1,1,1,0,1,1,0,0,1,high
22.450,22.035,5,28,2,0,0,0,1,66,0,0,0,0,1,0,0,0,0,0,0,0,0,0,0,0,low
3.470,22.663,2,6,1,0,0,0,0,22,0,0,0,0,1,0,0,0,0,0,0,0,0,0,0,0,low
62.528,75.369,46,27,10,1,0,1,0,465,1,1,0,1,0,0,1,1,1,1,1,0,0,1,1,1,medium
18.739,19.049,5,1,1,1,0,0,1,81,0,0,0,0,0,0,0,0,0,0,0,0,0,0,0,0,low
95.909,70.323,10,134,3,1,1,1,0,453,1,1,1,1,1,0,0,0,0,1,0,0,1,1,0,1,medium
2.719,12.250,2,15,2,0,0,0,1,9,0,0,0,0,0,0,0,0,0,0,0,0,0,0,0,0,medium
25.210,6.027,1,20,2,0,0,0,1,72,0,0,0,0,0,0,0,0,0,0,0,0,0,0,0,0,medium
19.688,16.518,2,3,2,1,0,0,0,46,0,0,0,0,0,0,0,0,0,0,0,0,0,0,0,0,medium
86.172,52.593,50,84,8,1,1,1,0,188,1,1,1,1,1,0,0,1,0,1,1,1,0,0,0,1,high
71.601,56.972,45,115,5,1,1,0,0,228,1,1,0,1,0,0,1,0,1,1,0,1,1,1,1,1,critical
9.238,7.813,4,11,1,1,0,0,0,96,0,0,0,0,0,0,0,0,0,0,0,0,0,0,0,0,medium
29.916,8.219,1,30,2,1,0,0,0,80,0,0,0,0,0,0,0,0,0,0,0,0,0,0,0,0,medium
5.930,16.820,2,29,0,1,0,0,0,77,0,0,0,0,1,0,0,0,0,0,0,0,0,0,0,0,medium
9.401,7.698,1,6,2,1,0,0,0,15,0,0,0,0,1,0,0,0,0,0,0,0,0,0,0,0,low
15.658,2.962,2,25,2,0,0,0,1,75,0,0,0,0,1,0,0,0,0,0,0,0,0,0,0,0,medium
20.019,16.534,4,6,1,1,0,0,0,41,0,0,0,0,0,0,0,0,0,0,0,0,0,0,0,0,low
23.464,6.226,5,11,1,0,0,0,0,24,0,0,0,0,1,0,0,0,0,0,0,0,0,0,0,0,medium
3.880,4.386,2,6,0,0,0,0,1,99,0,0,0,0,1,0,0,0,0,0,0,0,0,0,0,0,low
19.588,19.532,5,20,0,1,0,0,1,27,0,0,0,0,0,0,0,0,0,0,0,0,0,0,0,0,low
29.015,7.998,1,17,0,0,0,0,1,92,0,0,0,0,0,0,0,0,0,0,0,0,0,0,0,0,medium
83.753,95.112,9,199,3,1,1,0,0,109,1,1,1,1,0,0,0,1,1,1,1,1,1,1,0,1,high
2.990,25.632,3,6,2,0,0,0,0,98,0,0,0,0,1,0,0,0,0,0,0,0,0,0,0,0,medium
28.217,28.948,1,6,1,1,0,0,0,57,0,0,0,0,0,0,0,0,0,0,0,0,0,0,0,0,low
10.596,9.266,1,18,1,0,0,0,0,36,0,0,0,0,0,0,0,0,0,0,0,0,0,0,0,0,medium
12.523,20.876,1,22,2,1,0,0,1,50,0,0,0,0,0,0,0,0,0,0,0,0,0,0,0,0,medium
65.785,87.635,38,200,7,1,1,1,0,190,1,1,0,1,1,1,1,1,0,1,0,0,0,0,1,1,medium
18.792,1.118,4,13,1,1,0,0,0,48,0,0,0,0,1,0,0,0,0,0,0,0,0,0,0,0,low
94.173,99.683,41,115,3,1,1,0,0,147,1,1,1,1,1,1,0,0,1,1,0,0,1,0,1,1,high
29.593,15.109,1,27,0,0,0,0,0,72,0,0,0,0,1,0,0,0,0,0,0,0,0,0,0,0,medium
28.000,2.195,2,14,0,1,0,0,1,58,0,0,0,0,1,0,0,0,0,0,0,0,0,0,0,0,low
29.593,8.108,1,29,1,0,0,0,0,18,0,0,0,0,1,0,0,0,0,0,0,0,0,0,0,0,medium
59.661,91.009,11,154,5,1,0,0,0,122,1,1,0,1,0,1,0,0,0,1,1,1,0,0,1,1,critical
78.028,90.961,19,111,8,1,0,0,0,140,1,1,0,0,0,0,1,0,0,1,1,0,0,1,0,1,medium
59.534,77.851,33,28,4,1,0,0,0,345,1,1,1,0,1,0,0,1,1,1,0,1,1,1,0,1,critical
26.662,14.989,3,12,2,1,0,0,0,60,0,0,0,0,0,0,0,0,0,0,0,0,0,0,0,0,medium
4.187,20.912,1,8,2,1,0,0,0,24,0,0,0,0,1,0,0,0,0,0,0,0,0,0,0,0,low
8.552,5.904,5,30,2,0,0,0,0,17,0,0,0,0,1,0,0,0,0,0,0,0,0,0,0,0,medium
5.949,10.515,2,22,0,0,0,0,1,41,0,0,0,0,0,0,0,0,0,0,0,0,0,0,0,0,low
27.558,25.633,3,20,2,1,0,0,1,72,0,0,0,0,0,0,0,0,0,0,0,0,0,0,0,0,medium
29.467,29.231,5,4,2,0,0,0,0,16,0,0,0,0,0,0,0,0,0,0,0,0,0,0,0,0,low
19.946,23.365,4,26,2,1,0,0,1,19,0,0,0,0,1,0,0,0,0,0,0,0,0,0,0,0,medium
56.959,94.207,24,60,4,1,0,1,0,192,1,1,1,0,1,1,1,1,0,1,0,1,1,0,0,1,medium
11.802,9.228,4,12,1,1,0,0,0,74,0,0,0,0,1,0,0,0,0,0,0,0,0,0,0,0,low
70.454,89.995,8,74,2,1,0,1,0,81,1,1,0,0,0,0,1,1,0,1,0,1,0,0,1,1,critical
17.347,10.281,4,5,2,0,0,0,1,98,0,0,0,0,1,0,0,0,0,0,0,0,0,0,0,0,medium
26.068,28.315,5,4,0,0,0,0,1,42,0,0,0,0,0,0,0,0,0,0,0,0,0,0,0,0,low
2.209,19.037,1,5,1,0,0,0,0,68,0,0,0,0,0,0,0,0,0,0,0,0,0,0,0,0,medium
86.491,84.772,39,141,7,1,0,0,0,341,1,1,1,0,0,1,0,1,0,1,1,0,0,1,0,1,critical
9.758,15.791,5,22,2,1,0,0,0,49,0,0,0,0,1,0,0,0,0,0,0,0,0,0,0,0,low
17.547,22.331,5,8,0,1,0,0,1,44,0,0,0,0,0,0,0,0,0,0,0,0,0,0,0,0,low
92.319,66.831,13,50,9,1,0,0,0,124,1,1,1,1,1,0,0,0,0,1,0,0,1,1,1,1,medium
10.301,20.254,2,11,2,1,0,0,0,90,0,0,0,0,0,0,0,0,0,0,0,0,0,0,0,0,medium
27.951,13.808,5,25,2,1,0,0,0,75,0,0,0,0,0,0,0,0,0,0,0,0,0,0,0,0,low
7.669,3.782,5,23,2,0,0,0,1,96,0,0,0,0,1,0,0,0,0,0,0,0,0,0,0,0,medium
12.100,0.140,3,0,1,1,0,0,0,72,0,0,0,0,0,0,0,0,0,0,0,0,0,0,0,0,low
14.124,3.093,3,8,0,0,0,0,0,54,0,0,0,0,0,0,0,0,0,0,0,0,0,0,0,0,low
7.009,29.217,3,0,2,0,0,0,1,72,0,0,0,0,1,0,0,0,0,0,0,0,0,0,0,0,low
98.604,57.579,49,192,2,1,1,0,0,428,1,1,1,0,1,1,1,1,0,1,1,0,0,1,1,1,critical
70.114,67.686,49,146,4,1,0,0,0,371,1,1,0,0,0,1,0,1,0,1,0,1,0,1,1,1,medium
94.097,85.528,37,161,5,1,1,0,0,114,1,1,0,1,1,1,0,1,0,1,1,1,1,1,1,1,critical
27.929,10.719,4,8,1,0,0,0,1,66,0,0,0,0,0,0,0,0,0,0,0,0,0,0,0,0,medium
21.784,9.898,3,4,0,1,0,0,1,18,0,0,0,0,0,0,0,0,0,0,0,0,0,0,0,0,medium
54.586,59.005,47,197,5,1,0,0,0,255,1,1,1,1,0,0,0,1,1,1,1,0,0,1,1,1,medium
80.684,52.674,48,51,7,1,1,0,0,480,1,1,0,1,0,0,1,1,1,1,1,0,1,0,0,1,critical
21.619,9.637,3,27,2,0,0,0,1,16,0,0,0,0,0,0,0,0,0,0,0,0,0,0,0,0,low
24.349,28.678,1,26,2,0,0,0,1,80,0,0,0,0,0,0,0,0,0,0,0,0,0,0,0,0,medium
23.664,15.615,1,29,1,0,0,0,0,66,0,0,0,0,0,0,0,0,0,0,0,0,0,0,0,0,medium
4.053,15.933,1,0,2,0,0,0,0,58,0,0,0,0,1,0,0,0,0,0,0,0,0,0,0,0,medium
26.722,29.725,1,3,0,1,0,0,1,100,0,0,0,0,0,0,0,0,0,0,0,0,0,0,0,0,low
15.283,3.039,3,0,2,0,0,0,1,23,0,0,0,0,0,0,0,0,0,0,0,0,0,0,0,0,medium
64.218,96.331,39,139,8,1,1,0,0,210,1,1,0,0,1,1,1,1,1,1,1,0,0,0,1,1,critical
85.079,98.152,25,58,5,1,1,0,0,172,1,1,1,0,0,0,1,0,1,1,0,1,0,1,0,1,high
14.888,29.878,3,8,1,0,0,0,1,49,0,0,0,0,0,0,0,0,0,0,0,0,0,0,0,0,medium
96.274,84.280,20,40,4,1,1,1,0,316,1,1,0,1,0,1,1,1,0,1,1,1,0,0,1,1,high
21.518,20.169,2,18,1,1,0,0,1,66,0,0,0,0,0,0,0,0,0,0,0,0,0,0,0,0,medium
61.993,73.449,49,139,8,1,1,1,0,143,1,1,0,0,1,0,0,0,0,1,0,1,0,0,1,1,high
90.336,68.476,28,114,6,1,0,0,0,200,1,1,0,0,1,1,0,1,1,1,1,1,1,1,0,1,high
8.706,2.709,5,0,0,0,0,0,1,31,0,0,0,0,1,0,0,0,0,0,0,0,0,0,0,0,low
11.029,10.236,2,28,2,1,0,0,0,47,0,0,0,0,1,0,0,0,0,0,0,0,0,0,0,0,medium
69.606,56.533,36,88,10,1,0,0,0,471,1,1,0,0,0,1,1,0,0,1,0,1,1,1,0,1,critical
19.958,24.021,2,19,1,0,0,0,1,5,0,0,0,0,0,0,0,0,0,0,0,0,0,0,0,0,medium
82.002,59.293,40,172,9,1,0,0,0,406,1,1,0,1,1,1,0,0,1,1,0,0,0,1,0,1,critical
15.993,2.102,3,16,1,0,0,0,1,54,0,0,0,0,0,0,0,0,0,0,0,0,0,0,0,0,medium
83.721,69.225,36,170,6,1,0,0,0,326,1,1,1,1,0,1,1,0,1,1,0,0,1,0,0,1,critical
14.509,4.438,1,8,1,0,0,0,0,72,0,0,0,0,1,0,0,0,0,0,0,0,0,0,0,0,medium
65.639,85.164,34,27,9,1,0,1,0,62,1,1,1,0,1,1,1,1,0,1,0,0,0,0,1,1,high
10.081,1.736,3,17,1,0,0,0,1,40,0,0,0,0,0,0,0,0,0,0,0,0,0,0,0,0,low
1.387,2.351,4,15,1,1,0,0,0,30,0,0,0,0,0,0,0,0,0,0,0,0,0,0,0,0,medium
9.627,27.130,5,29,1,0,0,0,0,16,0,0,0,0,1,0,0,0,0,0,0,0,0,0,0,0,low
9.150,12.547,2,13,2,1,0,0,1,5,0,0,0,0,1,0,0,0,0,0,0,0,0,0,0,0,medium
13.160,23.572,1,27,0,1,0,0,0,70,0,0,0,0,0,0,0,0,0,0,0,0,0,0,0,0,low
51.565,54.258,49,69,5,1,1,1,0,434,1,1,1,1,1,1,0,0,0,1,0,1,0,1,1,1,critical
26.549,14.830,1,23,2,0,0,0,0,71,0,0,0,0,1,0,0,0,0,0,0,0,0,0,0,0,low
24.763,11.744,2,6,2,0,0,0,1,46,0,0,0,0,0,0,0,0,0,0,0,0,0,0,0,0,low
5.515,22.590,1,18,2,1,0,0,0,76,0,0,0,0,0,0,0,0,0,0,0,0,0,0,0,0,low
70.319,99.098,39,123,6,1,1,0,0,443,1,1,1,1,1,0,0,0,1,1,1,1,0,0,1,1,high
84.405,81.388,34,28,4,1,0,0,0,193,1,1,0,0,1,0,1,0,1,1,1,0,0,0,0,1,medium
66.834,98.828,29,44,3,1,1,0,0,341,1,1,0,1,1,1,1,1,0,1,0,1,1,1,1,1,high
21.747,20.122,4,7,1,1,0,0,0,14,0,0,0,0,0,0,0,0,0,0,0,0,0,0,0,0,low
23.306,27.538,2,18,2,0,0,0,1,100,0,0,0,0,1,0,0,0,0,0,0,0,0,0,0,0,low
5.331,16.858,1,15,1,1,0,0,1,92,0,0,0,0,0,0,0,0,0,0,0,0,0,0,0,0,medium
97.954,62.474,11,165,7,1,0,0,0,438,1,1,1,0,1,0,1,1,1,1,0,0,0,0,1,1,high
71.632,79.976,32,180,7,1,0,0,0,450,1,1,0,1,1,0,0,1,0,1,0,0,0,1,0,1,medium
22.865,21.594,3,13,0,1,0,0,1,71,0,0,0,0,0,0,0,0,0,0,0,0,0,0,0,0,medium
58.229,86.577,13,134,10,1,0,0,0,350,1,1,1,1,1,0,0,0,1,1,1,1,1,1,0,1,critical
20.505,24.590,5,0,1,1,0,0,1,47,0,0,0,0,1,0,0,0,0,0,0,0,0,0,0,0,medium
3.983,5.329,3,20,1,1,0,0,0,39,0,0,0,0,0,0,0,0,0,0,0,0,0,0,0,0,low
12.245,20.931,2,24,1,0,0,0,1,64,0,0,0,0,0,0,0,0,0,0,0,0,0,0,0,0,low
14.785,12.295,5,11,0,1,0,0,0,55,0,0,0,0,0,0,0,0,0,0,0,0,0,0,0,0,medium
89.245,90.965,17,35,8,1,1,0,0,465,1,1,1,1,1,0,0,1,0,1,1,0,1,1,1,1,critical
59.684,52.787,7,141,6,1,1,0,0,302,1,1,0,1,1,1,1,1,1,1,1,0,1,0,0,1,medium
24.718,2.403,1,29,2,1,0,0,1,37,0,0,0,0,0,0,0,0,0,0,0,0,0,0,0,0,medium
95.305,95.647,21,133,3,1,1,0,0,492,1,1,1,1,0,1,0,1,0,1,1,1,0,0,1,1,medium
14.019,4.168,1,19,1,1,0,0,1,8,0,0,0,0,1,0,0,0,0,0,0,0,0,0,0,0,medium
8.614,5.539,2,0,1,1,0,0,0,46,0,0,0,0,0,0,0,0,0,0,0,0,0,0,0,0,low
12.463,12.645,4,21,0,1,0,0,1,30,0,0,0,0,1,0,0,0,0,0,0,0,0,0,0,0,low
26.152,8.534,1,4,1,1,0,0,0,53,0,0,0,0,0,0,0,0,0,0,0,0,0,0,0,0,low
95.174,82.532,50,163,2,1,1,1,0,75,1,1,0,0,1,1,0,1,0,1,1,1,1,1,1,1,medium
17.496,13.197,1,10,2,1,0,0,0,87,0,0,0,0,0,0,0,0,0,0,0,0,0,0,0,0,medium
91.853,78.571,20,100,7,1,0,1,0,289,1,1,1,1,1,1,1,0,1,1,1,0,0,1,1,1,critical
64.114,54.452,33,184,10,1,1,1,0,195,1,1,0,1,0,1,1,0,0,1,0,1,1,1,0,1,medium
8.438,25.562,4,18,2,0,0,0,1,76,0,0,0,0,0,0,0,0,0,0,0,0,0,0,0,0,medium
26.047,11.936,3,20,2,1,0,0,1,21,0,0,0,0,1,0,0,0,0,0,0,0,0,0,0,0,medium
77.163,81.157,15,15,4,1,0,1,0,260,1,1,0,1,1,1,1,0,1,1,0,1,1,1,0,1,critical
24.636,7.817,1,28,1,0,0,0,0,22,0,0,0,0,1,0,0,0,0,0,0,0,0,0,0,0,low
10.689,23.193,1,3,1,0,0,0,1,39,0,0,0,0,1,0,0,0,0,0,0,0,0,0,0,0,medium
5.961,18.679,2,0,0,1,0,0,1,59,0,0,0,0,1,0,0,0,0,0,0,0,0,0,0,0,low
74.421,91.191,28,154,6,1,1,1,0,216,1,1,0,1,1,1,1,1,1,1,1,1,1,1,1,1,medium
4.833,27.801,3,23,0,0,0,0,0,99,0,0,0,0,0,0,0,0,0,0,0,0,0,0,0,0,low
72.917,69.055,49,162,10,1,1,1,0,448,1,1,0,1,1,0,0,1,1,1,1,0,1,0,0,1,critical
15.556,15.317,4,19,1,1,0,0,1,48,0,0,0,0,0,0,0,0,0,0,0,0,0,0,0,0,low
0.537,1.078,1,15,2,0,0,0,1,15,0,0,0,0,1,0,0,0,0,0,0,0,0,0,0,0,medium
10.186,11.374,4,28,0,1,0,0,0,95,0,0,0,0,0,0,0,0,0,0,0,0,0,0,0,0,low
6.743,15.595,4,8,0,0,0,0,0,31,0,0,0,0,1,0,0,0,0,0,0,0,0,0,0,0,medium
22.365,5.725,3,4,0,1,0,0,0,92,0,0,0,0,0,0,0,0,0,0,0,0,0,0,0,0,medium
27.591,5.703,5,24,2,1,0,0,1,53,0,0,0,0,1,0,0,0,0,0,0,0,0,0,0,0,medium
55.765,61.425,26,29,9,1,0,0,0,321,1,1,1,0,1,1,0,1,1,1,1,1,1,1,1,1,medium
57.605,50.614,18,162,1,1,1,0,0,30,1,1,1,1,0,1,1,1,0,1,1,1,1,0,0,1,high
22.876,18.039,5,27,0,0,0,0,0,27,0,0,0,0,0,0,0,0,0,0,0,0,0,0,0,0,low
22.135,25.498,5,19,2,1,0,0,1,74,0,0,0,0,0,0,0,0,0,0,0,0,0,0,0,0,low
54.788,84.165,24,97,3,1,0,1,0,325,1,1,0,0,0,1,1,0,1,1,1,0,0,0,1,1,high
7.657,8.211,4,13,2,1,0,0,0,36,0,0,0,0,1,0,0,0,0,0,0,0,0,0,0,0,low
13.842,2.697,3,22,2,0,0,0,0,98,0,0,0,0,1,0,0,0,0,0,0,0,0,0,0,0,low
13.813,24.252,2,4,1,0,0,0,0,48,0,0,0,0,1,0,0,0,0,0,0,0,0,0,0,0,low
85.015,53.315,21,18,9,1,0,1,0,491,1,1,0,0,0,0,0,1,0,1,1,0,0,0,0,1,medium
9.262,8.815,1,21,2,0,0,0,1,22,0,0,0,0,1,0,0,0,0,0,0,0,0,0,0,0,low
74.571,75.284,27,194,7,1,0,0,0,174,1,1,0,1,0,1,0,0,0,1,1,0,0,0,1,1,high
5.517,1.613,5,1,2,0,0,0,1,52,0,0,0,0,0,0,0,0,0,0,0,0,0,0,0,0,low
55.906,69.375,38,72,4,1,0,1,0,337,1,1,0,0,1,0,1,1,1,1,1,0,1,1,1,1,critical
7.772,2.326,1,19,1,1,0,0,0,74,0,0,0,0,0,0,0,0,0,0,0,0,0,0,0,0,medium
6.603,12.893,1,8,1,1,0,0,1,69,0,0,0,0,0,0,0,0,0,0,0,0,0,0,0,0,medium
10.563,2.941,1,28,0,1,0,0,0,75,0,0,0,0,0,0,0,0,0,0,0,0,0,0,0,0,low
14.643,29.697,1,0,2,0,0,0,0,34,0,0,0,0,1,0,0,0,0,0,0,0,0,0,0,0,low
57.222,81.708,9,83,10,1,0,1,0,271,1,1,1,0,0,1,1,1,0,1,0,1,0,0,1,1,medium
28.119,24.034,5,6,0,0,0,0,0,71,0,0,0,0,0,0,0,0,0,0,0,0,0,0,0,0,medium
0.171,13.650,3,7,0,1,0,0,0,37,0,0,0,0,1,0,0,0,0,0,0,0,0,0,0,0,medium
64.140,82.918,17,101,6,1,0,1,0,186,1,1,1,1,1,1,0,0,1,1,0,0,0,1,1,1,medium
1.234,4.641,3,22,0,0,0,0,0,13,0,0,0,0,0,0,0,0,0,0,0,0,0,0,0,0,low
13.917,20.738,2,0,0,0,0,0,0,82,0,0,0,0,0,0,0,0,0,0,0,0,0,0,0,0,medium
4.227,15.318,5,22,2,0,0,0,1,67,0,0,0,0,0,0,0,0,0,0,0,0,0,0,0,0,medium
7.829,21.408,5,30,2,1,0,0,0,43,0,0,0,0,0,0,0,0,0,0,0,0,0,0,0,0,low
9.392,9.878,3,2,0,1,0,0,1,54,0,0,0,0,0,0,0,0,0,0,0,0,0,0,0,0,low
14.262,1.980,1,13,1,1,0,0,0,55,0,0,0,0,1,0,0,0,0,0,0,0,0,0,0,0,medium
27.626,4.383,4,13,1,0,0,0,1,37,0,0,0,0,1,0,0,0,0,0,0,0,0,0,0,0,medium
24.553,17.905,3,22,0,1,0,0,0,100,0,0,0,0,1,0,0,0,0,0,0,0,0,0,0,0,medium
7.789,19.126,5,12,1,0,0,0,1,89,0,0,0,0,0,0,0,0,0,0,0,0,0,0,0,0,low
17.484,5.153,2,7,2,0,0,0,0,16,0,0,0,0,1,0,0,0,0,0,0,0,0,0,0,0,medium
12.497,0.472,1,23,0,1,0,0,1,81,0,0,0,0,0,0,0,0,0,0,0,0,0,0,0,0,medium
5.267,9.023,4,6,0,1,0,0,1,76,0,0,0,0,1,0,0,0,0,0,0,0,0,0,0,0,medium
11.629,2.521,1,24,2,0,0,0,0,72,0,0,0,0,0,0,0,0,0,0,0,0,0,0,0,0,medium
1.904,28.490,5,4,0,0,0,0,0,47,0,0,0,0,0,0,0,0,0,0,0,0,0,0,0,0,low
15.095,3.463,5,6,0,1,0,0,1,9,0,0,0,0,0,0,0,0,0,0,0,0,0,0,0,0,medium
11.209,20.336,3,14,0,0,0,0,1,81,0,0,0,0,0,0,0,0,0,0,0,0,0,0,0,0,low
10.349,29.673,4,1,1,1,0,0,0,68,0,0,0,0,0,0,0,0,0,0,0,0,0,0,0,0,low
13.739,15.590,3,25,1,1,0,0,1,29,0,0,0,0,1,0,0,0,0,0,0,0,0,0,0,0,low
5.407,20.874,4,20,0,0,0,0,0,61,0,0,0,0,1,0,0,0,0,0,0,0,0,0,0,0,low
20.430,9.283,2,30,0,0,0,0,0,22,0,0,0,0,0,0,0,0,0,0,0,0,0,0,0,0,medium
21.739,4.252,2,20,0,1,0,0,0,57,0,0,0,0,0,0,0,0,0,0,0,0,0,0,0,0,medium
28.641,7.438,3,17,1,1,0,0,1,10,0,0,0,0,1,0,0,0,0,0,0,0,0,0,0,0,low
5.945,7.324,5,18,2,1,0,0,0,67,0,0,0,0,0,0,0,0,0,0,0,0,0,0,0,0,medium
13.427,18.722,2,6,1,0,0,0,1,45,0,0,0,0,1,0,0,0,0,0,0,0,0,0,0,0,medium
70.664,99.449,22,168,2,1,1,1,0,201,1,1,1,1,0,0,1,1,0,1,0,0,0,1,1,1,medium
4.034,1.336,2,0,0,0,0,0,1,30,0,0,0,0,0,0,0,0,0,0,0,0,0,0,0,0,low
13.345,6.031,1,11,1,0,0,0,0,57,0,0,0,0,0,0,0,0,0,0,0,0,0,0,0,0,low
92.327,68.373,37,109,7,1,0,1,0,472,1,1,0,0,0,0,1,1,0,1,0,1,1,1,1,1,high
96.032,74.394,27,85,6,1,0,1,0,71,1,1,0,1,1,1,1,0,1,1,0,0,1,1,1,1,critical
99.708,56.027,23,146,9,1,1,0,0,121,1,1,1,1,1,0,0,0,1,1,0,0,0,1,0,1,critical
24.689,13.575,3,28,2,0,0,0,1,77,0,0,0,0,1,0,0,0,0,0,0,0,0,0,0,0,medium
24.007,17.295,4,22,1,0,0,0,0,33,0,0,0,0,1,0,0,0,0,0,0,0,0,0,0,0,medium
14.547,13.730,2,2,2,0,0,0,0,12,0,0,0,0,0,0,0,0,0,0,0,0,0,0,0,0,medium
23.939,14.344,3,5,0,1,0,0,0,85,0,0,0,0,0,0,0,0,0,0,0,0,0,0,0,0,medium
64.028,59.236,29,107,7,1,0,0,0,493,1,1,1,1,0,0,0,0,1,1,0,0,0,1,1,1,high
29.867,25.927,4,20,0,1,0,0,0,53,0,0,0,0,0,0,0,0,0,0,0,0,0,0,0,0,low
2.175,20.104,5,10,1,0,0,0,0,75,0,0,0,0,1,0,0,0,0,0,0,0,0,0,0,0,medium
91.045,94.884,15,101,3,1,0,0,0,64,1,1,1,0,0,0,1,0,0,1,0,1,1,0,1,1,medium
4.823,16.069,1,5,0,0,0,0,1,40,0,0,0,0,0,0,0,0,0,0,0,0,0,0,0,0,medium
76.221,76.576,13,77,6,1,1,0,0,123,1,1,1,1,1,0,0,1,1,1,1,1,1,0,1,1,critical
21.858,27.592,4,25,0,0,0,0,1,25,0,0,0,0,0,0,0,0,0,0,0,0,0,0,0,0,medium
24.090,12.226,5,11,2,1,0,0,1,50,0,0,0,0,1,0,0,0,0,0,0,0,0,0,0,0,low
7.087,1.702,2,16,1,1,0,0,0,84,0,0,0,0,0,0,0,0,0,0,0,0,0,0,0,0,low
88.585,75.360,37,171,4,1,0,0,0,223,1,1,1,1,0,0,1,0,1,1,0,0,0,1,1,1,high
2.657,14.356,4,18,0,1,0,0,1,69,0,0,0,0,1,0,0,0,0,0,0,0,0,0,0,0,low
3.714,15.126,5,19,0,1,0,0,1,45,0,0,0,0,1,0,0,0,0,0,0,0,0,0,0,0,medium
82.431,57.135,49,196,7,1,1,0,0,392,1,1,1,0,1,1,1,0,0,1,0,0,0,1,0,1,medium
10.030,23.514,4,13,1,0,0,0,0,78,0,0,0,0,0,0,0,0,0,0,0,0,0,0,0,0,low
18.160,8.879,4,17,1,1,0,0,1,74,0,0,0,0,1,0,0,0,0,0,0,0,0,0,0,0,low
22.029,20.824,3,26,0,0,0,0,1,26,0,0,0,0,1,0,0,0,0,0,0,0,0,0,0,0,low
17.914,22.422,5,4,1,0,0,0,1,64,0,0,0,0,1,0,0,0,0,0,0,0,0,0,0,0,medium
19.027,13.525,2,0,1,1,0,0,1,28,0,0,0,0,1,0,0,0,0,0,0,0,0,0,0,0,medium
1.635,22.489,4,19,2,0,0,0,1,87,0,0,0,0,1,0,0,0,0,0,0,0,0,0,0,0,medium
19.611,24.403,3,5,1,1,0,0,1,92,0,0,0,0,1,0,0,0,0,0,0,0,0,0,0,0,medium
16.186,27.846,5,24,1,1,0,0,0,48,0,0,0,0,0,0,0,0,0,0,0,0,0,0,0,0,medium
94.857,52.538,39,187,10,1,0,0,0,343,1,1,1,1,0,0,0,0,1,1,1,0,0,0,1,1,critical
25.658,7.530,1,23,0,1,0,0,1,26,0,0,0,0,1,0,0,0,0,0,0,0,0,0,0,0,low
63.812,70.861,39,45,2,1,1,0,0,147,1,1,1,0,0,1,1,1,0,1,1,1,0,1,0,1,high
24.621,8.456,5,19,0,0,0,0,1,56,0,0,0,0,1,0,0,0,0,0,0,0,0,0,0,0,medium
2.798,4.328,1,17,2,0,0,0,1,60,0,0,0,0,0,0,0,0,0,0,0,0,0,0,0,0,medium
28.108,6.299,2,15,0,0,0,0,0,25,0,0,0,0,0,0,0,0,0,0,0,0,0,0,0,0,low
78.928,68.290,39,144,1,1,1,0,0,283,1,1,0,0,0,0,1,1,0,1,1,1,1,0,0,1,medium
92.829,73.900,17,31,9,1,1,1,0,299,1,1,0,0,0,1,1,0,0,1,0,0,1,1,0,1,critical
58.229,61.015,36,168,7,1,1,0,0,255,1,1,1,1,1,1,0,1,1,1,0,0,0,0,1,1,critical
15.776,28.680,1,25,1,0,0,0,0,38,0,0,0,0,0,0,0,0,0,0,0,0,0,0,0,0,low
3.395,3.457,1,14,1,0,0,0,0,83,0,0,0,0,1,0,0,0,0,0,0,0,0,0,0,0,medium
97.313,76.711,32,97,2,1,1,0,0,260,1,1,0,1,0,0,0,1,0,1,1,1,1,1,1,1,critical
83.156,55.648,21,89,6,1,1,1,0,191,1,1,0,0,0,1,0,1,0,1,0,1,0,0,1,1,high
18.060,28.379,3,24,2,0,0,0,1,7,0,0,0,0,0,0,0,0,0,0,0,0,0,0,0,0,medium
20.105,28.385,4,16,2,0,0,0,1,98,0,0,0,0,1,0,0,0,0,0,0,0,0,0,0,0,low
77.029,71.319,12,96,2,1,1,0,0,482,1,1,0,0,1,1,0,1,0,1,1,1,1,0,0,1,high
26.267,19.685,2,7,0,0,0,0,1,25,0,0,0,0,1,0,0,0,0,0,0,0,0,0,0,0,medium
24.425,8.963,5,13,2,0,0,0,1,16,0,0,0,0,0,0,0,0,0,0,0,0,0,0,0,0,low
26.964,5.939,5,26,2,0,0,0,1,89,0,0,0,0,1,0,0,0,0,0,0,0,0,0,0,0,low
27.861,7.422,1,23,0,0,0,0,0,48,0,0,0,0,0,0,0,0,0,0,0,0,0,0,0,0,low
19.354,3.859,2,3,0,1,0,0,0,5,0,0,0,0,0,0,0,0,0,0,0,0,0,0,0,0,low
4.756,25.938,1,12,2,1,0,0,1,32,0,0,0,0,0,0,0,0,0,0,0,0,0,0,0,0,medium
8.118,27.915,3,1,2,0,0,0,0,93,0,0,0,0,0,0,0,0,0,0,0,0,0,0,0,0,medium
8.202,6.911,5,23,2,1,0,0,1,14,0,0,0,0,0,0,0,0,0,0,0,0,0,0,0,0,medium
95.017,75.086,26,174,3,1,1,1,0,93,1,1,1,1,0,1,1,1,1,1,1,1,1,1,0,1,high
15.880,26.446,3,17,1,0,0,0,1,26,0,0,0,0,0,0,0,0,0,0,0,0,0,0,0,0,medium
24.995,28.739,4,22,2,0,0,0,0,29,0,0,0,0,0,0,0,0,0,0,0,0,0,0,0,0,medium
16.499,15.436,1,1,0,1,0,0,0,70,0,0,0,0,1,0,0,0,0,0,0,0,0,0,0,0,low
14.263,2.747,4,24,1,1,0,0,1,68,0,0,0,0,0,0,0,0,0,0,0,0,0,0,0,0,medium
6.883,6.999,1,5,0,1,0,0,1,14,0,0,0,0,0,0,0,0,0,0,0,0,0,0,0,0,low
13.942,10.626,5,7,1,0,0,0,1,50,0,0,0,0,1,0,0,0,0,0,0,0,0,0,0,0,medium
12.861,11.930,3,20,1,0,0,0,0,57,0,0,0,0,1,0,0,0,0,0,0,0,0,0,0,0,medium
17.020,5.139,4,0,0,0,0,0,0,60,0,0,0,0,0,0,0,0,0,0,0,0,0,0,0,0,low
70.297,66.994,16,114,2,1,0,1,0,228,1,1,0,0,0,0,1,1,1,1,0,0,0,0,0,1,critical
12.861,11.040,5,28,1,1,0,0,0,10,0,0,0,0,0,0,0,0,0,0,0,0,0,0,0,0,low
65.215,54.609,36,36,5,1,0,1,0,402,1,1,1,1,1,1,0,0,0,1,0,0,1,0,0,1,high
70.757,67.230,49,61,9,1,1,0,0,54,1,1,1,0,0,0,0,0,1,1,0,0,1,0,1,1,medium
83.639,97.800,31,187,1,1,0,0,0,348,1,1,0,1,1,0,0,1,0,1,0,0,0,0,1,1,high
25.281,18.469,2,19,2,0,0,0,0,73,0,0,0,0,0,0,0,0,0,0,0,0,0,0,0,0,medium
15.534,9.081,2,27,2,0,0,0,0,52,0,0,0,0,1,0,0,0,0,0,0,0,0,0,0,0,low
23.032,4.457,3,13,2,1,0,0,1,68,0,0,0,0,0,0,0,0,0,0,0,0,0,0,0,0,low
82.946,96.348,6,88,10,1,1,1,0,66,1,1,1,1,1,0,1,1,0,1,0,0,1,1,0,1,high
53.275,96.367,10,41,2,1,1,0,0,257,1,1,0,0,1,1,1,0,0,1,0,1,1,0,0,1,medium
6.157,20.055,5,1,2,0,0,0,1,98,0,0,0,0,0,0,0,0,0,0,0,0,0,0,0,0,medium
29.900,10.578,5,27,2,0,0,0,0,77,0,0,0,0,0,0,0,0,0,0,0,0,0,0,0,0,low
86.736,97.035,37,171,10,1,1,1,0,46,1,1,1,1,0,1,1,1,0,1,0,0,1,0,1,1,high
25.354,26.027,4,27,0,0,0,0,0,22,0,0,0,0,1,0,0,0,0,0,0,0,0,0,0,0,medium
28.145,28.852,5,29,0,0,0,0,1,76,0,0,0,0,1,0,0,0,0,0,0,0,0,0,0,0,medium
66.774,71.960,28,188,1,1,0,1,0,495,1,1,0,0,0,0,0,0,0,1,1,0,0,0,1,1,medium
5.473,22.986,1,5,1,0,0,0,0,73,0,0,0,0,0,0,0,0,0,0,0,0,0,0,0,0,medium
94.960,84.664,21,123,7,1,1,1,0,236,1,1,0,1,0,0,1,0,0,1,0,0,0,1,0,1,critical
85.185,92.909,48,148,8,1,1,1,0,145,1,1,0,0,1,0,1,0,0,1,1,1,0,0,0,1,medium
16.931,26.593,2,19,1,0,0,0,0,84,0,0,0,0,0,0,0,0,0,0,0,0,0,0,0,0,low
25.430,4.856,4,23,0,1,0,0,0,86,0,0,0,0,0,0,0,0,0,0,0,0,0,0,0,0,low
96.522,70.211,5,83,2,1,1,0,0,123,1,1,0,0,1,1,0,1,0,1,0,1,1,1,1,1,high
22.592,11.921,3,29,2,0,0,0,0,22,0,0,0,0,0,0,0,0,0,0,0,0,0,0,0,0,medium
26.025,24.152,3,27,2,0,0,0,0,88,0,0,0,0,1,0,0,0,0,0,0,0,0,0,0,0,medium
11.727,27.236,4,17,1,0,0,0,0,33,0,0,0,0,0,0,0,0,0,0,0,0,0,0,0,0,low
18.891,14.049,3,22,0,0,0,0,1,15,0,0,0,0,1,0,0,0,0,0,0,0,0,0,0,0,medium
93.893,56.664,13,113,7,1,0,1,0,118,1,1,1,1,1,0,1,1,0,1,1,1,1,0,0,1,high
64.722,88.918,25,54,5,1,0,1,0,357,1,1,1,0,1,0,1,1,0,1,0,0,1,1,1,1,medium
66.562,73.830,41,87,10,1,0,1,0,224,1,1,0,1,0,1,0,1,0,1,1,1,1,0,1,1,medium
84.734,79.092,26,130,1,1,0,1,0,212,1,1,0,1,0,1,0,1,0,1,0,1,0,1,1,1,high
62.633,97.023,40,132,8,1,1,0,0,353,1,1,0,0,1,1,1,1,0,1,1,0,1,1,0,1,critical
21.472,11.129,5,20,2,0,0,0,1,29,0,0,0,0,1,0,0,0,0,0,0,0,0,0,0,0,low
12.104,15.446,4,12,1,1,0,0,0,42,0,0,0,0,1,0,0,0,0,0,0,0,0,0,0,0,low
18.244,12.770,2,28,1,0,0,0,1,43,0,0,0,0,0,0,0,0,0,0,0,0,0,0,0,0,low
11.143,18.921,3,7,0,0,0,0,1,57,0,0,0,0,0,0,0,0,0,0,0,0,0,0,0,0,medium
9.488,23.330,2,11,0,1,0,0,0,40,0,0,0,0,0,0,0,0,0,0,0,0,0,0,0,0,low
26.162,3.970,3,20,0,1,0,0,0,70,0,0,0,0,0,0,0,0,0,0,0,0,0,0,0,0,low
90.612,92.613,41,37,7,1,0,0,0,291,1,1,1,1,0,1,0,0,0,1,0,0,0,0,0,1,critical
13.074,15.284,4,25,2,1,0,0,1,85,0,0,0,0,0,0,0,0,0,0,0,0,0,0,0,0,medium
9.843,20.145,5,24,0,1,0,0,1,68,0,0,0,0,0,0,0,0,0,0,0,0,0,0,0,0,low
23.998,28.082,1,17,0,1,0,0,0,52,0,0,0,0,0,0,0,0,0,0,0,0,0,0,0,0,low
4.899,9.119,3,14,1,1,0,0,1,16,0,0,0,0,1,0,0,0,0,0,0,0,0,0,0,0,medium
14.541,1.523,2,26,2,1,0,0,1,10,0,0,0,0,1,0,0,0,0,0,0,0,0,0,0,0,low
83.166,89.314,28,197,10,1,0,0,0,143,1,1,0,0,0,1,1,1,1,1,0,0,0,1,1,1,medium
18.456,0.616,1,25,2,1,0,0,1,5,0,0,0,0,0,0,0,0,0,0,0,0,0,0,0,0,medium
98.946,69.273,43,130,2,1,0,1,0,89,1,1,1,1,0,0,0,1,0,1,0,0,0,0,0,1,critical
10.007,29.657,4,2,1,1,0,0,1,12,0,0,0,0,0,0,0,0,0,0,0,0,0,0,0,0,medium
28.438,6.794,3,21,1,1,0,0,1,54,0,0,0,0,0,0,0,0,0,0,0,0,0,0,0,0,medium
6.878,21.797,2,2,1,0,0,0,0,21,0,0,0,0,0,0,0,0,0,0,0,0,0,0,0,0,low
26.764,28.112,1,29,1,0,0,0,0,52,0,0,0,0,1,0,0,0,0,0,0,0,0,0,0,0,low
90.445,60.625,23,50,3,1,0,1,0,462,1,1,0,0,1,1,0,1,1,1,0,1,1,0,1,1,high
12.361,23.674,4,27,0,1,0,0,1,80,0,0,0,0,0,0,0,0,0,0,0,0,0,0,0,0,low
78.867,64.439,35,68,10,1,1,0,0,248,1,1,0,0,1,0,0,0,1,1,1,1,0,0,1,1,critical
0.181,25.398,4,2,1,1,0,0,0,48,0,0,0,0,0,0,0,0,0,0,0,0,0,0,0,0,medium
5.011,11.059,5,20,0,1,0,0,0,48,0,0,0,0,1,0,0,0,0,0,0,0,0,0,0,0,medium
23.327,7.706,4,3,1,1,0,0,0,85,0,0,0,0,0,0,0,0,0,0,0,0,0,0,0,0,low
18.389,23.646,4,8,0,0,0,0,0,19,0,0,0,0,1,0,0,0,0,0,0,0,0,0,0,0,low
4.300,14.339,4,13,1,0,0,0,1,84,0,0,0,0,0,0,0,0,0,0,0,0,0,0,0,0,low
27.755,6.719,1,7,1,0,0,0,1,41,0,0,0,0,0,0,0,0,0,0,0,0,0,0,0,0,low
14.743,16.621,3,26,2,1,0,0,1,8,0,0,0,0,1,0,0,0,0,0,0,0,0,0,0,0,medium
10.430,22.487,2,10,2,0,0,0,1,73,0,0,0,0,0,0,0,0,0,0,0,0,0,0,0,0,medium
26.478,21.250,3,10,0,1,0,0,0,78,0,0,0,0,1,0,0,0,0,0,0,0,0,0,0,0,low
23.295,18.717,3,10,1,1,0,0,0,43,0,0,0,0,0,0,0,0,0,0,0,0,0,0,0,0,low
2.303,14.917,3,13,1,1,0,0,0,93,0,0,0,0,0,0,0,0,0,0,0,0,0,0,0,0,medium
17.324,18.642,4,27,0,0,0,0,0,29,0,0,0,0,1,0,0,0,0,0,0,0,0,0,0,0,low
29.798,15.798,1,12,1,1,0,0,0,97,0,0,0,0,1,0,0,0,0,0,0,0,0,0,0,0,low
27.405,0.828,4,0,1,0,0,0,0,73,0,0,0,0,1,0,0,0,0,0,0,0,0,0,0,0,medium
16.286,2.161,5,26,2,1,0,0,1,6,0,0,0,0,0,0,0,0,0,0,0,0,0,0,0,0,low
23.125,29.105,3,1,1,1,0,0,0,35,0,0,0,0,0,0,0,0,0,0,0,0,0,0,0,0,low
0.978,16.682,4,18,0,1,0,0,0,33,0,0,0,0,0,0,0,0,0,0,0,0,0,0,0,0,medium
14.258,10.056,4,19,0,0,0,0,1,21,0,0,0,0,1,0,0,0,0,0,0,0,0,0,0,0,low
20.049,27.750,1,23,2,1,0,0,1,13,0,0,0,0,0,0,0,0,0,0,0,0,0,0,0,0,medium
11.149,15.046,1,23,0,0,0,0,0,54,0,0,0,0,1,0,0,0,0,0,0,0,0,0,0,0,low
1.407,6.045,1,13,0,0,0,0,1,98,0,0,0,0,1,0,0,0,0,0,0,0,0,0,0,0,medium
10.011,2.314,2,4,1,0,0,0,1,61,0,0,0,0,1,0,0,0,0,0,0,0,0,0,0,0,low
11.696,17.859,1,3,1,0,0,0,1,21,0,0,0,0,0,0,0,0,0,0,0,0,0,0,0,0,low
9.072,26.205,1,3,0,0,0,0,1,68,0,0,0,0,0,0,0,0,0,0,0,0,0,0,0,0,low
93.685,59.689,44,47,2,1,1,1,0,70,1,1,1,1,1,1,0,0,1,1,1,1,1,1,0,1,medium
19.718,26.259,5,28,0,1,0,0,0,35,0,0,0,0,1,0,0,0,0,0,0,0,0,0,0,0,low
63.943,77.188,26,37,1,1,1,1,0,45,1,1,1,0,0,0,1,1,1,1,0,0,1,1,1,1,high
55.022,90.397,39,53,10,1,0,0,0,148,1,1,1,1,0,0,0,0,1,1,1,0,1,0,0,1,critical
73.845,94.465,10,32,10,1,1,1,0,30,1,1,0,1,1,0,1,1,1,1,0,0,0,1,0,1,medium
28.959,10.603,3,22,0,0,0,0,1,41,0,0,0,0,0,0,0,0,0,0,0,0,0,0,0,0,medium
2.020,25.170,5,23,1,1,0,0,1,18,0,0,0,0,0,0,0,0,0,0,0,0,0,0,0,0,medium
99.119,50.663,34,34,8,1,0,0,0,118,1,1,0,0,1,0,0,0,1,1,1,1,1,0,0,1,high
26.332,25.369,5,0,0,0,0,0,0,9,0,0,0,0,0,0,0,0,0,0,0,0,0,0,0,0,medium
15.883,12.200,4,14,2,0,0,0,1,75,0,0,0,0,1,0,0,0,0,0,0,0,0,0,0,0,medium
24.183,1.007,2,2,1,0,0,0,0,62,0,0,0,0,1,0,0,0,0,0,0,0,0,0,0,0,medium
22.420,16.765,2,13,1,1,0,0,0,28,0,0,0,0,0,0,0,0,0,0,0,0,0,0,0,0,medium
15.949,17.351,2,25,1,0,0,0,0,24,0,0,0,0,1,0,0,0,0,0,0,0,0,0,0,0,medium
19.214,27.705,5,11,2,1,0,0,0,95,0,0,0,0,0,0,0,0,0,0,0,0,0,0,0,0,low
69.325,71.705,16,53,7,1,0,0,0,129,1,1,1,0,0,0,0,1,1,1,0,0,1,0,0,1,critical
50.379,71.650,20,47,2,1,0,0,0,190,1,1,0,1,1,1,0,0,1,1,0,1,1,0,0,1,high
95.377,78.513,45,90,5,1,1,0,0,154,1,1,1,0,1,1,1,0,0,1,0,0,1,1,0,1,medium
25.298,13.531,5,22,0,1,0,0,1,29,0,0,0,0,0,0,0,0,0,0,0,0,0,0,0,0,medium
14.288,19.413,1,26,0,1,0,0,1,35,0,0,0,0,0,0,0,0,0,0,0,0,0,0,0,0,medium
60.315,88.588,6,99,9,1,0,0,0,243,1,1,1,0,0,0,1,1,1,1,0,1,1,1,1,1,medium
68.725,67.347,8,82,5,1,1,1,0,312,1,1,1,0,0,0,0,1,0,1,1,0,0,0,0,1,high
0.762,14.575,1,13,0,0,0,0,0,51,0,0,0,0,0,0,0,0,0,0,0,0,0,0,0,0,low
68.640,71.260,19,65,1,1,1,0,0,300,1,1,1,0,1,0,0,1,0,1,1,0,1,1,1,1,high
50.632,64.578,33,178,2,1,1,0,0,259,1,1,1,0,1,0,1,0,1,1,1,0,0,1,1,1,medium
19.235,20.540,4,27,1,0,0,0,0,73,0,0,0,0,1,0,0,0,0,0,0,0,0,0,0,0,medium
20.262,24.764,3,4,0,1,0,0,0,63,0,0,0,0,0,0,0,0,0,0,0,0,0,0,0,0,low
1.104,11.772,5,29,2,0,0,0,0,62,0,0,0,0,1,0,0,0,0,0,0,0,0,0,0,0,low
11.151,22.474,1,22,2,1,0,0,1,41,0,0,0,0,0,0,0,0,0,0,0,0,0,0,0,0,medium
27.687,18.066,4,3,2,0,0,0,1,14,0,0,0,0,0,0,0,0,0,0,0,0,0,0,0,0,medium
19.697,1.513,5,15,0,0,0,0,1,5,0,0,0,0,1,0,0,0,0,0,0,0,0,0,0,0,medium
16.268,15.804,4,8,2,1,0,0,1,97,0,0,0,0,0,0,0,0,0,0,0,0,0,0,0,0,medium
56.896,76.710,37,137,3,1,1,1,0,212,1,1,1,1,0,1,1,0,1,1,1,1,0,0,0,1,medium
5.630,3.978,1,16,1,1,0,0,1,56,0,0,0,0,0,0,0,0,0,0,0,0,0,0,0,0,medium
10.923,26.421,4,20,2,0,0,0,1,89,0,0,0,0,0,0,0,0,0,0,0,0,0,0,0,0,medium
8.688,5.473,3,26,1,0,0,0,1,76,0,0,0,0,1,0,0,0,0,0,0,0,0,0,0,0,low
77.940,97.044,5,93,2,1,1,1,0,348,1,1,0,0,1,0,1,0,0,1,0,1,0,0,0,1,medium
67.473,78.601,33,113,3,1,1,0,0,189,1,1,0,1,0,0,1,1,1,1,0,1,0,1,0,1,medium
5.381,10.841,2,15,0,1,0,0,1,26,0,0,0,0,1,0,0,0,0,0,0,0,0,0,0,0,low
24.016,1.094,1,10,2,1,0,0,0,89,0,0,0,0,1,0,0,0,0,0,0,0,0,0,0,0,low
29.761,13.054,3,24,1,0,0,0,1,66,0,0,0,0,1,0,0,0,0,0,0,0,0,0,0,0,medium
21.655,15.529,2,4,0,1,0,0,1,55,0,0,0,0,0,0,0,0,0,0,0,0,0,0,0,0,medium
5.806,26.822,2,21,2,0,0,0,1,75,0,0,0,0,0,0,0,0,0,0,0,0,0,0,0,0,medium
25.556,0.597,2,6,2,1,0,0,1,24,0,0,0,0,1,0,0,0,0,0,0,0,0,0,0,0,low
28.321,5.557,5,2,1,1,0,0,0,22,0,0,0,0,0,0,0,0,0,0,0,0,0,0,0,0,low
26.663,8.998,1,10,1,0,0,0,1,75,0,0,0,0,1,0,0,0,0,0,0,0,0,0,0,0,medium
14.268,19.632,4,12,2,0,0,0,0,70,0,0,0,0,0,0,0,0,0,0,0,0,0,0,0,0,medium
95.643,78.756,35,185,6,1,1,1,0,35,1,1,1,0,1,1,1,0,0,1,1,1,1,1,0,1,high
18.845,12.444,5,7,1,0,0,0,0,51,0,0,0,0,0,0,0,0,0,0,0,0,0,0,0,0,medium
24.677,12.182,3,27,2,0,0,0,0,45,0,0,0,0,0,0,0,0,0,0,0,0,0,0,0,0,low
18.614,8.398,5,9,2,1,0,0,1,37,0,0,0,0,0,0,0,0,0,0,0,0,0,0,0,0,low
90.248,67.581,36,102,1,1,1,1,0,107,1,1,0,1,1,0,0,1,1,1,1,0,0,0,0,1,high
9.858,10.749,4,24,0,0,0,0,1,79,0,0,0,0,1,0,0,0,0,0,0,0,0,0,0,0,medium
7.291,11.152,2,10,1,1,0,0,1,93,0,0,0,0,1,0,0,0,0,0,0,0,0,0,0,0,low
8.507,15.207,1,16,2,0,0,0,0,56,0,0,0,0,1,0,0,0,0,0,0,0,0,0,0,0,medium
51.130,94.708,16,71,6,1,1,1,0,278,1,1,1,1,0,1,1,0,1,1,1,1,1,0,1,1,critical
13.828,26.276,3,12,2,1,0,0,0,41,0,0,0,0,0,0,0,0,0,0,0,0,0,0,0,0,low
89.846,96.624,18,168,3,1,0,1,0,187,1,1,0,0,0,0,1,0,0,1,0,1,0,0,0,1,high
26.193,18.695,3,5,2,1,0,0,1,39,0,0,0,0,0,0,0,0,0,0,0,0,0,0,0,0,low
25.262,16.560,1,17,0,0,0,0,0,5,0,0,0,0,1,0,0,0,0,0,0,0,0,0,0,0,medium
2.835,9.043,2,18,1,0,0,0,0,29,0,0,0,0,0,0,0,0,0,0,0,0,0,0,0,0,medium
84.138,81.672,37,191,1,1,0,1,0,82,1,1,1,0,0,1,1,1,1,1,1,0,0,0,0,1,medium
16.414,6.760,2,9,0,1,0,0,0,84,0,0,0,0,1,0,0,0,0,0,0,0,0,0,0,0,low
81.284,58.070,22,102,1,1,0,1,0,80,1,1,1,0,0,0,1,0,0,1,0,1,0,0,1,1,medium
28.180,15.573,3,13,0,0,0,0,1,24,0,0,0,0,1,0,0,0,0,0,0,0,0,0,0,0,medium
56.812,91.725,39,139,4,1,1,1,0,401,1,1,1,0,0,0,0,0,1,1,0,1,0,1,1,1,high
4.621,13.942,3,9,1,0,0,0,0,27,0,0,0,0,0,0,0,0,0,0,0,0,0,0,0,0,medium
6.833,13.267,4,6,2,1,0,0,1,87,0,0,0,0,0,0,0,0,0,0,0,0,0,0,0,0,medium
17.757,4.795,4,12,2,0,0,0,0,12,0,0,0,0,0,0,0,0,0,0,0,0,0,0,0,0,low
13.175,24.897,5,2,2,1,0,0,0,70,0,0,0,0,0,0,0,0,0,0,0,0,0,0,0,0,medium
63.859,71.120,18,54,2,1,1,1,0,154,1,1,0,1,1,0,1,1,1,1,0,1,1,0,1,1,medium
26.653,19.198,3,14,0,0,0,0,1,5,0,0,0,0,1,0,0,0,0,0,0,0,0,0,0,0,low
73.439,80.354,8,145,2,1,1,0,0,39,1,1,0,1,0,0,0,1,1,1,1,1,0,0,0,1,medium
1.212,7.711,1,12,2,1,0,0,1,50,0,0,0,0,0,0,0,0,0,0,0,0,0,0,0,0,low
24.619,5.579,2,21,1,1,0,0,1,55,0,0,0,0,0,0,0,0,0,0,0,0,0,0,0,0,medium
1.549,12.366,1,11,1,1,0,0,0,81,0,0,0,0,0,0,0,0,0,0,0,0,0,0,0,0,low
59.801,81.444,29,99,2,1,1,0,0,190,1,1,0,1,1,0,1,0,0,1,0,0,0,1,0,1,high
4.640,1.196,3,17,2,0,0,0,1,71,0,0,0,0,1,0,0,0,0,0,0,0,0,0,0,0,medium
24.168,25.130,4,3,0,1,0,0,0,20,0,0,0,0,0,0,0,0,0,0,0,0,0,0,0,0,medium
90.425,96.793,40,153,4,1,1,1,0,481,1,1,0,0,1,1,0,0,1,1,1,1,1,0,1,1,medium
7.463,26.707,2,14,1,1,0,0,1,10,0,0,0,0,1,0,0,0,0,0,0,0,0,0,0,0,medium
24.036,2.740,3,30,0,1,0,0,0,58,0,0,0,0,0,0,0,0,0,0,0,0,0,0,0,0,medium
60.276,95.713,23,159,3,1,0,0,0,279,1,1,0,1,1,1,0,1,1,1,1,0,0,0,0,1,medium
92.072,54.460,35,107,3,1,0,1,0,184,1,1,0,0,0,1,1,0,0,1,0,1,0,0,0,1,high
76.906,94.014,41,146,9,1,0,1,0,47,1,1,0,1,1,0,1,1,0,1,1,0,0,0,0,1,critical
5.446,21.183,3,21,1,0,0,0,1,21,0,0,0,0,1,0,0,0,0,0,0,0,0,0,0,0,low
8.345,16.884,2,22,1,1,0,0,1,87,0,0,0,0,1,0,0,0,0,0,0,0,0,0,0,0,medium
25.494,13.992,5,22,2,1,0,0,0,42,0,0,0,0,1,0,0,0,0,0,0,0,0,0,0,0,medium
4.827,14.826,3,19,2,1,0,0,0,58,0,0,0,0,0,0,0,0,0,0,0,0,0,0,0,0,medium
23.946,14.766,1,19,0,0,0,0,0,49,0,0,0,0,0,0,0,0,0,0,0,0,0,0,0,0,low
57.060,82.475,44,124,7,1,0,1,0,60,1,1,1,1,0,1,1,0,1,1,0,0,1,0,1,1,high
13.701,19.782,4,15,0,1,0,0,1,73,0,0,0,0,1,0,0,0,0,0,0,0,0,0,0,0,medium
27.908,17.065,1,12,1,0,0,0,0,93,0,0,0,0,0,0,0,0,0,0,0,0,0,0,0,0,medium
63.509,72.503,29,16,6,1,1,1,0,251,1,1,0,0,0,0,1,1,0,1,0,1,1,0,0,1,critical
5.324,12.192,3,23,1,1,0,0,0,34,0,0,0,0,0,0,0,0,0,0,0,0,0,0,0,0,medium
96.351,92.533,44,98,2,1,1,0,0,474,1,1,1,1,1,0,1,1,0,1,1,0,1,0,1,1,medium
67.289,70.751,35,88,1,1,1,0,0,426,1,1,0,0,0,0,1,1,1,1,0,1,1,0,0,1,high
17.295,12.904,2,24,1,0,0,0,0,89,0,0,0,0,1,0,0,0,0,0,0,0,0,0,0,0,medium
78.669,63.800,32,49,9,1,1,1,0,411,1,1,1,0,0,0,1,1,1,1,0,0,1,1,0,1,high
14.019,29.824,3,25,2,1,0,0,1,48,0,0,0,0,0,0,0,0,0,0,0,0,0,0,0,0,low
14.418,22.273,1,24,1,1,0,0,0,34,0,0,0,0,0,0,0,0,0,0,0,0,0,0,0,0,medium
26.767,4.751,5,17,0,0,0,0,0,82,0,0,0,0,1,0,0,0,0,0,0,0,0,0,0,0,medium
19.391,28.961,1,11,1,1,0,0,1,32,0,0,0,0,1,0,0,0,0,0,0,0,0,0,0,0,low
28.741,5.364,3,22,0,1,0,0,1,12,0,0,0,0,0,0,0,0,0,0,0,0,0,0,0,0,low
8.458,24.629,2,4,1,1,0,0,0,26,0,0,0,0,1,0,0,0,0,0,0,0,0,0,0,0,low
25.966,3.034,4,28,0,0,0,0,0,95,0,0,0,0,1,0,0,0,0,0,0,0,0,0,0,0,low
11.302,10.768,4,0,0,0,0,0,0,70,0,0,0,0,0,0,0,0,0,0,0,0,0,0,0,0,low
0.368,17.763,5,2,0,0,0,0,1,81,0,0,0,0,0,0,0,0,0,0,0,0,0,0,0,0,medium
3.697,19.263,1,30,1,1,0,0,1,84,0,0,0,0,0,0,0,0,0,0,0,0,0,0,0,0,medium
18.047,13.742,4,16,1,1,0,0,0,81,0,0,0,0,1,0,0,0,0,0,0,0,0,0,0,0,medium
10.425,10.903,1,15,2,0,0,0,0,51,0,0,0,0,0,0,0,0,0,0,0,0,0,0,0,0,medium
50.970,52.037,28,130,9,1,0,0,0,38,1,1,0,1,0,1,0,1,1,1,1,0,1,0,0,1,critical
73.833,87.777,13,97,8,1,0,1,0,93,1,1,0,1,1,1,0,1,0,1,0,1,0,0,1,1,medium
29.902,17.999,1,7,0,1,0,0,0,90,0,0,0,0,0,0,0,0,0,0,0,0,0,0,0,0,medium
27.457,27.570,4,14,0,1,0,0,0,55,0,0,0,0,0,0,0,0,0,0,0,0,0,0,0,0,medium
9.140,7.147,2,28,2,0,0,0,0,63,0,0,0,0,1,0,0,0,0,0,0,0,0,0,0,0,low
16.609,7.896,4,1,1,0,0,0,1,65,0,0,0,0,1,0,0,0,0,0,0,0,0,0,0,0,medium
26.556,0.848,1,24,1,1,0,0,1,46,0,0,0,0,1,0,0,0,0,0,0,0,0,0,0,0,low
67.813,89.240,23,133,4,1,0,1,0,277,1,1,1,0,1,1,0,0,1,1,1,1,1,1,0,1,critical
13.970,12.907,4,2,2,1,0,0,0,18,0,0,0,0,1,0,0,0,0,0,0,0,0,0,0,0,low
1.715,24.936,1,3,1,1,0,0,0,16,0,0,0,0,0,0,0,0,0,0,0,0,0,0,0,0,low
25.910,23.924,1,17,2,1,0,0,1,16,0,0,0,0,0,0,0,0,0,0,0,0,0,0,0,0,medium
0.675,17.112,2,2,1,1,0,0,1,27,0,0,0,0,1,0,0,0,0,0,0,0,0,0,0,0,low
21.754,26.736,4,28,0,0,0,0,0,31,0,0,0,0,1,0,0,0,0,0,0,0,0,0,0,0,low
8.984,18.457,1,7,1,0,0,0,1,64,0,0,0,0,0,0,0,0,0,0,0,0,0,0,0,0,medium
7.114,18.231,1,9,2,0,0,0,0,62,0,0,0,0,0,0,0,0,0,0,0,0,0,0,0,0,low
4.405,15.908,5,13,2,1,0,0,0,8,0,0,0,0,1,0,0,0,0,0,0,0,0,0,0,0,medium
4.639,9.290,4,13,2,1,0,0,1,93,0,0,0,0,1,0,0,0,0,0,0,0,0,0,0,0,low
74.153,90.655,17,152,1,1,1,0,0,395,1,1,0,1,1,1,0,1,1,1,0,0,1,0,1,1,critical
29.076,10.554,1,18,2,0,0,0,1,47,0,0,0,0,1,0,0,0,0,0,0,0,0,0,0,0,low
60.318,97.564,26,67,3,1,1,0,0,447,1,1,0,1,0,1,1,0,0,1,1,0,1,0,1,1,high
22.390,24.950,5,3,0,1,0,0,0,98,0,0,0,0,0,0,0,0,0,0,0,0,0,0,0,0,low
22.765,26.683,3,6,2,1,0,0,0,10,0,0,0,0,0,0,0,0,0,0,0,0,0,0,0,0,low
28.826,21.518,2,12,0,0,0,0,0,82,0,0,0,0,0,0,0,0,0,0,0,0,0,0,0,0,low
6.767,17.749,3,8,2,0,0,0,1,45,0,0,0,0,1,0,0,0,0,0,0,0,0,0,0,0,low
8.885,8.689,4,11,0,0,0,0,1,71,0,0,0,0,0,0,0,0,0,0,0,0,0,0,0,0,low
4.593,19.462,4,26,1,0,0,0,0,49,0,0,0,0,0,0,0,0,0,0,0,0,0,0,0,0,low
7.088,5.349,2,2,2,1,0,0,1,29,0,0,0,0,0,0,0,0,0,0,0,0,0,0,0,0,low
18.068,18.423,3,24,1,1,0,0,0,15,0,0,0,0,1,0,0,0,0,0,0,0,0,0,0,0,medium
4.609,25.612,4,4,2,0,0,0,0,55,0,0,0,0,0,0,0,0,0,0,0,0,0,0,0,0,low
13.157,15.706,5,10,2,0,0,0,1,40,0,0,0,0,0,0,0,0,0,0,0,0,0,0,0,0,low
15.977,19.507,1,6,0,0,0,0,1,85,0,0,0,0,0,0,0,0,0,0,0,0,0,0,0,0,low
27.763,29.146,3,25,0,1,0,0,0,32,0,0,0,0,0,0,0,0,0,0,0,0,0,0,0,0,low
13.452,6.259,3,8,0,1,0,0,1,59,0,0,0,0,0,0,0,0,0,0,0,0,0,0,0,0,medium
28.275,29.408,3,22,0,1,0,0,0,20,0,0,0,0,1,0,0,0,0,0,0,0,0,0,0,0,low
90.246,71.252,35,37,3,1,0,0,0,48,1,1,0,0,1,0,1,1,1,1,1,1,0,0,0,1,medium
27.556,10.410,3,26,0,1,0,0,0,38,0,0,0,0,0,0,0,0,0,0,0,0,0,0,0,0,medium
52.621,92.248,50,48,3,1,1,0,0,295,1,1,1,0,0,1,0,0,1,1,1,0,0,1,0,1,medium
16.897,4.740,1,20,1,1,0,0,1,62,0,0,0,0,1,0,0,0,0,0,0,0,0,0,0,0,low
66.999,87.076,36,28,8,1,0,1,0,132,1,1,1,0,0,0,0,1,1,1,1,1,1,0,0,1,critical
18.847,12.532,5,28,0,1,0,0,0,61,0,0,0,0,0,0,0,0,0,0,0,0,0,0,0,0,medium
84.140,56.804,19,85,3,1,0,0,0,64,1,1,0,1,1,0,1,0,1,1,0,0,1,1,1,1,high
29.424,3.154,1,29,2,0,0,0,1,56,0,0,0,0,0,0,0,0,0,0,0,0,0,0,0,0,low
72.378,71.937,31,163,6,1,0,0,0,424,1,1,1,0,1,1,1,0,0,1,1,1,0,1,0,1,high
93.532,62.724,22,139,5,1,0,0,0,313,1,1,0,1,1,0,1,0,0,1,0,0,0,0,0,1,critical
56.921,60.560,20,151,8,1,1,0,0,164,1,1,1,1,1,0,0,1,1,1,1,0,0,1,0,1,high
18.340,11.200,5,13,2,0,0,0,0,48,0,0,0,0,0,0,0,0,0,0,0,0,0,0,0,0,low
2.371,12.147,2,23,0,1,0,0,1,70,0,0,0,0,0,0,0,0,0,0,0,0,0,0,0,0,low
27.781,23.432,5,28,1,0,0,0,0,40,0,0,0,0,1,0,0,0,0,0,0,0,0,0,0,0,medium
83.059,88.125,19,96,3,1,1,0,0,163,1,1,0,1,1,0,0,0,1,1,1,1,1,0,1,1,high
96.223,82.066,17,199,7,1,1,1,0,456,1,1,1,1,0,1,1,0,0,1,0,0,0,0,1,1,critical
26.455,23.944,5,28,2,1,0,0,1,7,0,0,0,0,0,0,0,0,0,0,0,0,0,0,0,0,low
20.345,15.825,1,14,1,0,0,0,0,8,0,0,0,0,0,0,0,0,0,0,0,0,0,0,0,0,medium
69.259,63.828,36,14,9,1,0,0,0,452,1,1,0,0,1,1,0,1,1,1,1,0,1,1,0,1,critical
0.519,22.328,3,6,1,0,0,0,0,42,0,0,0,0,1,0,0,0,0,0,0,0,0,0,0,0,medium
16.025,21.374,1,18,0,1,0,0,0,8,0,0,0,0,1,0,0,0,0,0,0,0,0,0,0,0,low
6.298,21.212,1,20,2,1,0,0,1,47,0,0,0,0,1,0,0,0,0,0,0,0,0,0,0,0,low
13.781,7.076,1,15,1,0,0,0,1,83,0,0,0,0,0,0,0,0,0,0,0,0,0,0,0,0,medium
0.818,28.985,4,30,2,1,0,0,1,45,0,0,0,0,1,0,0,0,0,0,0,0,0,0,0,0,low
17.120,5.490,4,16,1,0,0,0,1,57,0,0,0,0,0,0,0,0,0,0,0,0,0,0,0,0,low
28.202,13.130,3,24,0,1,0,0,1,100,0,0,0,0,1,0,0,0,0,0,0,0,0,0,0,0,low
22.781,22.335,1,30,0,0,0,0,0,66,0,0,0,0,1,0,0,0,0,0,0,0,0,0,0,0,low
12.790,22.618,1,26,1,0,0,0,0,52,0,0,0,0,0,0,0,0,0,0,0,0,0,0,0,0,medium
24.851,10.511,1,22,2,0,0,0,1,21,0,0,0,0,0,0,0,0,0,0,0,0,0,0,0,0,low
16.739,4.773,4,1,1,1,0,0,1,60,0,0,0,0,0,0,0,0,0,0,0,0,0,0,0,0,low
26.199,10.996,1,0,1,1,0,0,1,5,0,0,0,0,0,0,0,0,0,0,0,0,0,0,0,0,low
14.846,29.893,1,0,2,1,0,0,1,54,0,0,0,0,0,0,0,0,0,0,0,0,0,0,0,0,medium
7.820,19.463,1,15,0,1,0,0,1,46,0,0,0,0,1,0,0,0,0,0,0,0,0,0,0,0,low
15.965,11.749,3,22,0,1,0,0,1,62,0,0,0,0,1,0,0,0,0,0,0,0,0,0,0,0,medium
8.197,15.929,3,8,1,1,0,0,0,39,0,0,0,0,1,0,0,0,0,0,0,0,0,0,0,0,low
8.321,3.865,5,30,1,1,0,0,1,34,0,0,0,0,0,0,0,0,0,0,0,0,0,0,0,0,low
18.726,7.979,2,27,0,0,0,0,0,94,0,0,0,0,1,0,0,0,0,0,0,0,0,0,0,0,medium
63.333,85.454,6,147,5,1,1,0,0,384,1,1,0,1,1,0,0,1,0,1,0,1,1,1,0,1,high
15.414,17.118,5,25,1,1,0,0,0,90,0,0,0,0,1,0,0,0,0,0,0,0,0,0,0,0,low
7.252,13.826,3,28,1,1,0,0,0,43,0,0,0,0,0,0,0,0,0,0,0,0,0,0,0,0,low
6.094,0.947,4,25,1,0,0,0,1,51,0,0,0,0,1,0,0,0,0,0,0,0,0,0,0,0,medium
3.262,4.564,1,11,1,0,0,0,0,51,0,0,0,0,0,0,0,0,0,0,0,0,0,0,0,0,medium
27.077,13.372,1,6,1,1,0,0,1,30,0,0,0,0,1,0,0,0,0,0,0,0,0,0,0,0,low
2.276,18.345,3,5,2,1,0,0,1,72,0,0,0,0,1,0,0,0,0,0,0,0,0,0,0,0,medium
50.224,97.290,36,14,5,1,0,0,0,432,1,1,0,1,0,1,1,0,1,1,1,0,1,0,0,1,high
14.983,12.403,5,13,1,0,0,0,0,16,0,0,0,0,0,0,0,0,0,0,0,0,0,0,0,0,medium
99.898,65.620,30,184,3,1,1,0,0,332,1,1,1,1,1,0,0,0,1,1,0,0,1,1,1,1,critical
11.631,29.222,5,16,0,0,0,0,1,73,0,0,0,0,1,0,0,0,0,0,0,0,0,0,0,0,medium
99.412,54.662,47,87,6,1,1,1,0,418,1,1,1,1,1,1,0,1,1,1,1,1,0,0,1,1,critical
95.283,55.711,11,145,10,1,0,0,0,30,1,1,1,0,0,0,1,1,0,1,1,1,0,0,1,1,critical
14.074,19.709,5,21,2,1,0,0,1,72,0,0,0,0,1,0,0,0,0,0,0,0,0,0,0,0,medium
4.791,10.017,2,13,1,0,0,0,0,9,0,0,0,0,0,0,0,0,0,0,0,0,0,0,0,0,low
6.431,1.712,2,13,2,0,0,0,0,77,0,0,0,0,0,0,0,0,0,0,0,0,0,0,0,0,medium
70.568,58.428,8,36,3,1,0,0,0,207,1,1,0,0,0,0,0,0,1,1,1,0,1,1,0,1,critical
21.447,25.573,3,25,1,1,0,0,0,87,0,0,0,0,0,0,0,0,0,0,0,0,0,0,0,0,medium
9.067,16.042,2,19,2,1,0,0,0,95,0,0,0,0,1,0,0,0,0,0,0,0,0,0,0,0,medium
2.193,17.140,2,28,1,1,0,0,1,92,0,0,0,0,1,0,0,0,0,0,0,0,0,0,0,0,low
60.326,96.532,35,12,1,1,1,0,0,162,1,1,0,1,0,0,0,0,0,1,1,0,1,1,0,1,critical
23.266,15.305,2,0,0,1,0,0,0,74,0,0,0,0,0,0,0,0,0,0,0,0,0,0,0,0,low
4.012,28.252,3,8,2,1,0,0,1,29,0,0,0,0,1,0,0,0,0,0,0,0,0,0,0,0,low
6.941,26.035,4,29,1,0,0,0,0,14,0,0,0,0,1,0,0,0,0,0,0,0,0,0,0,0,low
24.532,13.659,5,0,2,1,0,0,1,24,0,0,0,0,1,0,0,0,0,0,0,0,0,0,0,0,medium
66.468,62.349,19,169,10,1,0,0,0,303,1,1,0,1,1,1,0,0,1,1,0,1,1,0,0,1,medium
29.074,6.775,1,27,2,0,0,0,1,67,0,0,0,0,0,0,0,0,0,0,0,0,0,0,0,0,medium
23.853,15.202,3,16,2,0,0,0,0,39,0,0,0,0,1,0,0,0,0,0,0,0,0,0,0,0,low
22.181,8.375,1,8,2,1,0,0,0,26,0,0,0,0,0,0,0,0,0,0,0,0,0,0,0,0,low
11.897,1.358,1,23,0,1,0,0,1,65,0,0,0,0,0,0,0,0,0,0,0,0,0,0,0,0,low
16.063,13.271,3,11,1,0,0,0,0,71,0,0,0,0,1,0,0,0,0,0,0,0,0,0,0,0,low
26.174,16.424,2,26,1,1,0,0,1,8,0,0,0,0,0,0,0,0,0,0,0,0,0,0,0,0,low
10.208,29.884,1,17,2,0,0,0,0,25,0,0,0,0,0,0,0,0,0,0,0,0,0,0,0,0,medium
15.948,2.021,4,14,0,1,0,0,0,43,0,0,0,0,1,0,0,0,0,0,0,0,0,0,0,0,medium
24.551,27.238,5,26,0,0,0,0,1,94,0,0,0,0,0,0,0,0,0,0,0,0,0,0,0,0,low
26.369,4.951,5,14,2,1,0,0,0,28,0,0,0,0,0,0,0,0,0,0,0,0,0,0,0,0,low
19.712,1.563,5,4,0,0,0,0,1,94,0,0,0,0,0,0,0,0,0,0,0,0,0,0,0,0,medium
16.196,28.459,3,21,2,0,0,0,0,60,0,0,0,0,0,0,0,0,0,0,0,0,0,0,0,0,medium
21.102,27.585,2,23,0,1,0,0,1,93,0,0,0,0,0,0,0,0,0,0,0,0,0,0,0,0,medium
22.384,18.787,3,10,2,1,0,0,1,30,0,0,0,0,0,0,0,0,0,0,0,0,0,0,0,0,medium
19.049,24.922,3,5,2,0,0,0,0,57,0,0,0,0,0,0,0,0,0,0,0,0,0,0,0,0,low
95.675,54.345,41,146,1,1,0,1,0,143,1,1,1,0,1,1,1,0,0,1,0,0,0,1,0,1,high
2.469,20.580,3,30,2,0,0,0,0,33,0,0,0,0,0,0,0,0,0,0,0,0,0,0,0,0,low
15.421,4.663,5,23,1,1,0,0,1,69,0,0,0,0,1,0,0,0,0,0,0,0,0,0,0,0,medium
3.945,2.387,4,18,1,0,0,0,0,26,0,0,0,0,1,0,0,0,0,0,0,0,0,0,0,0,medium
8.072,10.391,3,7,2,1,0,0,1,58,0,0,0,0,1,0,0,0,0,0,0,0,0,0,0,0,low
25.293,17.110,1,0,1,0,0,0,1,62,0,0,0,0,1,0,0,0,0,0,0,0,0,0,0,0,low
0.125,16.206,1,13,1,0,0,0,0,6,0,0,0,0,1,0,0,0,0,0,0,0,0,0,0,0,low
12.506,19.396,3,11,1,1,0,0,1,83,0,0,0,0,0,0,0,0,0,0,0,0,0,0,0,0,medium
56.746,90.999,17,67,6,1,1,0,0,51,1,1,1,1,1,1,0,1,0,1,1,0,1,1,1,1,medium
12.645,7.297,3,27,0,0,0,0,0,46,0,0,0,0,0,0,0,0,0,0,0,0,0,0,0,0,low
17.463,18.991,2,5,1,0,0,0,1,60,0,0,0,0,0,0,0,0,0,0,0,0,0,0,0,0,medium
4.673,4.965,4,27,0,0,0,0,1,15,0,0,0,0,0,0,0,0,0,0,0,0,0,0,0,0,low
80.616,90.938,30,144,6,1,0,1,0,56,1,1,1,1,0,0,1,0,0,1,0,1,0,1,0,1,critical
3.333,18.725,2,29,1,0,0,0,0,58,0,0,0,0,0,0,0,0,0,0,0,0,0,0,0,0,medium
11.033,2.830,5,29,2,1,0,0,0,95,0,0,0,0,1,0,0,0,0,0,0,0,0,0,0,0,low
4.660,12.803,1,23,2,0,0,0,0,83,0,0,0,0,0,0,0,0,0,0,0,0,0,0,0,0,medium
13.167,25.643,4,18,0,1,0,0,0,27,0,0,0,0,1,0,0,0,0,0,0,0,0,0,0,0,low
5.018,22.861,1,21,0,0,0,0,0,72,0,0,0,0,0,0,0,0,0,0,0,0,0,0,0,0,low
13.199,1.688,2,4,1,1,0,0,1,96,0,0,0,0,1,0,0,0,0,0,0,0,0,0,0,0,low
14.847,2.484,1,17,2,1,0,0,0,6,0,0,0,0,1,0,0,0,0,0,0,0,0,0,0,0,medium
81.201,98.638,33,141,4,1,0,1,0,261,1,1,1,1,1,0,1,1,0,1,0,0,1,1,1,1,medium
89.678,71.821,20,85,10,1,0,1,0,270,1,1,1,0,0,0,1,0,1,1,1,0,1,1,1,1,medium
23.396,26.184,2,22,1,0,0,0,0,64,0,0,0,0,1,0,0,0,0,0,0,0,0,0,0,0,medium
60.163,81.856,16,67,5,1,1,1,0,354,1,1,1,1,1,1,0,0,1,1,0,1,0,0,1,1,critical
10.936,7.865,1,25,0,0,0,0,1,27,0,0,0,0,0,0,0,0,0,0,0,0,0,0,0,0,medium
81.986,78.816,31,147,4,1,0,0,0,433,1,1,0,0,1,0,1,0,0,1,1,1,0,1,1,1,critical
24.980,0.440,5,23,0,1,0,0,0,53,0,0,0,0,0,0,0,0,0,0,0,0,0,0,0,0,medium
18.731,11.518,4,3,1,1,0,0,0,86,0,0,0,0,0,0,0,0,0,0,0,0,0,0,0,0,medium
1.199,22.344,1,13,0,1,0,0,0,31,0,0,0,0,0,0,0,0,0,0,0,0,0,0,0,0,medium
1.705,20.124,4,26,1,0,0,0,0,5,0,0,0,0,0,0,0,0,0,0,0,0,0,0,0,0,medium
28.310,28.341,1,23,0,1,0,0,0,49,0,0,0,0,1,0,0,0,0,0,0,0,0,0,0,0,medium
70.461,86.556,47,60,1,1,0,0,0,340,1,1,1,0,0,0,1,1,0,1,0,1,1,0,1,1,critical
63.593,57.981,49,174,6,1,0,0,0,407,1,1,0,0,1,0,1,1,0,1,1,1,0,1,1,1,critical
17.517,16.758,4,9,1,0,0,0,0,88,0,0,0,0,0,0,0,0,0,0,0,0,0,0,0,0,low
2.368,28.690,4,21,2,0,0,0,1,50,0,0,0,0,0,0,0,0,0,0,0,0,0,0,0,0,medium
12.488,28.042,1,3,2,0,0,0,0,100,0,0,0,0,1,0,0,0,0,0,0,0,0,0,0,0,medium
13.132,9.003,1,24,2,1,0,0,0,42,0,0,0,0,0,0,0,0,0,0,0,0,0,0,0,0,medium
97.322,67.451,14,152,2,1,1,1,0,377,1,1,1,1,0,1,0,1,1,1,0,1,1,0,1,1,critical
26.105,26.755,5,16,0,0,0,0,0,17,0,0,0,0,1,0,0,0,0,0,0,0,0,0,0,0,medium
1.531,2.320,4,14,0,1,0,0,0,8,0,0,0,0,1,0,0,0,0,0,0,0,0,0,0,0,medium
25.191,8.972,5,6,0,1,0,0,1,81,0,0,0,0,1,0,0,0,0,0,0,0,0,0,0,0,low
26.725,15.056,5,4,1,1,0,0,1,63,0,0,0,0,1,0,0,0,0,0,0,0,0,0,0,0,low
12.922,19.398,5,8,1,0,0,0,0,89,0,0,0,0,1,0,0,0,0,0,0,0,0,0,0,0,medium
27.240,18.716,5,22,0,1,0,0,0,17,0,0,0,0,1,0,0,0,0,0,0,0,0,0,0,0,low
8.448,24.774,2,7,0,1,0,0,1,27,0,0,0,0,0,0,0,0,0,0,0,0,0,0,0,0,low
85.080,62.422,31,90,4,1,0,1,0,465,1,1,1,0,1,0,0,0,0,1,0,0,1,1,1,1,medium
25.957,21.472,4,25,2,0,0,0,0,71,0,0,0,0,0,0,0,0,0,0,0,0,0,0,0,0,medium
29.454,2.733,2,4,1,1,0,0,0,32,0,0,0,0,1,0,0,0,0,0,0,0,0,0,0,0,medium
22.764,18.399,4,27,2,1,0,0,0,54,0,0,0,0,1,0,0,0,0,0,0,0,0,0,0,0,low
82.349,62.390,24,167,1,1,0,1,0,353,1,1,1,0,1,0,0,1,1,1,0,1,0,0,1,1,medium
22.540,14.282,4,11,1,0,0,0,1,60,0,0,0,0,1,0,0,0,0,0,0,0,0,0,0,0,medium
27.930,3.666,5,20,0,0,0,0,0,8,0,0,0,0,0,0,0,0,0,0,0,0,0,0,0,0,medium
84.550,79.860,34,16,7,1,1,0,0,132,1,1,0,1,0,1,1,1,0,1,1,0,0,1,0,1,medium
19.470,4.475,5,17,1,1,0,0,1,29,0,0,0,0,1,0,0,0,0,0,0,0,0,0,0,0,medium
29.995,26.061,2,7,0,0,0,0,1,18,0,0,0,0,1,0,0,0,0,0,0,0,0,0,0,0,low
26.908,27.600,4,19,1,1,0,0,1,86,0,0,0,0,0,0,0,0,0,0,0,0,0,0,0,0,medium
54.524,87.377,36,130,10,1,0,1,0,126,1,1,0,1,1,1,1,1,0,1,0,1,0,1,0,1,critical
16.787,18.275,2,9,1,1,0,0,1,36,0,0,0,0,1,0,0,0,0,0,0,0,0,0,0,0,low
0.588,23.078,4,6,2,1,0,0,1,66,0,0,0,0,0,0,0,0,0,0,0,0,0,0,0,0,low
4.692,19.192,2,4,2,0,0,0,1,59,0,0,0,0,0,0,0,0,0,0,0,0,0,0,0,0,low
1.413,23.589,5,12,2,1,0,0,0,27,0,0,0,0,1,0,0,0,0,0,0,0,0,0,0,0,medium
16.280,0.971,1,15,1,1,0,0,1,9,0,0,0,0,1,0,0,0,0,0,0,0,0,0,0,0,low
7.614,10.060,3,20,1,1,0,0,1,92,0,0,0,0,1,0,0,0,0,0,0,0,0,0,0,0,medium
1.507,1.286,3,21,1,1,0,0,1,85,0,0,0,0,0,0,0,0,0,0,0,0,0,0,0,0,medium
29.339,26.804,2,30,1,1,0,0,1,31,0,0,0,0,0,0,0,0,0,0,0,0,0,0,0,0,medium
1.782,27.498,5,5,2,0,0,0,0,64,0,0,0,0,1,0,0,0,0,0,0,0,0,0,0,0,low
12.888,20.441,2,8,1,1,0,0,0,35,0,0,0,0,1,0,0,0,0,0,0,0,0,0,0,0,medium
28.054,19.668,5,9,0,0,0,0,1,56,0,0,0,0,0,0,0,0,0,0,0,0,0,0,0,0,low
9.208,14.669,5,15,1,1,0,0,0,48,0,0,0,0,1,0,0,0,0,0,0,0,0,0,0,0,medium
13.384,13.278,2,22,2,1,0,0,1,7,0,0,0,0,0,0,0,0,0,0,0,0,0,0,0,0,low
25.309,19.514,2,10,1,1,0,0,0,49,0,0,0,0,0,0,0,0,0,0,0,0,0,0,0,0,medium
17.192,2.801,2,26,0,1,0,0,0,12,0,0,0,0,1,0,0,0,0,0,0,0,0,0,0,0,medium
80.833,77.483,12,100,1,1,1,1,0,366,1,1,0,0,1,1,0,1,0,1,1,1,0,0,0,1,high
3.271,29.891,2,19,1,0,0,0,0,27,0,0,0,0,1,0,0,0,0,0,0,0,0,0,0,0,medium
23.793,8.842,3,9,1,0,0,0,1,27,0,0,0,0,0,0,0,0,0,0,0,0,0,0,0,0,medium
92.145,90.416,34,117,2,1,0,0,0,65,1,1,1,0,1,1,0,0,1,1,0,1,0,0,1,1,high
81.778,62.037,15,123,4,1,0,1,0,247,1,1,1,0,1,0,0,0,0,1,0,1,1,0,1,1,critical
29.214,6.577,2,3,2,0,0,0,1,71,0,0,0,0,1,0,0,0,0,0,0,0,0,0,0,0,low
50.725,51.509,33,28,8,1,0,1,0,329,1,1,0,0,0,1,1,0,1,1,0,0,1,0,0,1,critical
26.501,26.105,5,17,0,0,0,0,0,45,0,0,0,0,1,0,0,0,0,0,0,0,0,0,0,0,low
90.781,63.238,22,104,8,1,0,1,0,389,1,1,0,0,0,1,1,0,1,1,0,1,1,0,1,1,high
26.294,22.103,5,25,2,1,0,0,0,42,0,0,0,0,0,0,0,0,0,0,0,0,0,0,0,0,medium
3.786,14.537,2,15,2,1,0,0,1,6,0,0,0,0,1,0,0,0,0,0,0,0,0,0,0,0,low
90.162,93.145,40,88,4,1,0,0,0,27,1,1,0,0,0,0,1,0,1,1,1,0,0,0,1,1,medium
26.812,12.352,3,20,2,1,0,0,1,64,0,0,0,0,0,0,0,0,0,0,0,0,0,0,0,0,medium
4.236,15.033,3,27,0,1,0,0,0,67,0,0,0,0,1,0,0,0,0,0,0,0,0,0,0,0,low
3.644,28.041,1,13,0,1,0,0,0,14,0,0,0,0,0,0,0,0,0,0,0,0,0,0,0,0,low
26.841,3.655,4,5,2,0,0,0,1,52,0,0,0,0,0,0,0,0,0,0,0,0,0,0,0,0,medium
17.112,26.883,1,23,0,1,0,0,1,8,0,0,0,0,0,0,0,0,0,0,0,0,0,0,0,0,low
22.441,17.446,1,28,2,1,0,0,0,11,0,0,0,0,0,0,0,0,0,0,0,0,0,0,0,0,low
55.548,95.660,34,159,6,1,0,0,0,192,1,1,0,0,0,0,1,0,0,1,0,0,0,1,1,1,medium
12.980,23.903,5,10,0,0,0,0,1,20,0,0,0,0,1,0,0,0,0,0,0,0,0,0,0,0,low
95.681,61.193,25,112,2,1,0,1,0,28,1,1,1,0,1,1,1,1,1,1,1,0,0,1,0,1,critical
12.459,17.251,4,12,1,1,0,0,1,73,0,0,0,0,1,0,0,0,0,0,0,0,0,0,0,0,low
25.574,10.832,1,25,0,0,0,0,0,61,0,0,0,0,1,0,0,0,0,0,0,0,0,0,0,0,low
62.054,73.257,46,157,6,1,1,1,0,87,1,1,0,1,0,0,0,1,0,1,0,0,0,0,1,1,high
94.105,72.574,49,159,10,1,0,0,0,35,1,1,0,0,0,1,1,1,0,1,0,0,1,0,0,1,medium
10.769,21.153,3,22,2,1,0,0,0,31,0,0,0,0,1,0,0,0,0,0,0,0,0,0,0,0,low
18.909,0.723,2,13,0,1,0,0,0,5,0,0,0,0,0,0,0,0,0,0,0,0,0,0,0,0,medium
60.542,89.501,21,66,3,1,0,0,0,395,1,1,0,1,0,1,1,1,1,1,1,0,0,0,1,1,critical
27.161,23.294,2,16,0,0,0,0,1,68,0,0,0,0,0,0,0,0,0,0,0,0,0,0,0,0,medium
53.862,64.626,12,15,9,1,0,1,0,41,1,1,0,1,0,1,0,0,1,1,1,0,1,0,1,1,high
1.084,3.639,2,10,0,1,0,0,0,10,0,0,0,0,1,0,0,0,0,0,0,0,0,0,0,0,low
28.410,13.744,1,8,2,1,0,0,1,38,0,0,0,0,0,0,0,0,0,0,0,0,0,0,0,0,low
26.741,26.100,3,23,2,0,0,0,1,46,0,0,0,0,0,0,0,0,0,0,0,0,0,0,0,0,low
14.065,11.208,1,17,2,0,0,0,0,92,0,0,0,0,1,0,0,0,0,0,0,0,0,0,0,0,medium
64.131,62.767,14,168,8,1,1,1,0,281,1,1,1,1,1,0,1,1,0,1,0,0,1,1,0,1,high
58.798,55.202,44,117,7,1,1,0,0,125,1,1,1,1,0,0,1,1,0,1,1,1,1,1,0,1,high
51.392,93.940,17,49,6,1,1,1,0,106,1,1,0,0,1,0,0,1,0,1,0,1,0,1,0,1,medium
15.386,9.866,2,9,2,1,0,0,1,82,0,0,0,0,1,0,0,0,0,0,0,0,0,0,0,0,medium
24.377,19.990,1,24,1,1,0,0,0,25,0,0,0,0,1,0,0,0,0,0,0,0,0,0,0,0,low
2.112,4.921,1,29,0,0,0,0,0,57,0,0,0,0,0,0,0,0,0,0,0,0,0,0,0,0,medium
91.909,89.209,37,59,1,1,0,1,0,417,1,1,1,0,0,0,1,1,0,1,1,1,0,0,0,1,critical
51.385,98.485,12,179,9,1,1,1,0,364,1,1,0,1,1,1,0,0,1,1,0,0,1,0,1,1,medium
89.342,85.432,37,17,2,1,0,1,0,137,1,1,1,0,1,0,1,1,1,1,0,0,1,0,1,1,critical
18.033,6.767,1,10,0,1,0,0,1,27,0,0,0,0,1,0,0,0,0,0,0,0,0,0,0,0,low
20.830,5.330,3,5,0,0,0,0,0,94,0,0,0,0,0,0,0,0,0,0,0,0,0,0,0,0,low
27.574,3.249,5,2,0,0,0,0,0,92,0,0,0,0,1,0,0,0,0,0,0,0,0,0,0,0,medium
10.391,20.659,2,0,2,1,0,0,1,91,0,0,0,0,1,0,0,0,0,0,0,0,0,0,0,0,medium
91.235,81.929,31,182,9,1,0,0,0,298,1,1,1,1,0,1,0,0,1,1,0,1,1,0,0,1,high
60.088,50.744,44,87,5,1,1,1,0,215,1,1,0,1,0,1,0,0,0,1,1,1,0,1,0,1,high
13.056,16.922,4,19,2,1,0,0,1,85,0,0,0,0,1,0,0,0,0,0,0,0,0,0,0,0,medium
22.251,19.049,5,12,0,1,0,0,1,83,0,0,0,0,1,0,0,0,0,0,0,0,0,0,0,0,low
98.151,86.944,23,44,8,1,0,1,0,300,1,1,0,0,0,1,1,1,0,1,1,0,0,0,1,1,medium
0.088,22.172,1,14,2,0,0,0,1,7,0,0,0,0,0,0,0,0,0,0,0,0,0,0,0,0,medium
19.725,14.485,3,12,0,1,0,0,0,18,0,0,0,0,1,0,0,0,0,0,0,0,0,0,0,0,low
11.061,14.466,2,11,0,1,0,0,1,15,0,0,0,0,0,0,0,0,0,0,0,0,0,0,0,0,medium
5.089,29.320,2,28,1,0,0,0,1,39,0,0,0,0,1,0,0,0,0,0,0,0,0,0,0,0,low
5.743,22.202,3,6,1,0,0,0,1,9,0,0,0,0,1,0,0,0,0,0,0,0,0,0,0,0,medium
7.428,6.389,4,9,0,0,0,0,0,76,0,0,0,0,1,0,0,0,0,0,0,0,0,0,0,0,medium
81.627,69.223,50,121,8,1,0,1,0,142,1,1,0,1,1,1,0,1,0,1,1,0,0,1,0,1,critical
4.086,28.633,1,9,2,1,0,0,0,54,0,0,0,0,1,0,0,0,0,0,0,0,0,0,0,0,low
65.888,89.298,49,168,8,1,0,1,0,77,1,1,1,1,1,1,0,0,0,1,0,1,1,1,0,1,medium
6.491,1.502,2,12,2,1,0,0,0,75,0,0,0,0,1,0,0,0,0,0,0,0,0,0,0,0,low
55.399,69.368,24,23,2,1,1,0,0,337,1,1,1,0,1,1,1,1,1,1,1,1,1,0,1,1,medium
27.681,22.033,2,29,1,0,0,0,0,64,0,0,0,0,0,0,0,0,0,0,0,0,0,0,0,0,low
82.375,50.236,35,199,9,1,0,1,0,168,1,1,0,0,1,1,0,0,1,1,1,0,0,0,0,1,critical
29.138,6.255,5,26,2,0,0,0,0,7,0,0,0,0,0,0,0,0,0,0,0,0,0,0,0,0,medium
63.836,87.620,37,147,10,1,0,0,0,99,1,1,1,0,0,1,1,1,1,1,1,1,1,1,1,1,medium
51.406,55.835,21,35,9,1,0,1,0,157,1,1,0,1,0,0,0,1,1,1,1,1,1,1,0,1,medium
72.681,90.233,36,69,8,1,0,1,0,137,1,1,0,1,0,0,1,0,1,1,0,0,0,1,0,1,high
7.251,3.596,1,12,2,1,0,0,0,36,0,0,0,0,0,0,0,0,0,0,0,0,0,0,0,0,medium
28.031,7.908,2,29,2,0,0,0,1,14,0,0,0,0,1,0,0,0,0,0,0,0,0,0,0,0,medium
6.543,1.613,5,4,2,1,0,0,0,79,0,0,0,0,0,0,0,0,0,0,0,0,0,0,0,0,medium
68.004,67.578,40,63,6,1,1,1,0,329,1,1,0,1,0,0,0,1,0,1,1,0,1,0,1,1,high
9.337,24.893,3,0,1,0,0,0,0,57,0,0,0,0,0,0,0,0,0,0,0,0,0,0,0,0,medium
66.974,72.895,21,50,4,1,1,1,0,375,1,1,1,1,1,1,1,1,1,1,1,1,1,1,0,1,medium
82.509,70.175,30,131,5,1,1,0,0,118,1,1,0,1,0,1,1,1,1,1,1,0,1,0,0,1,medium
59.986,58.292,22,92,8,1,0,1,0,475,1,1,0,1,0,1,1,0,0,1,0,1,1,0,0,1,high
24.380,15.027,4,7,1,1,0,0,1,73,0,0,0,0,1,0,0,0,0,0,0,0,0,0,0,0,medium
28.027,22.317,2,29,2,1,0,0,0,41,0,0,0,0,0,0,0,0,0,0,0,0,0,0,0,0,medium
11.042,6.882,4,21,0,1,0,0,1,55,0,0,0,0,0,0,0,0,0,0,0,0,0,0,0,0,low
0.911,9.015,1,30,0,1,0,0,1,47,0,0,0,0,1,0,0,0,0,0,0,0,0,0,0,0,medium
24.797,4.911,5,2,0,0,0,0,1,30,0,0,0,0,0,0,0,0,0,0,0,0,0,0,0,0,medium
1.189,3.325,4,8,2,0,0,0,0,33,0,0,0,0,0,0,0,0,0,0,0,0,0,0,0,0,low
18.797,24.368,4,10,0,1,0,0,0,76,0,0,0,0,1,0,0,0,0,0,0,0,0,0,0,0,medium
18.482,7.600,3,10,1,1,0,0,0,69,0,0,0,0,1,0,0,0,0,0,0,0,0,0,0,0,low
70.321,62.621,46,103,3,1,1,1,0,50,1,1,1,1,0,1,1,0,0,1,0,1,0,0,1,1,high
68.545,70.307,36,14,2,1,1,0,0,93,1,1,0,0,1,1,1,1,1,1,0,1,0,1,0,1,high
24.907,27.674,5,3,2,0,0,0,1,96,0,0,0,0,0,0,0,0,0,0,0,0,0,0,0,0,medium
5.945,22.259,3,19,2,0,0,0,1,48,0,0,0,0,0,0,0,0,0,0,0,0,0,0,0,0,low
15.590,16.862,5,22,1,1,0,0,1,45,0,0,0,0,1,0,0,0,0,0,0,0,0,0,0,0,medium
19.665,29.101,3,9,2,1,0,0,1,22,0,0,0,0,0,0,0,0,0,0,0,0,0,0,0,0,medium
26.608,2.328,1,14,0,0,0,0,0,10,0,0,0,0,1,0,0,0,0,0,0,0,0,0,0,0,medium
5.172,9.685,3,26,1,0,0,0,1,62,0,0,0,0,1,0,0,0,0,0,0,0,0,0,0,0,medium
12.872,2.440,3,20,1,0,0,0,0,10,0,0,0,0,0,0,0,0,0,0,0,0,0,0,0,0,low
13.908,24.178,5,30,1,0,0,0,1,37,0,0,0,0,1,0,0,0,0,0,0,0,0,0,0,0,low
8.155,12.320,2,7,0,1,0,0,1,36,0,0,0,0,0,0,0,0,0,0,0,0,0,0,0,0,medium
21.209,10.071,2,5,1,1,0,0,1,51,0,0,0,0,1,0,0,0,0,0,0,0,0,0,0,0,medium
25.230,16.803,4,22,1,0,0,0,0,62,0,0,0,0,1,0,0,0,0,0,0,0,0,0,0,0,medium
18.551,15.624,5,12,2,1,0,0,0,87,0,0,0,0,0,0,0,0,0,0,0,0,0,0,0,0,low
19.768,29.258,4,1,2,0,0,0,0,49,0,0,0,0,0,0,0,0,0,0,0,0,0,0,0,0,low
55.200,64.254,42,80,9,1,1,0,0,100,1,1,0,1,1,0,0,0,1,1,1,0,0,1,1,1,medium
10.891,25.372,1,27,0,1,0,0,0,98,0,0,0,0,1,0,0,0,0,0,0,0,0,0,0,0,medium
94.824,55.618,33,59,8,1,0,1,0,118,1,1,1,1,0,1,0,0,1,1,0,1,0,1,0,1,high
59.095,97.816,50,163,7,1,1,1,0,388,1,1,0,1,1,0,0,1,0,1,1,1,1,1,1,1,medium
13.918,0.299,1,28,0,1,0,0,0,94,0,0,0,0,1,0,0,0,0,0,0,0,0,0,0,0,medium
96.975,80.282,11,169,6,1,0,1,0,365,1,1,1,0,0,0,1,1,1,1,0,0,0,0,0,1,critical
13.515,19.874,5,10,0,0,0,0,0,36,0,0,0,0,0,0,0,0,0,0,0,0,0,0,0,0,low
16.661,0.265,4,18,0,1,0,0,0,36,0,0,0,0,0,0,0,0,0,0,0,0,0,0,0,0,medium
56.473,62.903,40,130,2,1,1,0,0,429,1,1,1,1,0,0,0,1,0,1,0,0,0,1,0,1,medium
1.288,20.182,2,30,0,1,0,0,0,99,0,0,0,0,0,0,0,0,0,0,0,0,0,0,0,0,medium
90.930,85.415,12,52,2,1,1,1,0,414,1,1,0,1,0,0,1,0,1,1,1,0,1,1,0,1,high
22.398,25.126,1,24,1,0,0,0,1,21,0,0,0,0,0,0,0,0,0,0,0,0,0,0,0,0,medium
29.896,3.058,1,21,0,0,0,0,0,54,0,0,0,0,0,0,0,0,0,0,0,0,0,0,0,0,medium
25.164,0.202,4,12,2,1,0,0,0,32,0,0,0,0,0,0,0,0,0,0,0,0,0,0,0,0,medium
80.023,92.849,22,123,8,1,1,0,0,474,1,1,0,0,0,1,0,0,0,1,0,1,0,1,1,1,critical
12.583,2.109,2,17,1,0,0,0,1,59,0,0,0,0,1,0,0,0,0,0,0,0,0,0,0,0,low
20.554,19.658,4,0,1,0,0,0,1,10,0,0,0,0,1,0,0,0,0,0,0,0,0,0,0,0,medium
4.684,0.418,5,19,0,1,0,0,0,97,0,0,0,0,0,0,0,0,0,0,0,0,0,0,0,0,medium
79.809,84.527,9,94,4,1,0,0,0,291,1,1,1,1,0,1,1,0,0,1,0,1,1,0,0,1,medium
6.858,17.748,2,29,1,0,0,0,0,17,0,0,0,0,1,0,0,0,0,0,0,0,0,0,0,0,medium
14.690,16.722,3,10,1,1,0,0,1,46,0,0,0,0,0,0,0,0,0,0,0,0,0,0,0,0,medium
22.319,20.991,5,6,0,1,0,0,0,45,0,0,0,0,0,0,0,0,0,0,0,0,0,0,0,0,low
57.218,69.386,35,185,1,1,0,1,0,404,1,1,1,1,1,1,1,1,1,1,1,1,1,0,1,1,medium
5.634,13.678,5,22,2,1,0,0,1,72,0,0,0,0,0,0,0,0,0,0,0,0,0,0,0,0,medium
79.023,50.187,34,192,8,1,0,1,0,104,1,1,0,0,1,0,1,1,0,1,1,1,1,1,0,1,high
7.417,6.103,3,9,0,0,0,0,1,53,0,0,0,0,0,0,0,0,0,0,0,0,0,0,0,0,medium
57.979,92.272,16,169,8,1,1,0,0,49,1,1,1,1,0,1,1,1,0,1,0,1,1,1,1,1,medium
9.890,11.281,4,4,1,1,0,0,0,35,0,0,0,0,1,0,0,0,0,0,0,0,0,0,0,0,low
51.386,70.341,29,154,5,1,1,1,0,226,1,1,1,1,0,0,0,1,0,1,0,1,0,1,0,1,critical
20.581,26.705,1,10,0,1,0,0,1,44,0,0,0,0,1,0,0,0,0,0,0,0,0,0,0,0,low
24.678,4.767,2,22,0,1,0,0,0,44,0,0,0,0,0,0,0,0,0,0,0,0,0,0,0,0,medium
12.782,13.120,3,24,1,0,0,0,0,82,0,0,0,0,1,0,0,0,0,0,0,0,0,0,0,0,medium
24.902,7.229,5,6,0,1,0,0,1,11,0,0,0,0,0,0,0,0,0,0,0,0,0,0,0,0,low
20.943,23.911,3,8,1,0,0,0,0,63,0,0,0,0,1,0,0,0,0,0,0,0,0,0,0,0,low
5.529,3.921,3,29,0,0,0,0,0,48,0,0,0,0,0,0,0,0,0,0,0,0,0,0,0,0,low
82.926,94.225,16,182,9,1,0,1,0,299,1,1,1,1,1,0,0,0,1,1,0,0,0,1,1,1,high
87.685,64.106,22,57,9,1,0,1,0,260,1,1,1,1,1,0,0,0,1,1,0,0,1,0,0,1,critical
13.671,13.239,5,5,0,0,0,0,0,96,0,0,0,0,0,0,0,0,0,0,0,0,0,0,0,0,medium
15.196,12.944,1,1,0,0,0,0,1,75,0,0,0,0,1,0,0,0,0,0,0,0,0,0,0,0,medium
86.644,52.578,50,148,10,1,1,1,0,295,1,1,0,1,1,0,0,1,0,1,0,1,0,0,1,1,high
73.169,60.095,12,119,8,1,1,0,0,386,1,1,0,0,0,1,0,0,1,1,1,0,0,1,0,1,medium
84.742,62.170,12,35,6,1,0,1,0,360,1,1,0,0,0,0,1,1,0,1,0,1,1,1,0,1,critical
28.045,1.928,3,1,1,0,0,0,1,43,0,0,0,0,0,0,0,0,0,0,0,0,0,0,0,0,low
6.491,26.165,5,16,0,0,0,0,1,74,0,0,0,0,0,0,0,0,0,0,0,0,0,0,0,0,medium
17.499,29.098,2,22,1,1,0,0,1,67,0,0,0,0,0,0,0,0,0,0,0,0,0,0,0,0,low
13.526,10.183,3,20,1,0,0,0,1,89,0,0,0,0,0,0,0,0,0,0,0,0,0,0,0,0,medium
79.329,69.052,16,43,9,1,1,0,0,266,1,1,0,0,0,1,1,1,1,1,0,1,1,0,1,1,medium
19.737,27.731,5,14,0,0,0,0,0,37,0,0,0,0,0,0,0,0,0,0,0,0,0,0,0,0,medium
98.247,57.722,32,37,9,1,1,0,0,433,1,1,1,1,1,0,1,1,1,1,1,1,0,1,0,1,high
19.589,25.909,4,5,0,0,0,0,1,6,0,0,0,0,0,0,0,0,0,0,0,0,0,0,0,0,low
23.362,20.434,3,3,2,1,0,0,0,93,0,0,0,0,1,0,0,0,0,0,0,0,0,0,0,0,low
20.728,1.485,4,28,0,0,0,0,1,86,0,0,0,0,0,0,0,0,0,0,0,0,0,0,0,0,low
21.057,22.961,1,19,1,0,0,0,1,19,0,0,0,0,1,0,0,0,0,0,0,0,0,0,0,0,medium
93.596,87.090,23,118,6,1,1,1,0,38,1,1,1,1,1,0,0,1,1,1,1,0,0,0,1,1,high
14.571,16.861,4,21,0,1,0,0,0,62,0,0,0,0,1,0,0,0,0,0,0,0,0,0,0,0,medium
10.933,4.570,1,1,1,1,0,0,0,46,0,0,0,0,0,0,0,0,0,0,0,0,0,0,0,0,medium
28.718,4.071,2,21,2,1,0,0,0,64,0,0,0,0,0,0,0,0,0,0,0,0,0,0,0,0,medium
62.015,77.059,43,64,7,1,1,0,0,341,1,1,1,1,0,1,1,1,1,1,0,0,0,1,1,1,high
17.138,11.021,5,21,1,0,0,0,0,43,0,0,0,0,0,0,0,0,0,0,0,0,0,0,0,0,low
22.199,18.123,2,12,2,0,0,0,1,55,0,0,0,0,0,0,0,0,0,0,0,0,0,0,0,0,low
20.469,4.507,5,12,1,0,0,0,0,21,0,0,0,0,1,0,0,0,0,0,0,0,0,0,0,0,medium
85.869,89.202,10,28,5,1,0,1,0,197,1,1,1,1,0,1,0,0,1,1,1,0,1,1,0,1,medium
22.883,12.092,1,12,2,0,0,0,1,12,0,0,0,0,0,0,0,0,0,0,0,0,0,0,0,0,low
90.197,78.090,50,95,10,1,1,1,0,459,1,1,1,0,0,1,1,0,1,1,1,0,1,0,1,1,high
15.896,16.606,3,30,0,0,0,0,0,69,0,0,0,0,1,0,0,0,0,0,0,0,0,0,0,0,medium
98.782,52.920,13,103,4,1,0,0,0,121,1,1,0,0,1,1,1,1,1,1,1,0,0,0,0,1,critical
26.814,8.573,4,0,1,0,0,0,0,18,0,0,0,0,0,0,0,0,0,0,0,0,0,0,0,0,medium
24.714,23.547,1,11,1,0,0,0,0,27,0,0,0,0,1,0,0,0,0,0,0,0,0,0,0,0,low
12.211,15.640,1,8,0,1,0,0,1,11,0,0,0,0,0,0,0,0,0,0,0,0,0,0,0,0,low
69.900,67.988,37,22,3,1,1,0,0,317,1,1,1,1,0,0,0,1,0,1,0,1,1,0,0,1,medium
70.855,77.703,34,127,1,1,1,0,0,23,1,1,0,1,1,0,1,1,1,1,1,0,1,1,1,1,critical
23.182,27.981,2,3,2,1,0,0,0,48,0,0,0,0,0,0,0,0,0,0,0,0,0,0,0,0,medium
25.613,1.188,4,29,1,1,0,0,1,19,0,0,0,0,0,0,0,0,0,0,0,0,0,0,0,0,medium
12.085,16.971,4,3,0,1,0,0,0,92,0,0,0,0,1,0,0,0,0,0,0,0,0,0,0,0,low
21.965,17.600,1,14,2,1,0,0,0,16,0,0,0,0,0,0,0,0,0,0,0,0,0,0,0,0,low
98.155,78.848,13,136,8,1,0,1,0,190,1,1,1,0,1,0,0,0,0,1,0,1,1,1,1,1,critical
15.132,14.388,2,2,1,1,0,0,1,28,0,0,0,0,1,0,0,0,0,0,0,0,0,0,0,0,medium
29.692,26.434,1,11,2,0,0,0,0,99,0,0,0,0,0,0,0,0,0,0,0,0,0,0,0,0,medium
22.165,8.757,2,16,1,0,0,0,0,80,0,0,0,0,1,0,0,0,0,0,0,0,0,0,0,0,medium
14.596,2.200,3,13,0,0,0,0,0,82,0,0,0,0,1,0,0,0,0,0,0,0,0,0,0,0,low
23.247,29.570,4,25,1,0,0,0,0,31,0,0,0,0,0,0,0,0,0,0,0,0,0,0,0,0,medium
51.353,87.214,31,176,2,1,1,0,0,27,1,1,1,1,0,0,0,0,1,1,0,0,0,0,0,1,medium
25.254,25.509,4,26,1,1,0,0,1,12,0,0,0,0,1,0,0,0,0,0,0,0,0,0,0,0,low
18.655,27.000,1,12,0,0,0,0,1,10,0,0,0,0,0,0,0,0,0,0,0,0,0,0,0,0,medium
50.538,65.105,32,143,4,1,0,0,0,56,1,1,1,1,0,1,1,1,0,1,0,1,0,1,1,1,high
73.038,53.780,13,34,9,1,0,1,0,375,1,1,0,0,1,1,1,1,0,1,1,1,0,1,0,1,high
18.308,12.863,5,27,0,1,0,0,1,86,0,0,0,0,0,0,0,0,0,0,0,0,0,0,0,0,medium
0.909,11.822,2,14,1,1,0,0,0,77,0,0,0,0,1,0,0,0,0,0,0,0,0,0,0,0,low
18.262,1.391,5,17,1,1,0,0,0,7,0,0,0,0,1,0,0,0,0,0,0,0,0,0,0,0,low
21.924,7.642,3,22,0,0,0,0,0,35,0,0,0,0,1,0,0,0,0,0,0,0,0,0,0,0,low
6.050,8.742,4,14,0,1,0,0,1,95,0,0,0,0,1,0,0,0,0,0,0,0,0,0,0,0,medium
23.536,20.016,2,24,1,0,0,0,0,67,0,0,0,0,1,0,0,0,0,0,0,0,0,0,0,0,medium
3.713,3.212,5,24,2,1,0,0,0,96,0,0,0,0,0,0,0,0,0,0,0,0,0,0,0,0,medium
12.889,19.172,3,1,0,1,0,0,0,24,0,0,0,0,1,0,0,0,0,0,0,0,0,0,0,0,low
70.576,57.944,30,198,2,1,1,1,0,326,1,1,1,0,0,0,1,1,1,1,0,1,1,0,1,1,high
6.657,23.180,2,9,0,1,0,0,0,99,0,0,0,0,1,0,0,0,0,0,0,0,0,0,0,0,medium
67.314,58.490,8,192,9,1,1,1,0,339,1,1,0,0,0,0,0,0,0,1,1,1,0,0,0,1,medium
21.945,18.823,3,20,1,1,0,0,0,54,0,0,0,0,1,0,0,0,0,0,0,0,0,0,0,0,low
24.802,13.901,2,9,0,1,0,0,0,63,0,0,0,0,0,0,0,0,0,0,0,0,0,0,0,0,low
20.833,6.561,3,13,2,0,0,0,0,24,0,0,0,0,0,0,0,0,0,0,0,0,0,0,0,0,medium
9.318,11.691,2,14,2,0,0,0,0,92,0,0,0,0,1,0,0,0,0,0,0,0,0,0,0,0,medium
79.646,69.116,46,100,3,1,0,1,0,405,1,1,0,1,1,0,1,1,1,1,1,1,1,0,1,1,medium
69.274,68.831,20,177,8,1,0,0,0,96,1,1,0,1,1,1,0,0,0,1,1,0,1,1,1,1,high
27.484,7.029,4,28,0,0,0,0,1,11,0,0,0,0,1,0,0,0,0,0,0,0,0,0,0,0,low
74.634,65.303,16,90,10,1,1,0,0,146,1,1,1,1,1,0,0,0,0,1,1,0,1,1,1,1,critical
85.836,55.585,11,112,6,1,1,1,0,380,1,1,1,1,1,1,0,0,0,1,1,1,0,0,0,1,medium
28.293,25.636,1,1,2,1,0,0,0,89,0,0,0,0,0,0,0,0,0,0,0,0,0,0,0,0,medium
0.359,1.479,4,3,2,1,0,0,1,10,0,0,0,0,1,0,0,0,0,0,0,0,0,0,0,0,low
16.340,5.822,5,8,1,1,0,0,1,52,0,0,0,0,1,0,0,0,0,0,0,0,0,0,0,0,low
68.964,82.789,39,103,5,1,0,0,0,92,1,1,1,1,1,1,1,0,0,1,0,1,0,1,1,1,medium
22.739,7.586,1,28,0,0,0,0,1,54,0,0,0,0,1,0,0,0,0,0,0,0,0,0,0,0,medium
29.027,28.093,1,22,2,0,0,0,0,25,0,0,0,0,0,0,0,0,0,0,0,0,0,0,0,0,medium
26.785,11.631,4,19,2,1,0,0,0,93,0,0,0,0,0,0,0,0,0,0,0,0,0,0,0,0,low
26.045,16.190,2,5,1,1,0,0,0,85,0,0,0,0,1,0,0,0,0,0,0,0,0,0,0,0,low
18.965,9.149,2,21,2,1,0,0,0,24,0,0,0,0,0,0,0,0,0,0,0,0,0,0,0,0,low
21.378,1.147,4,16,2,0,0,0,0,65,0,0,0,0,1,0,0,0,0,0,0,0,0,0,0,0,medium
7.094,24.670,4,16,1,1,0,0,0,39,0,0,0,0,1,0,0,0,0,0,0,0,0,0,0,0,low
85.808,68.817,45,155,4,1,0,0,0,258,1,1,1,1,0,1,0,1,0,1,1,1,0,1,0,1,critical
27.512,29.372,3,29,1,1,0,0,1,43,0,0,0,0,0,0,0,0,0,0,0,0,0,0,0,0,medium
16.591,2.496,1,7,0,1,0,0,1,66,0,0,0,0,0,0,0,0,0,0,0,0,0,0,0,0,medium
21.907,29.135,4,3,2,1,0,0,1,27,0,0,0,0,0,0,0,0,0,0,0,0,0,0,0,0,medium
20.712,7.652,5,25,1,1,0,0,1,50,0,0,0,0,0,0,0,0,0,0,0,0,0,0,0,0,low
69.339,51.153,22,43,7,1,1,1,0,46,1,1,0,0,1,0,1,1,0,1,0,1,0,0,1,1,high
17.212,20.410,2,17,0,0,0,0,0,55,0,0,0,0,0,0,0,0,0,0,0,0,0,0,0,0,low
19.019,26.123,1,10,2,1,0,0,0,31,0,0,0,0,0,0,0,0,0,0,0,0,0,0,0,0,medium
0.446,28.919,3,24,1,1,0,0,1,64,0,0,0,0,1,0,0,0,0,0,0,0,0,0,0,0,medium
7.034,15.304,2,0,2,0,0,0,0,19,0,0,0,0,0,0,0,0,0,0,0,0,0,0,0,0,low
55.893,97.499,45,78,2,1,0,1,0,205,1,1,1,1,1,1,1,0,1,1,0,0,1,0,1,1,medium
0.069,9.536,5,9,0,0,0,0,0,45,0,0,0,0,1,0,0,0,0,0,0,0,0,0,0,0,low
85.513,75.599,43,10,10,1,0,0,0,305,1,1,0,1,1,1,0,0,1,1,1,0,1,1,1,1,medium
2.716,13.230,1,8,2,0,0,0,0,11,0,0,0,0,1,0,0,0,0,0,0,0,0,0,0,0,medium
25.241,13.873,1,7,1,1,0,0,0,65,0,0,0,0,0,0,0,0,0,0,0,0,0,0,0,0,low
17.828,5.670,4,3,0,1,0,0,0,24,0,0,0,0,1,0,0,0,0,0,0,0,0,0,0,0,medium
13.723,10.235,5,17,2,1,0,0,1,43,0,0,0,0,0,0,0,0,0,0,0,0,0,0,0,0,low
19.865,22.969,5,8,2,0,0,0,0,46,0,0,0,0,0,0,0,0,0,0,0,0,0,0,0,0,low
24.990,18.344,2,29,0,1,0,0,1,80,0,0,0,0,0,0,0,0,0,0,0,0,0,0,0,0,low
2.864,2.477,2,6,1,0,0,0,1,76,0,0,0,0,0,0,0,0,0,0,0,0,0,0,0,0,low
12.716,20.048,4,8,2,1,0,0,0,59,0,0,0,0,0,0,0,0,0,0,0,0,0,0,0,0,low
10.486,15.750,4,11,2,1,0,0,1,37,0,0,0,0,0,0,0,0,0,0,0,0,0,0,0,0,medium
68.067,82.051,38,197,5,1,0,1,0,478,1,1,1,1,1,1,0,1,1,1,0,0,0,1,1,1,critical
10.466,4.041,5,24,0,0,0,0,0,27,0,0,0,0,1,0,0,0,0,0,0,0,0,0,0,0,medium
4.109,24.160,2,6,1,1,0,0,1,89,0,0,0,0,0,0,0,0,0,0,0,0,0,0,0,0,medium
27.566,6.764,1,25,0,1,0,0,0,86,0,0,0,0,0,0,0,0,0,0,0,0,0,0,0,0,medium
65.247,66.894,49,103,4,1,0,0,0,132,1,1,1,1,1,1,0,0,0,1,1,0,1,1,1,1,critical
26.291,23.516,1,21,2,1,0,0,0,64,0,0,0,0,1,0,0,0,0,0,0,0,0,0,0,0,medium
7.061,15.041,2,1,1,1,0,0,1,86,0,0,0,0,1,0,0,0,0,0,0,0,0,0,0,0,medium
66.919,56.636,35,143,9,1,1,0,0,318,1,1,0,1,1,1,1,1,0,1,1,1,0,0,0,1,medium
19.552,26.149,4,16,0,0,0,0,0,89,0,0,0,0,0,0,0,0,0,0,0,0,0,0,0,0,low
56.032,69.556,40,49,2,1,1,1,0,169,1,1,1,1,0,0,0,1,0,1,0,1,0,1,0,1,high
16.343,24.884,5,8,0,0,0,0,0,42,0,0,0,0,1,0,0,0,0,0,0,0,0,0,0,0,medium
82.018,88.663,7,190,2,1,1,0,0,70,1,1,1,1,1,0,0,1,0,1,1,1,1,1,1,1,critical
65.174,72.605,34,157,2,1,1,1,0,166,1,1,0,0,0,1,0,1,1,1,0,0,0,1,0,1,high
7.273,25.833,2,6,0,0,0,0,1,72,0,0,0,0,0,0,0,0,0,0,0,0,0,0,0,0,low
68.797,67.542,26,148,5,1,1,1,0,278,1,1,1,0,0,1,1,1,0,1,0,1,0,0,0,1,critical
12.806,15.313,1,7,2,0,0,0,1,43,0,0,0,0,0,0,0,0,0,0,0,0,0,0,0,0,medium
19.286,19.239,1,10,0,0,0,0,1,59,0,0,0,0,1,0,0,0,0,0,0,0,0,0,0,0,low
51.172,74.222,17,174,2,1,0,1,0,97,1,1,1,1,1,0,0,1,0,1,1,0,0,1,0,1,high
89.584,73.340,12,93,3,1,1,1,0,97,1,1,1,1,0,0,1,0,1,1,1,1,0,1,1,1,high
25.658,11.257,3,12,1,1,0,0,0,60,0,0,0,0,0,0,0,0,0,0,0,0,0,0,0,0,low
93.698,97.967,30,192,2,1,1,1,0,496,1,1,1,1,0,0,0,1,0,1,1,0,1,0,0,1,medium
20.620,4.663,2,0,1,1,0,0,0,58,0,0,0,0,0,0,0,0,0,0,0,0,0,0,0,0,low
68.191,73.406,9,17,8,1,0,1,0,469,1,1,1,1,0,1,0,0,0,1,1,1,1,1,1,1,critical
93.680,82.107,28,139,7,1,0,0,0,482,1,1,0,0,1,1,0,1,0,1,0,0,1,0,0,1,medium
16.889,23.207,4,27,1,1,0,0,1,51,0,0,0,0,1,0,0,0,0,0,0,0,0,0,0,0,medium
2.299,16.522,1,1,2,1,0,0,1,6,0,0,0,0,0,0,0,0,0,0,0,0,0,0,0,0,medium
29.166,18.301,5,11,2,1,0,0,1,92,0,0,0,0,0,0,0,0,0,0,0,0,0,0,0,0,medium
65.878,58.265,13,19,1,1,0,0,0,341,1,1,0,0,1,1,0,0,0,1,0,1,0,0,0,1,high
88.610,56.564,48,167,9,1,1,1,0,478,1,1,0,1,1,0,1,0,0,1,1,1,1,0,1,1,critical
15.250,15.162,3,12,1,1,0,0,1,20,0,0,0,0,1,0,0,0,0,0,0,0,0,0,0,0,medium
26.645,15.301,4,25,0,1,0,0,0,5,0,0,0,0,0,0,0,0,0,0,0,0,0,0,0,0,medium
27.962,6.429,5,23,0,0,0,0,0,32,0,0,0,0,0,0,0,0,0,0,0,0,0,0,0,0,low
14.524,12.642,4,7,2,1,0,0,1,74,0,0,0,0,1,0,0,0,0,0,0,0,0,0,0,0,low
11.007,9.425,4,30,2,1,0,0,1,84,0,0,0,0,0,0,0,0,0,0,0,0,0,0,0,0,medium
11.691,28.253,5,26,1,0,0,0,1,14,0,0,0,0,0,0,0,0,0,0,0,0,0,0,0,0,low
5.850,8.113,1,26,1,0,0,0,1,89,0,0,0,0,1,0,0,0,0,0,0,0,0,0,0,0,medium
77.682,91.602,37,143,4,1,0,0,0,66,1,1,0,0,1,0,1,1,1,1,1,0,0,1,1,1,critical
13.049,15.499,3,27,2,0,0,0,0,54,0,0,0,0,1,0,0,0,0,0,0,0,0,0,0,0,medium
14.732,29.680,5,29,0,0,0,0,1,10,0,0,0,0,0,0,0,0,0,0,0,0,0,0,0,0,low
15.884,13.732,4,22,2,1,0,0,1,59,0,0,0,0,1,0,0,0,0,0,0,0,0,0,0,0,low
7.147,12.227,2,29,1,1,0,0,1,96,0,0,0,0,1,0,0,0,0,0,0,0,0,0,0,0,medium
21.728,12.508,2,20,1,0,0,0,1,43,0,0,0,0,1,0,0,0,0,0,0,0,0,0,0,0,medium
0.950,3.088,1,12,1,1,0,0,0,58,0,0,0,0,1,0,0,0,0,0,0,0,0,0,0,0,medium
16.245,8.953,3,22,2,0,0,0,1,68,0,0,0,0,1,0,0,0,0,0,0,0,0,0,0,0,medium
22.987,3.026,1,24,2,0,0,0,1,94,0,0,0,0,1,0,0,0,0,0,0,0,0,0,0,0,low
81.859,55.620,20,23,5,1,0,0,0,336,1,1,0,0,1,1,0,1,1,1,0,1,0,1,1,1,critical
3.711,11.462,4,27,1,0,0,0,1,91,0,0,0,0,0,0,0,0,0,0,0,0,0,0,0,0,medium
27.080,22.724,5,11,0,1,0,0,1,36,0,0,0,0,1,0,0,0,0,0,0,0,0,0,0,0,low
27.708,21.505,3,26,0,0,0,0,1,49,0,0,0,0,0,0,0,0,0,0,0,0,0,0,0,0,medium
3.166,6.868,5,26,1,0,0,0,1,83,0,0,0,0,1,0,0,0,0,0,0,0,0,0,0,0,medium
24.381,22.374,4,23,0,1,0,0,0,30,0,0,0,0,0,0,0,0,0,0,0,0,0,0,0,0,medium
24.692,4.810,1,20,1,1,0,0,1,60,0,0,0,0,1,0,0,0,0,0,0,0,0,0,0,0,medium
1.039,14.781,4,28,1,1,0,0,0,56,0,0,0,0,0,0,0,0,0,0,0,0,0,0,0,0,low
6.534,2.411,2,8,1,0,0,0,0,29,0,0,0,0,1,0,0,0,0,0,0,0,0,0,0,0,low
74.603,52.463,15,191,1,1,1,0,0,295,1,1,1,0,1,1,1,0,1,1,1,1,0,1,1,1,high
85.010,75.338,6,63,2,1,1,1,0,142,1,1,1,0,0,1,0,0,1,1,0,0,1,1,0,1,critical
10.017,25.139,3,4,1,0,0,0,0,53,0,0,0,0,1,0,0,0,0,0,0,0,0,0,0,0,low
59.428,54.457,19,12,3,1,0,0,0,221,1,1,0,1,0,0,1,1,0,1,0,1,1,1,1,1,medium
10.286,27.872,5,25,2,1,0,0,0,83,0,0,0,0,0,0,0,0,0,0,0,0,0,0,0,0,medium
95.300,82.526,28,135,1,1,0,1,0,219,1,1,1,1,1,0,1,0,0,1,1,0,0,0,0,1,high
3.130,9.581,1,17,1,1,0,0,1,44,0,0,0,0,1,0,0,0,0,0,0,0,0,0,0,0,medium
21.309,13.313,3,0,1,0,0,0,1,65,0,0,0,0,0,0,0,0,0,0,0,0,0,0,0,0,medium
24.375,11.956,2,9,1,1,0,0,0,29,0,0,0,0,1,0,0,0,0,0,0,0,0,0,0,0,low
15.411,13.649,3,25,2,0,0,0,0,31,0,0,0,0,0,0,0,0,0,0,0,0,0,0,0,0,medium
87.582,89.941,23,62,6,1,0,1,0,430,1,1,0,1,1,0,1,1,0,1,1,0,1,0,0,1,medium
5.326,29.911,2,24,2,1,0,0,1,12,0,0,0,0,1,0,0,0,0,0,0,0,0,0,0,0,medium
1.368,0.424,2,27,1,1,0,0,0,39,0,0,0,0,0,0,0,0,0,0,0,0,0,0,0,0,medium
0.940,25.446,1,7,2,0,0,0,0,5,0,0,0,0,0,0,0,0,0,0,0,0,0,0,0,0,low
2.514,1.517,1,8,0,1,0,0,0,58,0,0,0,0,1,0,0,0,0,0,0,0,0,0,0,0,medium
10.318,10.278,3,18,1,0,0,0,1,74,0,0,0,0,0,0,0,0,0,0,0,0,0,0,0,0,medium
75.213,58.089,43,120,2,1,0,0,0,424,1,1,0,0,1,1,0,1,1,1,1,0,1,1,1,1,medium
28.709,2.911,4,20,2,0,0,0,1,61,0,0,0,0,1,0,0,0,0,0,0,0,0,0,0,0,low
5.732,1.407,4,12,2,0,0,0,0,39,0,0,0,0,1,0,0,0,0,0,0,0,0,0,0,0,low
51.925,98.037,17,55,9,1,1,0,0,389,1,1,1,0,1,0,0,1,0,1,1,1,1,1,1,1,critical
54.668,88.359,21,145,5,1,1,0,0,130,1,1,1,1,1,0,0,0,0,1,0,0,1,0,0,1,critical
3.228,11.386,3,10,0,1,0,0,0,49,0,0,0,0,1,0,0,0,0,0,0,0,0,0,0,0,medium
12.356,2.074,5,4,0,1,0,0,1,90,0,0,0,0,0,0,0,0,0,0,0,0,0,0,0,0,medium
75.062,80.406,14,160,5,1,0,0,0,411,1,1,1,0,1,1,1,1,0,1,1,1,1,1,1,1,medium
0.150,15.447,2,20,1,0,0,0,0,45,0,0,0,0,1,0,0,0,0,0,0,0,0,0,0,0,low
25.570,27.258,5,28,0,0,0,0,1,17,0,0,0,0,1,0,0,0,0,0,0,0,0,0,0,0,low
18.017,22.470,3,14,2,1,0,0,1,98,0,0,0,0,0,0,0,0,0,0,0,0,0,0,0,0,medium
97.402,89.884,40,182,2,1,1,0,0,362,1,1,0,0,1,0,0,0,1,1,1,1,0,1,0,1,critical
15.781,1.172,1,3,0,0,0,0,1,19,0,0,0,0,1,0,0,0,0,0,0,0,0,0,0,0,medium
27.631,21.410,4,28,1,1,0,0,1,92,0,0,0,0,0,0,0,0,0,0,0,0,0,0,0,0,medium
29.365,24.308,2,29,1,0,0,0,1,31,0,0,0,0,0,0,0,0,0,0,0,0,0,0,0,0,low
10.199,19.486,4,12,2,0,0,0,0,57,0,0,0,0,0,0,0,0,0,0,0,0,0,0,0,0,low
18.108,10.069,4,8,2,1,0,0,1,14,0,0,0,0,1,0,0,0,0,0,0,0,0,0,0,0,medium
58.575,54.219,23,124,10,1,1,1,0,70,1,1,1,0,1,1,1,1,1,1,0,0,1,0,0,1,critical
28.268,19.591,2,22,2,0,0,0,0,41,0,0,0,0,1,0,0,0,0,0,0,0,0,0,0,0,low
10.636,23.393,1,7,0,0,0,0,0,56,0,0,0,0,0,0,0,0,0,0,0,0,0,0,0,0,low
2.057,26.844,1,14,0,1,0,0,0,98,0,0,0,0,1,0,0,0,0,0,0,0,0,0,0,0,low
2.622,25.112,3,11,2,0,0,0,0,69,0,0,0,0,0,0,0,0,0,0,0,0,0,0,0,0,low
21.779,15.613,2,24,1,1,0,0,1,59,0,0,0,0,1,0,0,0,0,0,0,0,0,0,0,0,low
15.606,8.746,2,15,1,0,0,0,0,83,0,0,0,0,1,0,0,0,0,0,0,0,0,0,0,0,low
9.596,9.139,4,9,2,1,0,0,0,45,0,0,0,0,0,0,0,0,0,0,0,0,0,0,0,0,low
9.269,9.548,4,24,2,0,0,0,0,20,0,0,0,0,0,0,0,0,0,0,0,0,0,0,0,0,medium
94.445,83.106,36,14,5,1,0,1,0,37,1,1,1,1,0,0,0,0,0,1,0,1,0,0,1,1,medium
56.853,63.140,19,187,8,1,0,0,0,281,1,1,1,0,0,1,1,0,1,1,0,1,0,0,0,1,high
91.392,89.898,19,16,2,1,1,0,0,159,1,1,0,1,0,0,1,1,0,1,0,1,0,1,1,1,high
58.609,89.872,6,18,7,1,1,0,0,162,1,1,0,0,1,1,1,0,1,1,0,0,0,1,0,1,critical
14.194,29.392,3,10,1,1,0,0,1,48,0,0,0,0,1,0,0,0,0,0,0,0,0,0,0,0,low
0.298,23.103,5,2,1,0,0,0,1,36,0,0,0,0,0,0,0,0,0,0,0,0,0,0,0,0,low
91.843,63.778,8,32,3,1,0,1,0,450,1,1,1,1,0,0,1,0,0,1,0,0,1,0,0,1,medium
6.040,5.500,3,22,1,0,0,0,1,43,0,0,0,0,1,0,0,0,0,0,0,0,0,0,0,0,low
94.536,60.318,49,126,7,1,0,0,0,375,1,1,1,0,1,1,0,1,0,1,1,1,0,0,0,1,high
8.447,19.943,2,5,2,0,0,0,1,45,0,0,0,0,1,0,0,0,0,0,0,0,0,0,0,0,medium
12.308,10.006,3,26,0,1,0,0,1,36,0,0,0,0,1,0,0,0,0,0,0,0,0,0,0,0,low
16.191,21.753,3,0,1,0,0,0,1,43,0,0,0,0,1,0,0,0,0,0,0,0,0,0,0,0,medium
14.491,19.539,2,15,0,0,0,0,1,87,0,0,0,0,0,0,0,0,0,0,0,0,0,0,0,0,low
8.995,9.708,5,25,0,1,0,0,0,95,0,0,0,0,0,0,0,0,0,0,0,0,0,0,0,0,medium
13.468,23.842,5,19,0,0,0,0,1,14,0,0,0,0,1,0,0,0,0,0,0,0,0,0,0,0,low
25.562,10.021,3,24,0,0,0,0,1,98,0,0,0,0,0,0,0,0,0,0,0,0,0,0,0,0,low
64.531,52.014,11,88,4,1,0,1,0,21,1,1,0,0,1,0,0,0,1,1,0,0,0,0,1,1,high
9.226,28.217,1,11,2,0,0,0,0,12,0,0,0,0,1,0,0,0,0,0,0,0,0,0,0,0,low
95.967,85.277,42,55,2,1,0,0,0,54,1,1,1,1,1,1,1,0,0,1,0,0,0,1,0,1,high
3.310,4.620,5,25,2,1,0,0,0,60,0,0,0,0,1,0,0,0,0,0,0,0,0,0,0,0,low
29.891,27.060,1,9,2,1,0,0,0,61,0,0,0,0,0,0,0,0,0,0,0,0,0,0,0,0,low
86.248,59.522,44,34,4,1,0,0,0,52,1,1,0,0,0,1,0,1,0,1,0,1,1,1,1,1,critical
27.109,6.545,1,28,0,1,0,0,1,6,0,0,0,0,0,0,0,0,0,0,0,0,0,0,0,0,low
0.376,4.527,4,21,0,0,0,0,0,85,0,0,0,0,0,0,0,0,0,0,0,0,0,0,0,0,medium
77.904,55.089,16,39,1,1,0,1,0,492,1,1,1,0,0,1,0,1,1,1,1,0,1,0,0,1,critical
52.952,77.131,11,181,6,1,0,1,0,330,1,1,1,0,0,1,0,0,1,1,1,1,1,0,0,1,medium
56.842,65.142,14,180,9,1,1,1,0,104,1,1,1,1,1,1,1,1,0,1,0,0,0,0,0,1,medium
22.007,1.591,3,6,1,1,0,0,0,70,0,0,0,0,1,0,0,0,0,0,0,0,0,0,0,0,low
6.531,6.312,4,1,0,0,0,0,0,38,0,0,0,0,1,0,0,0,0,0,0,0,0,0,0,0,medium
58.406,72.306,40,38,7,1,1,0,0,454,1,1,1,1,1,1,0,1,1,1,0,0,0,1,0,1,critical
27.365,29.957,4,8,0,1,0,0,0,79,0,0,0,0,0,0,0,0,0,0,0,0,0,0,0,0,medium
55.914,56.778,26,190,4,1,0,0,0,129,1,1,1,0,1,1,0,0,0,1,1,1,0,1,0,1,high
24.039,7.283,4,0,0,1,0,0,1,80,0,0,0,0,0,0,0,0,0,0,0,0,0,0,0,0,medium
9.898,11.176,3,0,2,0,0,0,1,86,0,0,0,0,1,0,0,0,0,0,0,0,0,0,0,0,low
52.261,62.939,27,138,9,1,1,1,0,375,1,1,1,1,1,1,0,0,1,1,0,0,1,1,1,1,critical
93.074,73.531,20,94,5,1,1,0,0,94,1,1,0,0,1,0,1,0,1,1,1,1,1,1,1,1,critical
69.327,93.652,25,22,4,1,0,1,0,65,1,1,1,0,1,1,1,1,1,1,0,0,1,0,1,1,medium
0.975,2.421,2,30,1,1,0,0,1,63,0,0,0,0,0,0,0,0,0,0,0,0,0,0,0,0,medium
82.090,97.438,28,170,6,1,0,1,0,67,1,1,0,0,1,1,1,0,1,1,0,1,1,1,1,1,medium
28.718,27.642,1,29,2,0,0,0,0,73,0,0,0,0,0,0,0,0,0,0,0,0,0,0,0,0,low
21.163,27.728,3,26,1,0,0,0,0,93,0,0,0,0,1,0,0,0,0,0,0,0,0,0,0,0,medium
97.467,96.302,39,147,3,1,0,0,0,359,1,1,0,0,0,1,1,1,1,1,0,1,1,0,0,1,critical
17.257,25.478,5,16,2,1,0,0,0,14,0,0,0,0,1,0,0,0,0,0,0,0,0,0,0,0,low
18.920,22.560,4,21,0,1,0,0,0,99,0,0,0,0,1,0,0,0,0,0,0,0,0,0,0,0,low
79.947,70.273,34,146,2,1,0,0,0,446,1,1,0,0,1,0,1,1,1,1,0,0,0,1,1,1,high
19.105,21.303,1,8,0,1,0,0,1,65,0,0,0,0,1,0,0,0,0,0,0,0,0,0,0,0,medium
24.599,28.490,3,14,2,1,0,0,1,9,0,0,0,0,0,0,0,0,0,0,0,0,0,0,0,0,low
12.351,25.771,5,28,2,1,0,0,1,57,0,0,0,0,0,0,0,0,0,0,0,0,0,0,0,0,medium
20.986,29.372,3,28,0,0,0,0,0,30,0,0,0,0,0,0,0,0,0,0,0,0,0,0,0,0,low
0.639,15.306,2,21,2,1,0,0,0,19,0,0,0,0,0,0,0,0,0,0,0,0,0,0,0,0,low
15.082,9.598,2,22,2,0,0,0,0,25,0,0,0,0,1,0,0,0,0,0,0,0,0,0,0,0,medium
4.257,23.221,3,6,0,1,0,0,0,76,0,0,0,0,1,0,0,0,0,0,0,0,0,0,0,0,low
7.724,18.954,1,20,0,0,0,0,1,92,0,0,0,0,0,0,0,0,0,0,0,0,0,0,0,0,low
12.863,1.877,1,5,0,1,0,0,0,92,0,0,0,0,1,0,0,0,0,0,0,0,0,0,0,0,medium
24.583,8.897,3,16,2,1,0,0,0,14,0,0,0,0,0,0,0,0,0,0,0,0,0,0,0,0,low
13.039,17.316,5,6,2,0,0,0,1,97,0,0,0,0,1,0,0,0,0,0,0,0,0,0,0,0,low
91.932,54.454,20,51,4,1,1,1,0,24,1,1,1,1,0,0,0,1,1,1,1,1,0,1,0,1,high
13.151,7.093,2,3,1,0,0,0,0,35,0,0,0,0,1,0,0,0,0,0,0,0,0,0,0,0,low
14.783,5.674,5,21,2,0,0,0,1,34,0,0,0,0,1,0,0,0,0,0,0,0,0,0,0,0,low
10.544,6.608,5,3,0,1,0,0,1,30,0,0,0,0,1,0,0,0,0,0,0,0,0,0,0,0,medium
50.253,82.511,6,71,6,1,0,1,0,274,1,1,1,0,1,0,1,1,1,1,1,1,0,0,1,1,medium
56.837,70.070,25,84,2,1,1,0,0,206,1,1,1,1,1,0,1,0,1,1,0,1,1,1,1,1,high
20.773,19.367,5,29,2,1,0,0,0,27,0,0,0,0,0,0,0,0,0,0,0,0,0,0,0,0,low
71.687,77.197,37,141,6,1,0,0,0,36,1,1,0,1,1,0,1,0,1,1,0,1,0,0,1,1,medium
90.911,80.735,29,12,9,1,1,0,0,395,1,1,0,0,0,1,0,0,0,1,1,0,1,1,1,1,critical
80.240,61.311,7,90,2,1,1,0,0,267,1,1,0,1,0,1,0,0,1,1,1,1,0,1,0,1,high
98.624,61.944,34,67,5,1,0,1,0,306,1,1,1,1,1,1,0,0,0,1,0,1,0,1,1,1,critical
89.275,74.256,42,123,4,1,1,0,0,143,1,1,0,1,1,0,1,0,0,1,0,1,0,0,1,1,medium
14.847,8.201,3,20,2,1,0,0,0,33,0,0,0,0,1,0,0,0,0,0,0,0,0,0,0,0,low
69.237,74.289,24,161,8,1,1,0,0,117,1,1,0,0,1,1,0,0,0,1,0,0,1,0,1,1,medium
19.447,12.655,1,22,1,0,0,0,1,25,0,0,0,0,1,0,0,0,0,0,0,0,0,0,0,0,low
24.777,16.228,4,21,0,1,0,0,1,37,0,0,0,0,0,0,0,0,0,0,0,0,0,0,0,0,medium
7.384,23.314,5,13,2,0,0,0,1,49,0,0,0,0,1,0,0,0,0,0,0,0,0,0,0,0,medium
28.862,7.929,2,16,2,1,0,0,0,39,0,0,0,0,1,0,0,0,0,0,0,0,0,0,0,0,low
1.585,5.416,4,21,1,0,0,0,0,23,0,0,0,0,0,0,0,0,0,0,0,0,0,0,0,0,medium
66.870,53.114,25,112,4,1,1,0,0,68,1,1,0,1,0,1,1,0,0,1,1,0,1,1,1,1,critical
14.221,29.205,3,23,1,0,0,0,1,54,0,0,0,0,0,0,0,0,0,0,0,0,0,0,0,0,low
79.644,56.349,28,94,3,1,1,0,0,156,1,1,1,0,0,0,0,1,1,1,0,0,1,1,0,1,critical
5.736,17.689,4,1,2,1,0,0,0,91,0,0,0,0,1,0,0,0,0,0,0,0,0,0,0,0,medium
91.684,51.627,15,178,8,1,0,1,0,207,1,1,1,1,0,0,1,0,0,1,0,0,0,1,0,1,critical
15.299,9.745,4,2,1,1,0,0,1,6,0,0,0,0,1,0,0,0,0,0,0,0,0,0,0,0,low
24.952,11.902,2,8,1,0,0,0,0,30,0,0,0,0,1,0,0,0,0,0,0,0,0,0,0,0,medium
29.309,5.245,4,7,2,0,0,0,0,51,0,0,0,0,1,0,0,0,0,0,0,0,0,0,0,0,medium
22.728,11.501,4,30,2,0,0,0,0,88,0,0,0,0,0,0,0,0,0,0,0,0,0,0,0,0,medium
63.982,91.651,24,150,6,1,0,0,0,415,1,1,1,0,0,1,0,1,0,1,0,1,1,0,0,1,high
65.092,51.641,12,20,4,1,0,1,0,472,1,1,1,1,0,1,1,0,0,1,1,1,0,1,1,1,medium
81.379,60.209,18,151,3,1,0,0,0,407,1,1,1,0,1,1,1,0,1,1,0,0,1,1,1,1,high
86.893,54.187,9,152,7,1,0,0,0,306,1,1,0,1,1,1,0,0,1,1,0,0,0,0,0,1,high
20.066,5.324,1,25,2,0,0,0,1,59,0,0,0,0,0,0,0,0,0,0,0,0,0,0,0,0,medium
90.424,73.362,47,131,5,1,0,1,0,74,1,1,1,0,0,1,0,1,1,1,1,1,0,1,0,1,medium
22.137,26.589,1,18,1,0,0,0,0,16,0,0,0,0,0,0,0,0,0,0,0,0,0,0,0,0,medium
85.619,84.712,15,84,6,1,0,0,0,353,1,1,0,0,1,0,1,0,1,1,1,0,1,0,1,1,medium
25.696,25.598,4,25,1,1,0,0,1,87,0,0,0,0,1,0,0,0,0,0,0,0,0,0,0,0,medium
26.420,6.071,4,5,1,0,0,0,0,56,0,0,0,0,1,0,0,0,0,0,0,0,0,0,0,0,low
8.792,3.768,1,30,1,1,0,0,1,90,0,0,0,0,0,0,0,0,0,0,0,0,0,0,0,0,low
21.247,21.738,5,7,2,0,0,0,0,26,0,0,0,0,0,0,0,0,0,0,0,0,0,0,0,0,low
4.939,0.264,3,16,1,1,0,0,1,13,0,0,0,0,1,0,0,0,0,0,0,0,0,0,0,0,medium
29.276,17.662,4,6,1,0,0,0,1,44,0,0,0,0,0,0,0,0,0,0,0,0,0,0,0,0,low
12.450,5.652,4,0,1,1,0,0,1,89,0,0,0,0,1,0,0,0,0,0,0,0,0,0,0,0,low
18.507,24.433,5,8,0,0,0,0,1,86,0,0,0,0,1,0,0,0,0,0,0,0,0,0,0,0,low
4.801,25.514,1,23,1,1,0,0,1,41,0,0,0,0,1,0,0,0,0,0,0,0,0,0,0,0,medium
27.819,6.512,1,9,0,0,0,0,1,9,0,0,0,0,1,0,0,0,0,0,0,0,0,0,0,0,medium
5.683,6.143,5,9,2,1,0,0,1,43,0,0,0,0,1,0,0,0,0,0,0,0,0,0,0,0,medium
75.584,69.283,36,143,7,1,0,1,0,254,1,1,1,1,1,0,1,0,1,1,0,0,0,1,1,1,high
51.100,82.289,5,71,8,1,0,1,0,314,1,1,0,1,0,0,0,0,1,1,0,1,1,0,0,1,medium
19.059,1.866,3,16,1,1,0,0,0,53,0,0,0,0,0,0,0,0,0,0,0,0,0,0,0,0,low
4.901,2.299,1,29,1,0,0,0,1,26,0,0,0,0,1,0,0,0,0,0,0,0,0,0,0,0,medium
50.979,66.418,45,160,2,1,0,1,0,383,1,1,1,0,1,0,0,1,1,1,0,0,0,0,1,1,critical
5.539,14.049,5,26,1,0,0,0,0,20,0,0,0,0,1,0,0,0,0,0,0,0,0,0,0,0,low
88.126,77.936,47,22,1,1,1,1,0,254,1,1,0,0,1,0,1,0,1,1,1,1,0,0,1,1,medium
72.097,62.759,35,37,3,1,0,1,0,375,1,1,1,1,1,0,0,1,0,1,0,1,0,1,1,1,critical
22.437,3.869,5,22,2,0,0,0,0,10,0,0,0,0,1,0,0,0,0,0,0,0,0,0,0,0,medium
9.941,18.267,1,8,2,1,0,0,0,17,0,0,0,0,1,0,0,0,0,0,0,0,0,0,0,0,medium
16.230,21.164,4,15,1,1,0,0,0,43,0,0,0,0,1,0,0,0,0,0,0,0,0,0,0,0,medium
98.402,67.528,31,166,8,1,0,1,0,44,1,1,1,1,0,1,1,0,1,1,1,1,1,1,1,1,high
8.537,1.388,3,19,0,0,0,0,0,42,0,0,0,0,0,0,0,0,0,0,0,0,0,0,0,0,medium
0.464,23.615,3,0,1,1,0,0,0,61,0,0,0,0,1,0,0,0,0,0,0,0,0,0,0,0,medium
97.022,70.715,40,164,10,1,1,0,0,332,1,1,1,1,1,0,0,0,0,1,0,1,0,0,1,1,critical
9.595,25.875,4,22,2,1,0,0,0,100,0,0,0,0,1,0,0,0,0,0,0,0,0,0,0,0,low
85.605,73.269,35,129,2,1,1,0,0,484,1,1,0,0,1,0,0,0,0,1,0,0,0,1,1,1,critical
88.959,53.003,14,52,9,1,1,0,0,169,1,1,0,0,1,0,1,1,0,1,0,1,1,1,0,1,critical
28.460,19.643,4,0,0,1,0,0,1,79,0,0,0,0,1,0,0,0,0,0,0,0,0,0,0,0,low
28.167,2.954,1,28,2,1,0,0,1,97,0,0,0,0,1,0,0,0,0,0,0,0,0,0,0,0,medium
3.955,8.449,4,12,1,1,0,0,0,73,0,0,0,0,1,0,0,0,0,0,0,0,0,0,0,0,medium
10.599,15.941,2,28,2,1,0,0,0,100,0,0,0,0,1,0,0,0,0,0,0,0,0,0,0,0,medium
74.059,97.068,48,151,9,1,0,0,0,172,1,1,0,0,1,0,0,1,0,1,1,1,0,0,0,1,high
70.427,90.643,10,169,9,1,0,1,0,25,1,1,1,0,1,1,1,0,1,1,1,0,1,0,1,1,critical
20.411,27.825,5,2,2,0,0,0,0,58,0,0,0,0,0,0,0,0,0,0,0,0,0,0,0,0,low
67.192,74.378,42,47,7,1,0,0,0,492,1,1,0,0,0,0,0,0,0,1,1,1,1,0,1,1,medium
91.767,85.309,23,39,8,1,1,1,0,417,1,1,0,0,1,0,0,1,0,1,1,0,0,0,0,1,medium
56.403,56.594,36,17,10,1,0,1,0,488,1,1,0,0,0,1,0,1,0,1,1,0,1,0,1,1,high
21.846,18.836,5,25,0,1,0,0,1,56,0,0,0,0,1,0,0,0,0,0,0,0,0,0,0,0,medium
11.442,23.149,2,15,2,0,0,0,0,55,0,0,0,0,1,0,0,0,0,0,0,0,0,0,0,0,medium
5.729,1.119,3,1,2,0,0,0,1,41,0,0,0,0,0,0,0,0,0,0,0,0,0,0,0,0,low
82.988,63.879,15,123,9,1,0,1,0,443,1,1,0,0,1,1,1,0,0,1,1,0,1,0,0,1,medium
23.729,2.719,5,21,1,1,0,0,1,25,0,0,0,0,1,0,0,0,0,0,0,0,0,0,0,0,low
85.449,70.894,7,20,8,1,1,0,0,214,1,1,1,0,1,0,1,1,0,1,1,0,1,0,0,1,medium
26.165,3.734,4,28,1,1,0,0,0,54,0,0,0,0,0,0,0,0,0,0,0,0,0,0,0,0,low
91.315,79.676,32,106,5,1,1,1,0,457,1,1,0,1,0,1,1,1,0,1,1,1,0,0,1,1,critical
17.660,19.672,5,20,0,1,0,0,0,99,0,0,0,0,1,0,0,0,0,0,0,0,0,0,0,0,low
7.068,17.926,3,10,1,1,0,0,0,35,0,0,0,0,0,0,0,0,0,0,0,0,0,0,0,0,medium
22.790,5.068,2,20,0,0,0,0,1,89,0,0,0,0,0,0,0,0,0,0,0,0,0,0,0,0,low
71.848,62.661,21,53,6,1,1,1,0,170,1,1,1,0,1,0,0,0,1,1,1,1,0,1,1,1,critical
55.285,71.851,30,113,7,1,0,1,0,378,1,1,1,1,0,1,1,0,1,1,1,0,1,1,0,1,critical
65.815,77.235,30,125,4,1,1,0,0,181,1,1,0,1,1,0,1,1,0,1,0,1,1,1,1,1,high
98.562,67.082,40,87,10,1,0,0,0,289,1,1,1,1,1,0,0,1,0,1,0,1,1,0,0,1,high
81.257,95.076,41,75,9,1,1,0,0,140,1,1,1,0,1,0,1,0,1,1,0,0,1,0,1,1,high
96.802,68.458,40,74,10,1,0,0,0,142,1,1,1,0,1,1,0,1,0,1,0,0,0,0,1,1,high
1.151,19.577,3,9,2,0,0,0,1,31,0,0,0,0,1,0,0,0,0,0,0,0,0,0,0,0,low
27.040,15.797,4,28,0,0,0,0,0,50,0,0,0,0,1,0,0,0,0,0,0,0,0,0,0,0,medium
89.875,62.520,32,177,7,1,1,0,0,466,1,1,0,1,1,0,0,0,0,1,0,1,0,1,0,1,high
22.837,18.328,1,25,2,1,0,0,0,89,0,0,0,0,1,0,0,0,0,0,0,0,0,0,0,0,medium
56.632,61.731,23,105,7,1,1,1,0,495,1,1,1,0,1,0,1,0,0,1,1,0,0,1,0,1,high
67.269,58.248,7,145,3,1,0,1,0,214,1,1,1,1,1,0,0,0,0,1,0,1,1,0,0,1,medium
76.611,88.020,42,142,4,1,0,0,0,269,1,1,0,0,1,0,0,1,0,1,1,1,0,1,0,1,critical
81.337,74.116,11,172,4,1,1,1,0,169,1,1,1,0,0,0,0,1,1,1,0,1,1,1,0,1,high
23.813,18.934,3,14,2,1,0,0,0,29,0,0,0,0,1,0,0,0,0,0,0,0,0,0,0,0,low
28.197,15.253,3,8,1,1,0,0,0,97,0,0,0,0,1,0,0,0,0,0,0,0,0,0,0,0,medium
29.344,27.760,1,19,0,1,0,0,1,75,0,0,0,0,1,0,0,0,0,0,0,0,0,0,0,0,low
6.133,29.501,3,21,2,0,0,0,0,82,0,0,0,0,0,0,0,0,0,0,0,0,0,0,0,0,medium
14.749,8.907,4,6,2,0,0,0,1,39,0,0,0,0,1,0,0,0,0,0,0,0,0,0,0,0,medium
58.128,52.809,43,92,2,1,1,1,0,88,1,1,1,0,0,0,1,0,1,1,0,1,0,0,0,1,medium
21.112,8.280,2,23,1,0,0,0,1,50,0,0,0,0,0,0,0,0,0,0,0,0,0,0,0,0,low
20.574,1.677,5,21,2,1,0,0,1,59,0,0,0,0,1,0,0,0,0,0,0,0,0,0,0,0,low
0.710,14.611,4,18,0,0,0,0,1,87,0,0,0,0,1,0,0,0,0,0,0,0,0,0,0,0,low
4.287,1.322,2,2,2,0,0,0,1,26,0,0,0,0,0,0,0,0,0,0,0,0,0,0,0,0,medium
16.736,1.859,2,20,1,1,0,0,1,16,0,0,0,0,1,0,0,0,0,0,0,0,0,0,0,0,medium
69.820,93.933,39,200,10,1,1,0,0,157,1,1,0,0,0,0,0,0,0,1,0,1,1,0,0,1,critical
22.634,19.131,2,2,2,0,0,0,1,28,0,0,0,0,1,0,0,0,0,0,0,0,0,0,0,0,medium
27.364,13.826,2,8,2,1,0,0,0,20,0,0,0,0,1,0,0,0,0,0,0,0,0,0,0,0,medium
7.900,2.489,1,19,1,0,0,0,1,80,0,0,0,0,1,0,0,0,0,0,0,0,0,0,0,0,low
17.622,20.028,5,10,0,1,0,0,1,84,0,0,0,0,0,0,0,0,0,0,0,0,0,0,0,0,medium
98.049,53.227,48,29,9,1,0,0,0,374,1,1,0,1,0,1,1,1,0,1,0,0,1,0,1,1,medium
17.966,23.405,4,20,1,1,0,0,0,19,0,0,0,0,0,0,0,0,0,0,0,0,0,0,0,0,medium
8.338,17.142,3,24,2,0,0,0,1,38,0,0,0,0,1,0,0,0,0,0,0,0,0,0,0,0,low
73.529,85.725,11,76,1,1,0,1,0,356,1,1,1,1,0,1,1,0,1,1,0,0,1,0,0,1,critical
55.242,99.468,40,126,5,1,0,1,0,360,1,1,0,1,1,1,1,0,0,1,1,1,0,1,0,1,high
18.381,23.563,4,24,1,1,0,0,0,79,0,0,0,0,0,0,0,0,0,0,0,0,0,0,0,0,low
8.419,14.992,4,16,2,1,0,0,1,98,0,0,0,0,1,0,0,0,0,0,0,0,0,0,0,0,medium
13.603,25.763,5,15,2,1,0,0,0,12,0,0,0,0,1,0,0,0,0,0,0,0,0,0,0,0,low
20.615,26.016,4,14,0,0,0,0,0,32,0,0,0,0,1,0,0,0,0,0,0,0,0,0,0,0,low
6.574,27.671,5,29,2,1,0,0,0,19,0,0,0,0,1,0,0,0,0,0,0,0,0,0,0,0,low
73.273,77.798,46,129,4,1,1,1,0,307,1,1,0,1,1,0,1,0,1,1,1,1,0,0,1,1,critical
90.596,64.679,5,138,5,1,0,0,0,295,1,1,1,0,1,0,1,1,0,1,1,1,1,0,1,1,high
5.170,3.232,1,22,1,0,0,0,1,38,0,0,0,0,1,0,0,0,0,0,0,0,0,0,0,0,medium
8.891,15.271,3,12,1,1,0,0,0,66,0,0,0,0,0,0,0,0,0,0,0,0,0,0,0,0,low
50.787,67.190,20,134,8,1,0,0,0,416,1,1,0,0,0,0,1,0,1,1,0,1,1,0,0,1,critical
16.362,24.117,2,21,2,0,0,0,1,93,0,0,0,0,1,0,0,0,0,0,0,0,0,0,0,0,medium
82.036,59.504,25,147,5,1,1,1,0,97,1,1,1,1,0,0,1,1,1,1,0,0,1,1,1,1,medium
18.398,12.279,1,22,0,0,0,0,1,51,0,0,0,0,0,0,0,0,0,0,0,0,0,0,0,0,low
22.491,14.082,2,17,0,0,0,0,0,22,0,0,0,0,1,0,0,0,0,0,0,0,0,0,0,0,low
3.317,11.632,2,22,0,1,0,0,0,98,0,0,0,0,1,0,0,0,0,0,0,0,0,0,0,0,medium
73.896,62.353,44,46,1,1,1,0,0,464,1,1,0,0,1,1,1,0,0,1,1,0,1,0,1,1,medium
20.331,6.507,2,9,2,1,0,0,0,37,0,0,0,0,0,0,0,0,0,0,0,0,0,0,0,0,low
25.622,1.786,2,11,0,1,0,0,1,37,0,0,0,0,1,0,0,0,0,0,0,0,0,0,0,0,low
16.140,9.655,3,16,1,0,0,0,1,90,0,0,0,0,1,0,0,0,0,0,0,0,0,0,0,0,medium
18.650,25.414,5,23,0,0,0,0,1,43,0,0,0,0,0,0,0,0,0,0,0,0,0,0,0,0,medium
5.030,28.474,5,23,0,1,0,0,1,10,0,0,0,0,1,0,0,0,0,0,0,0,0,0,0,0,medium
66.841,75.539,18,39,2,1,1,1,0,489,1,1,0,0,1,1,1,1,1,1,1,1,1,0,0,1,high
54.933,58.372,10,160,7,1,0,0,0,479,1,1,1,0,0,0,0,0,1,1,1,0,0,0,0,1,medium
87.847,94.811,10,46,8,1,1,0,0,405,1,1,0,1,1,0,1,0,1,1,1,1,0,0,0,1,high
14.217,9.748,1,20,1,0,0,0,1,91,0,0,0,0,1,0,0,0,0,0,0,0,0,0,0,0,medium
21.802,27.250,4,6,2,0,0,0,0,21,0,0,0,0,0,0,0,0,0,0,0,0,0,0,0,0,medium
2.107,14.160,2,19,0,1,0,0,0,84,0,0,0,0,1,0,0,0,0,0,0,0,0,0,0,0,medium
79.982,57.477,9,96,6,1,0,0,0,455,1,1,0,1,0,0,1,0,1,1,0,1,0,0,0,1,medium
29.655,21.844,2,14,1,0,0,0,0,19,0,0,0,0,0,0,0,0,0,0,0,0,0,0,0,0,low
18.014,2.349,4,3,0,1,0,0,1,47,0,0,0,0,1,0,0,0,0,0,0,0,0,0,0,0,medium
17.381,7.889,4,27,2,0,0,0,1,87,0,0,0,0,0,0,0,0,0,0,0,0,0,0,0,0,medium
9.690,23.673,5,0,2,0,0,0,1,23,0,0,0,0,1,0,0,0,0,0,0,0,0,0,0,0,low
68.633,69.081,41,187,1,1,0,1,0,67,1,1,0,0,0,0,1,0,0,1,1,1,0,1,0,1,medium
96.419,86.116,14,171,10,1,1,0,0,232,1,1,1,0,0,1,1,1,1,1,1,1,1,1,1,1,critical
53.698,95.198,20,170,1,1,0,0,0,419,1,1,1,1,1,0,1,1,0,1,1,0,0,1,1,1,critical
10.113,9.009,1,25,2,1,0,0,1,24,0,0,0,0,0,0,0,0,0,0,0,0,0,0,0,0,low
64.697,79.537,38,171,6,1,1,1,0,453,1,1,0,1,1,0,0,1,1,1,0,0,0,1,1,1,critical
25.412,6.071,5,19,2,1,0,0,1,43,0,0,0,0,0,0,0,0,0,0,0,0,0,0,0,0,medium
89.298,91.465,46,105,7,1,0,1,0,36,1,1,1,1,1,0,0,1,1,1,0,1,0,0,0,1,critical
1.903,10.232,4,1,0,1,0,0,1,65,0,0,0,0,0,0,0,0,0,0,0,0,0,0,0,0,medium
93.768,95.740,33,63,7,1,1,1,0,61,1,1,1,1,1,1,1,0,1,1,0,1,0,0,0,1,high
69.769,94.761,25,84,10,1,1,0,0,188,1,1,0,0,0,0,1,1,1,1,1,1,1,0,1,1,critical
56.877,57.774,7,145,1,1,0,1,0,25,1,1,1,0,1,0,0,1,0,1,0,1,0,1,1,1,medium
9.384,11.912,3,4,1,0,0,0,0,20,0,0,0,0,0,0,0,0,0,0,0,0,0,0,0,0,medium
18.019,13.087,3,14,0,1,0,0,1,44,0,0,0,0,0,0,0,0,0,0,0,0,0,0,0,0,medium
22.810,27.661,3,11,0,1,0,0,0,84,0,0,0,0,0,0,0,0,0,0,0,0,0,0,0,0,low
67.237,66.035,6,136,8,1,1,1,0,387,1,1,1,0,0,1,0,0,1,1,1,0,0,0,1,1,high
4.500,4.174,3,16,1,0,0,0,1,81,0,0,0,0,0,0,0,0,0,0,0,0,0,0,0,0,low
9.122,21.397,1,12,1,1,0,0,0,62,0,0,0,0,1,0,0,0,0,0,0,0,0,0,0,0,medium
58.316,80.557,37,199,5,1,1,0,0,102,1,1,0,1,0,0,1,1,0,1,0,1,0,0,1,1,critical
1.196,9.561,5,2,2,0,0,0,1,40,0,0,0,0,1,0,0,0,0,0,0,0,0,0,0,0,medium
17.475,6.347,5,12,0,0,0,0,1,33,0,0,0,0,1,0,0,0,0,0,0,0,0,0,0,0,low
70.673,95.310,12,36,7,1,0,0,0,445,1,1,0,0,1,1,1,0,1,1,0,1,0,1,1,1,critical
71.303,53.358,5,22,9,1,0,0,0,66,1,1,0,0,0,1,0,0,0,1,0,1,0,0,0,1,critical
5.765,1.470,3,3,0,0,0,0,1,82,0,0,0,0,0,0,0,0,0,0,0,0,0,0,0,0,medium
87.732,54.064,41,68,2,1,0,0,0,31,1,1,0,1,0,1,0,0,1,1,0,1,1,0,0,1,critical
74.157,84.437,6,33,9,1,1,1,0,270,1,1,0,0,0,1,0,0,0,1,1,1,1,1,0,1,critical
14.023,6.521,1,21,1,1,0,0,1,54,0,0,0,0,1,0,0,0,0,0,0,0,0,0,0,0,medium
3.903,19.732,5,15,2,1,0,0,1,29,0,0,0,0,1,0,0,0,0,0,0,0,0,0,0,0,medium
62.624,60.785,30,149,8,1,1,1,0,427,1,1,1,1,1,0,1,1,1,1,0,0,1,0,0,1,medium
13.747,23.716,3,18,1,1,0,0,1,87,0,0,0,0,1,0,0,0,0,0,0,0,0,0,0,0,low
87.273,50.797,7,18,7,1,0,1,0,306,1,1,0,1,0,0,0,0,0,1,1,0,1,1,0,1,critical
1.958,5.705,1,0,1,1,0,0,1,57,0,0,0,0,1,0,0,0,0,0,0,0,0,0,0,0,medium
27.058,23.959,1,16,2,1,0,0,0,63,0,0,0,0,0,0,0,0,0,0,0,0,0,0,0,0,low
9.960,26.749,3,20,0,0,0,0,0,14,0,0,0,0,1,0,0,0,0,0,0,0,0,0,0,0,low
19.598,14.052,3,5,0,0,0,0,0,15,0,0,0,0,0,0,0,0,0,0,0,0,0,0,0,0,low
62.960,62.771,12,147,9,1,0,1,0,211,1,1,1,0,0,0,0,1,1,1,0,0,1,1,1,1,medium
29.473,7.542,4,20,2,1,0,0,1,69,0,0,0,0,0,0,0,0,0,0,0,0,0,0,0,0,medium
7.905,11.124,2,13,1,0,0,0,1,16,0,0,0,0,0,0,0,0,0,0,0,0,0,0,0,0,low
73.194,58.685,48,38,4,1,0,0,0,295,1,1,1,0,0,1,1,0,1,1,0,0,0,0,0,1,critical
3.600,5.231,1,3,0,1,0,0,0,82,0,0,0,0,0,0,0,0,0,0,0,0,0,0,0,0,low
20.063,19.743,3,30,1,0,0,0,0,99,0,0,0,0,1,0,0,0,0,0,0,0,0,0,0,0,low
54.220,88.921,8,190,9,1,1,0,0,79,1,1,0,0,0,1,0,1,0,1,1,1,1,0,1,1,high
66.297,91.104,35,41,1,1,0,1,0,260,1,1,1,1,1,0,0,0,1,1,1,1,0,0,0,1,medium
16.795,23.829,2,8,1,0,0,0,1,94,0,0,0,0,0,0,0,0,0,0,0,0,0,0,0,0,medium
19.888,21.596,1,14,2,0,0,0,1,54,0,0,0,0,1,0,0,0,0,0,0,0,0,0,0,0,low
90.785,86.668,50,112,1,1,0,0,0,293,1,1,1,1,0,1,0,0,1,1,0,0,1,1,1,1,medium
23.828,17.928,3,29,1,0,0,0,0,22,0,0,0,0,1,0,0,0,0,0,0,0,0,0,0,0,medium
24.610,12.722,3,19,1,0,0,0,0,47,0,0,0,0,1,0,0,0,0,0,0,0,0,0,0,0,low
11.818,2.703,4,10,1,0,0,0,0,89,0,0,0,0,0,0,0,0,0,0,0,0,0,0,0,0,low
12.116,15.861,5,11,0,1,0,0,0,56,0,0,0,0,1,0,0,0,0,0,0,0,0,0,0,0,medium
70.321,73.969,39,60,7,1,1,0,0,103,1,1,1,1,0,0,0,0,0,1,0,0,1,1,0,1,critical
16.562,8.868,3,28,0,0,0,0,1,50,0,0,0,0,0,0,0,0,0,0,0,0,0,0,0,0,medium
28.192,10.884,2,21,2,1,0,0,1,24,0,0,0,0,0,0,0,0,0,0,0,0,0,0,0,0,medium
16.258,6.781,4,22,0,0,0,0,0,48,0,0,0,0,0,0,0,0,0,0,0,0,0,0,0,0,medium
23.319,17.666,4,20,2,1,0,0,1,8,0,0,0,0,1,0,0,0,0,0,0,0,0,0,0,0,low
6.168,27.462,5,15,1,0,0,0,0,73,0,0,0,0,1,0,0,0,0,0,0,0,0,0,0,0,low
71.338,66.268,7,10,3,1,0,0,0,111,1,1,1,0,0,0,1,1,1,1,1,1,0,1,1,1,medium
5.219,29.914,3,30,1,1,0,0,1,53,0,0,0,0,0,0,0,0,0,0,0,0,0,0,0,0,medium
94.967,82.121,16,10,9,1,1,0,0,451,1,1,0,0,0,0,0,1,1,1,1,0,1,0,1,1,critical
22.231,18.644,3,8,1,1,0,0,1,89,0,0,0,0,1,0,0,0,0,0,0,0,0,0,0,0,low
98.608,95.785,10,178,7,1,1,0,0,465,1,1,0,0,0,0,0,1,1,1,1,0,1,0,0,1,critical
7.530,11.604,4,18,2,1,0,0,0,34,0,0,0,0,0,0,0,0,0,0,0,0,0,0,0,0,medium
3.616,22.136,1,7,0,1,0,0,1,88,0,0,0,0,1,0,0,0,0,0,0,0,0,0,0,0,low
17.594,3.798,3,9,0,0,0,0,0,15,0,0,0,0,1,0,0,0,0,0,0,0,0,0,0,0,low
14.128,7.164,3,16,2,0,0,0,0,53,0,0,0,0,0,0,0,0,0,0,0,0,0,0,0,0,low
3.161,8.221,5,10,1,0,0,0,1,80,0,0,0,0,1,0,0,0,0,0,0,0,0,0,0,0,medium
4.512,24.023,1,10,2,0,0,0,1,23,0,0,0,0,1,0,0,0,0,0,0,0,0,0,0,0,low
29.766,16.621,2,6,2,0,0,0,1,70,0,0,0,0,1,0,0,0,0,0,0,0,0,0,0,0,low
21.096,13.031,4,15,1,0,0,0,1,97,0,0,0,0,1,0,0,0,0,0,0,0,0,0,0,0,low
24.955,21.474,1,24,2,0,0,0,0,23,0,0,0,0,1,0,0,0,0,0,0,0,0,0,0,0,medium
12.922,27.002,3,9,1,0,0,0,0,46,0,0,0,0,0,0,0,0,0,0,0,0,0,0,0,0,medium
14.639,3.333,4,25,1,1,0,0,0,43,0,0,0,0,1,0,0,0,0,0,0,0,0,0,0,0,low
5.910,5.357,1,21,1,1,0,0,0,70,0,0,0,0,0,0,0,0,0,0,0,0,0,0,0,0,medium
5.943,13.856,4,8,2,1,0,0,0,12,0,0,0,0,1,0,0,0,0,0,0,0,0,0,0,0,medium
25.382,27.640,2,25,2,0,0,0,0,89,0,0,0,0,1,0,0,0,0,0,0,0,0,0,0,0,low
22.459,15.390,1,15,1,0,0,0,1,79,0,0,0,0,0,0,0,0,0,0,0,0,0,0,0,0,medium
96.436,61.627,49,104,2,1,0,0,0,430,1,1,1,1,0,1,1,0,1,1,1,0,1,0,0,1,high
28.709,13.579,3,23,1,0,0,0,1,19,0,0,0,0,0,0,0,0,0,0,0,0,0,0,0,0,low
15.295,1.064,4,8,1,1,0,0,1,5,0,0,0,0,1,0,0,0,0,0,0,0,0,0,0,0,medium
20.659,7.297,4,20,2,1,0,0,0,40,0,0,0,0,0,0,0,0,0,0,0,0,0,0,0,0,low
25.965,6.918,2,24,1,1,0,0,1,66,0,0,0,0,0,0,0,0,0,0,0,0,0,0,0,0,low
23.243,6.693,1,30,0,1,0,0,0,34,0,0,0,0,0,0,0,0,0,0,0,0,0,0,0,0,low
73.185,84.484,47,15,6,1,0,1,0,347,1,1,1,0,0,0,1,0,1,1,1,0,0,1,0,1,high
29.816,17.384,2,28,1,1,0,0,0,29,0,0,0,0,1,0,0,0,0,0,0,0,0,0,0,0,low
20.631,0.179,3,7,1,0,0,0,1,27,0,0,0,0,1,0,0,0,0,0,0,0,0,0,0,0,medium
83.452,64.849,6,89,4,1,0,0,0,486,1,1,0,0,0,0,1,1,1,1,1,0,1,0,0,1,critical
3.376,9.099,5,13,0,1,0,0,0,29,0,0,0,0,0,0,0,0,0,0,0,0,0,0,0,0,medium
22.318,24.825,4,21,1,0,0,0,0,94,0,0,0,0,1,0,0,0,0,0,0,0,0,0,0,0,medium
1.753,3.411,5,9,2,0,0,0,0,36,0,0,0,0,0,0,0,0,0,0,0,0,0,0,0,0,low
22.996,14.414,5,27,0,1,0,0,0,33,0,0,0,0,1,0,0,0,0,0,0,0,0,0,0,0,medium
22.179,13.430,1,12,2,0,0,0,1,22,0,0,0,0,0,0,0,0,0,0,0,0,0,0,0,0,low
54.253,97.062,10,117,5,1,0,0,0,260,1,1,1,1,0,0,1,1,1,1,1,1,1,1,0,1,high
58.149,67.234,26,66,3,1,1,0,0,60,1,1,1,0,1,0,1,0,0,1,0,0,1,1,0,1,medium
73.888,70.624,23,122,9,1,1,1,0,253,1,1,0,0,0,1,1,0,1,1,1,0,0,0,1,1,critical
25.996,4.613,1,25,2,1,0,0,0,26,0,0,0,0,1,0,0,0,0,0,0,0,0,0,0,0,low
8.335,3.990,1,9,2,0,0,0,1,94,0,0,0,0,1,0,0,0,0,0,0,0,0,0,0,0,low
3.329,12.044,5,8,2,0,0,0,0,90,0,0,0,0,0,0,0,0,0,0,0,0,0,0,0,0,low
21.050,28.279,3,17,2,1,0,0,1,83,0,0,0,0,0,0,0,0,0,0,0,0,0,0,0,0,low
25.267,27.279,1,27,2,1,0,0,1,28,0,0,0,0,1,0,0,0,0,0,0,0,0,0,0,0,medium
27.109,26.886,5,5,2,1,0,0,0,39,0,0,0,0,0,0,0,0,0,0,0,0,0,0,0,0,medium
61.869,75.539,40,141,10,1,1,1,0,334,1,1,0,1,0,1,0,0,1,1,1,1,1,1,0,1,medium
18.641,5.023,3,23,1,1,0,0,0,79,0,0,0,0,0,0,0,0,0,0,0,0,0,0,0,0,low
20.340,1.055,5,6,2,0,0,0,0,67,0,0,0,0,0,0,0,0,0,0,0,0,0,0,0,0,low
52.362,59.394,25,190,4,1,1,0,0,347,1,1,0,1,0,0,1,0,1,1,1,0,0,0,0,1,high
50.041,60.245,39,101,3,1,0,0,0,427,1,1,1,1,1,0,1,1,0,1,1,1,1,0,0,1,critical
0.870,27.797,1,9,1,0,0,0,0,8,0,0,0,0,1,0,0,0,0,0,0,0,0,0,0,0,low
1.589,25.923,4,4,2,0,0,0,1,88,0,0,0,0,1,0,0,0,0,0,0,0,0,0,0,0,low
13.139,20.162,1,9,1,1,0,0,0,64,0,0,0,0,0,0,0,0,0,0,0,0,0,0,0,0,low
91.189,51.104,8,63,5,1,1,0,0,33,1,1,0,0,1,0,1,1,1,1,0,0,1,1,0,1,high
2.563,15.625,1,6,2,0,0,0,1,90,0,0,0,0,0,0,0,0,0,0,0,0,0,0,0,0,low
29.988,15.368,5,8,1,0,0,0,1,40,0,0,0,0,0,0,0,0,0,0,0,0,0,0,0,0,low
81.633,91.533,10,184,2,1,1,0,0,272,1,1,1,1,1,0,1,1,1,1,1,1,0,1,1,1,critical
5.394,10.601,4,19,0,0,0,0,0,56,0,0,0,0,0,0,0,0,0,0,0,0,0,0,0,0,medium
17.350,21.822,4,16,0,1,0,0,0,79,0,0,0,0,0,0,0,0,0,0,0,0,0,0,0,0,low
73.242,88.393,38,58,5,1,0,1,0,173,1,1,0,0,1,1,1,0,0,1,1,0,0,1,0,1,medium
18.233,24.525,1,22,2,0,0,0,0,26,0,0,0,0,1,0,0,0,0,0,0,0,0,0,0,0,low
25.775,7.820,1,28,2,1,0,0,1,78,0,0,0,0,1,0,0,0,0,0,0,0,0,0,0,0,low
74.252,57.024,6,70,1,1,1,0,0,339,1,1,0,0,1,1,0,0,0,1,1,0,0,1,1,1,medium
53.815,74.126,20,133,9,1,0,1,0,150,1,1,1,0,0,1,1,0,1,1,1,0,0,1,0,1,medium
18.453,14.065,4,29,1,0,0,0,1,41,0,0,0,0,0,0,0,0,0,0,0,0,0,0,0,0,medium
15.013,5.886,4,19,2,0,0,0,1,93,0,0,0,0,0,0,0,0,0,0,0,0,0,0,0,0,medium
23.384,7.350,2,14,2,0,0,0,0,53,0,0,0,0,0,0,0,0,0,0,0,0,0,0,0,0,low
5.548,3.673,5,5,1,1,0,0,1,73,0,0,0,0,0,0,0,0,0,0,0,0,0,0,0,0,low
11.397,18.241,2,18,1,0,0,0,0,66,0,0,0,0,1,0,0,0,0,0,0,0,0,0,0,0,medium
53.189,62.044,18,130,8,1,0,1,0,496,1,1,1,1,0,0,0,1,0,1,0,1,1,0,1,1,medium
74.583,81.988,18,18,9,1,1,0,0,163,1,1,0,0,1,1,0,1,1,1,0,1,1,0,1,1,medium
25.260,16.524,3,11,1,0,0,0,0,53,0,0,0,0,1,0,0,0,0,0,0,0,0,0,0,0,medium
10.446,26.113,4,14,0,1,0,0,1,88,0,0,0,0,1,0,0,0,0,0,0,0,0,0,0,0,low
16.111,8.268,5,9,0,1,0,0,1,63,0,0,0,0,1,0,0,0,0,0,0,0,0,0,0,0,low
11.341,1.358,3,9,1,0,0,0,1,8,0,0,0,0,0,0,0,0,0,0,0,0,0,0,0,0,medium
13.188,15.574,2,23,2,0,0,0,0,85,0,0,0,0,0,0,0,0,0,0,0,0,0,0,0,0,medium
26.573,11.296,5,20,0,1,0,0,1,10,0,0,0,0,1,0,0,0,0,0,0,0,0,0,0,0,low
51.092,98.040,21,132,7,1,0,0,0,366,1,1,0,0,1,1,0,0,0,1,1,0,0,1,1,1,critical
11.721,29.252,1,0,0,1,0,0,0,10,0,0,0,0,0,0,0,0,0,0,0,0,0,0,0,0,low
97.049,91.072,37,84,10,1,0,1,0,417,1,1,1,0,1,1,1,0,0,1,0,1,1,1,1,1,critical
64.662,59.353,22,137,7,1,1,0,0,211,1,1,1,0,0,0,1,0,1,1,0,1,1,1,0,1,high
9.750,23.142,1,16,1,0,0,0,0,98,0,0,0,0,1,0,0,0,0,0,0,0,0,0,0,0,medium
82.504,94.414,29,193,10,1,1,0,0,156,1,1,1,0,0,0,0,1,1,1,0,0,1,1,0,1,high
11.733,22.074,1,24,0,1,0,0,1,39,0,0,0,0,1,0,0,0,0,0,0,0,0,0,0,0,medium
52.353,53.058,20,177,6,1,0,1,0,117,1,1,1,0,1,0,1,0,1,1,1,1,1,1,0,1,critical
25.779,7.487,3,30,0,1,0,0,1,58,0,0,0,0,0,0,0,0,0,0,0,0,0,0,0,0,medium
3.977,6.245,2,30,1,0,0,0,0,75,0,0,0,0,1,0,0,0,0,0,0,0,0,0,0,0,low
22.954,10.094,5,15,2,0,0,0,1,44,0,0,0,0,1,0,0,0,0,0,0,0,0,0,0,0,medium
60.952,50.622,43,44,4,1,0,0,0,466,1,1,0,0,1,0,1,0,1,1,0,0,0,1,0,1,medium
4.344,24.480,5,15,0,0,0,0,0,84,0,0,0,0,0,0,0,0,0,0,0,0,0,0,0,0,medium
9.464,16.962,4,4,0,1,0,0,1,67,0,0,0,0,0,0,0,0,0,0,0,0,0,0,0,0,medium
89.581,63.524,15,157,4,1,0,1,0,422,1,1,0,0,1,1,0,0,1,1,0,1,0,0,0,1,critical
6.271,12.198,1,0,2,1,0,0,0,25,0,0,0,0,0,0,0,0,0,0,0,0,0,0,0,0,medium
90.444,89.490,21,126,1,1,0,1,0,361,1,1,1,0,1,1,1,1,1,1,0,1,0,0,0,1,high
77.940,91.308,7,110,3,1,0,1,0,418,1,1,1,0,1,0,1,1,0,1,1,1,0,1,1,1,critical
26.519,15.385,1,21,1,1,0,0,1,50,0,0,0,0,1,0,0,0,0,0,0,0,0,0,0,0,low
20.359,19.620,4,22,1,0,0,0,1,63,0,0,0,0,1,0,0,0,0,0,0,0,0,0,0,0,low
9.292,26.048,4,4,1,1,0,0,0,60,0,0,0,0,0,0,0,0,0,0,0,0,0,0,0,0,medium
67.235,66.054,38,119,9,1,1,0,0,58,1,1,0,0,0,1,0,1,0,1,1,1,0,1,1,1,critical
28.198,0.596,4,30,1,1,0,0,1,75,0,0,0,0,0,0,0,0,0,0,0,0,0,0,0,0,medium
13.060,15.389,4,24,1,0,0,0,0,98,0,0,0,0,0,0,0,0,0,0,0,0,0,0,0,0,low
13.615,16.843,4,28,0,1,0,0,0,25,0,0,0,0,0,0,0,0,0,0,0,0,0,0,0,0,medium
14.199,28.965,3,25,0,0,0,0,0,83,0,0,0,0,1,0,0,0,0,0,0,0,0,0,0,0,low
69.145,58.995,29,112,7,1,0,0,0,171,1,1,1,1,0,0,1,0,0,1,1,0,1,1,0,1,medium
16.003,19.338,5,1,0,1,0,0,1,95,0,0,0,0,0,0,0,0,0,0,0,0,0,0,0,0,low
26.273,11.191,1,1,0,1,0,0,0,39,0,0,0,0,0,0,0,0,0,0,0,0,0,0,0,0,low
26.939,25.516,2,19,1,1,0,0,0,16,0,0,0,0,0,0,0,0,0,0,0,0,0,0,0,0,medium
11.620,7.016,3,15,1,0,0,0,0,11,0,0,0,0,1,0,0,0,0,0,0,0,0,0,0,0,medium
28.834,16.704,1,13,0,1,0,0,1,69,0,0,0,0,0,0,0,0,0,0,0,0,0,0,0,0,medium
92.698,51.583,17,146,5,1,1,0,0,123,1,1,1,0,1,1,1,0,1,1,0,0,1,1,0,1,medium
23.632,25.598,1,15,0,0,0,0,1,34,0,0,0,0,1,0,0,0,0,0,0,0,0,0,0,0,medium
25.599,19.838,2,2,1,0,0,0,0,49,0,0,0,0,0,0,0,0,0,0,0,0,0,0,0,0,medium
26.974,19.938,5,3,2,1,0,0,1,11,0,0,0,0,0,0,0,0,0,0,0,0,0,0,0,0,low
81.915,54.436,29,159,10,1,1,1,0,154,1,1,0,1,1,1,1,0,0,1,0,1,0,1,1,1,high
25.477,3.829,5,16,1,0,0,0,1,51,0,0,0,0,0,0,0,0,0,0,0,0,0,0,0,0,low
80.740,93.586,27,108,9,1,0,0,0,301,1,1,1,0,1,1,0,0,0,1,1,1,0,1,1,1,medium
25.143,23.301,2,10,2,1,0,0,0,54,0,0,0,0,1,0,0,0,0,0,0,0,0,0,0,0,medium
5.445,8.160,1,10,1,0,0,0,0,56,0,0,0,0,0,0,0,0,0,0,0,0,0,0,0,0,medium
52.765,83.173,32,132,10,1,0,1,0,324,1,1,1,1,0,0,1,0,1,1,1,0,1,1,0,1,high
29.591,9.435,3,30,2,1,0,0,1,47,0,0,0,0,0,0,0,0,0,0,0,0,0,0,0,0,medium
12.420,5.134,5,1,2,1,0,0,0,95,0,0,0,0,0,0,0,0,0,0,0,0,0,0,0,0,medium
52.712,56.584,48,126,9,1,0,0,0,210,1,1,0,1,0,1,1,0,1,1,1,0,1,0,0,1,medium
1.171,28.218,1,30,2,1,0,0,1,48,0,0,0,0,1,0,0,0,0,0,0,0,0,0,0,0,medium
53.945,60.301,15,189,10,1,1,0,0,57,1,1,0,1,1,1,1,0,1,1,0,0,0,0,1,1,high
19.076,0.254,1,8,0,0,0,0,1,96,0,0,0,0,1,0,0,0,0,0,0,0,0,0,0,0,medium
26.390,11.796,3,22,0,1,0,0,1,30,0,0,0,0,0,0,0,0,0,0,0,0,0,0,0,0,low
25.871,20.709,3,28,0,1,0,0,1,20,0,0,0,0,1,0,0,0,0,0,0,0,0,0,0,0,low
10.948,9.993,2,5,0,1,0,0,0,50,0,0,0,0,0,0,0,0,0,0,0,0,0,0,0,0,low
0.167,0.965,1,20,2,0,0,0,0,100,0,0,0,0,1,0,0,0,0,0,0,0,0,0,0,0,low
9.024,0.253,5,27,2,0,0,0,0,76,0,0,0,0,0,0,0,0,0,0,0,0,0,0,0,0,low
6.188,29.029,3,27,2,0,0,0,1,35,0,0,0,0,1,0,0,0,0,0,0,0,0,0,0,0,low
4.217,10.079,5,1,1,1,0,0,1,93,0,0,0,0,1,0,0,0,0,0,0,0,0,0,0,0,low
67.754,75.109,12,83,6,1,1,1,0,409,1,1,1,0,0,0,1,0,0,1,0,0,1,1,1,1,medium
97.058,94.892,23,44,4,1,0,0,0,410,1,1,0,0,1,1,1,0,0,1,1,1,1,1,1,1,critical
61.598,77.762,43,152,7,1,0,0,0,377,1,1,1,1,1,1,1,1,0,1,0,1,1,1,1,1,critical
21.088,4.898,5,7,1,1,0,0,1,80,0,0,0,0,0,0,0,0,0,0,0,0,0,0,0,0,medium
22.597,0.098,4,30,2,0,0,0,1,99,0,0,0,0,0,0,0,0,0,0,0,0,0,0,0,0,low
16.635,26.002,5,27,2,1,0,0,0,43,0,0,0,0,0,0,0,0,0,0,0,0,0,0,0,0,medium
5.391,8.002,2,26,2,0,0,0,0,67,0,0,0,0,1,0,0,0,0,0,0,0,0,0,0,0,low
26.938,10.602,2,29,0,1,0,0,0,57,0,0,0,0,0,0,0,0,0,0,0,0,0,0,0,0,medium
22.528,4.827,2,22,1,0,0,0,0,77,0,0,0,0,0,0,0,0,0,0,0,0,0,0,0,0,low
71.230,64.978,49,175,4,1,1,0,0,366,1,1,1,0,1,0,1,1,1,1,1,0,1,1,0,1,medium
11.581,15.507,4,15,0,0,0,0,1,26,0,0,0,0,1,0,0,0,0,0,0,0,0,0,0,0,low
11.032,3.615,5,1,0,1,0,0,1,7,0,0,0,0,0,0,0,0,0,0,0,0,0,0,0,0,low
5.551,21.241,5,11,2,1,0,0,0,49,0,0,0,0,1,0,0,0,0,0,0,0,0,0,0,0,medium
26.696,25.940,1,13,1,0,0,0,1,95,0,0,0,0,0,0,0,0,0,0,0,0,0,0,0,0,medium
88.204,52.465,41,178,6,1,1,1,0,441,1,1,0,1,0,1,1,1,1,1,1,0,1,1,1,1,medium
28.556,9.527,1,18,0,1,0,0,0,76,0,0,0,0,0,0,0,0,0,0,0,0,0,0,0,0,medium
83.068,88.422,39,118,9,1,0,1,0,214,1,1,0,0,1,1,0,1,1,1,0,1,0,0,0,1,high
12.833,1.879,2,2,0,0,0,0,1,77,0,0,0,0,0,0,0,0,0,0,0,0,0,0,0,0,low
98.148,60.341,15,93,6,1,1,1,0,242,1,1,0,1,0,1,0,0,0,1,1,1,1,1,0,1,critical
93.393,51.712,15,110,1,1,1,1,0,92,1,1,1,1,1,0,0,1,1,1,1,0,1,1,0,1,critical
15.298,2.861,2,25,0,0,0,0,0,88,0,0,0,0,0,0,0,0,0,0,0,0,0,0,0,0,medium
3.372,28.899,1,27,1,0,0,0,0,5,0,0,0,0,1,0,0,0,0,0,0,0,0,0,0,0,medium
13.754,17.944,5,28,2,0,0,0,1,60,0,0,0,0,1,0,0,0,0,0,0,0,0,0,0,0,medium
71.531,58.934,39,75,3,1,1,1,0,477,1,1,1,0,0,1,1,1,1,1,1,1,0,1,0,1,medium
20.269,24.841,1,14,2,0,0,0,1,7,0,0,0,0,1,0,0,0,0,0,0,0,0,0,0,0,low
23.706,17.624,1,13,2,0,0,0,1,99,0,0,0,0,0,0,0,0,0,0,0,0,0,0,0,0,medium
65.636,72.302,22,136,4,1,1,1,0,221,1,1,0,1,1,0,1,0,0,1,1,0,1,0,1,1,critical
81.869,89.872,18,140,7,1,1,0,0,377,1,1,0,1,1,1,0,1,0,1,1,0,0,1,1,1,critical
53.900,78.527,8,138,6,1,1,1,0,107,1,1,1,0,0,0,0,1,1,1,1,0,0,0,0,1,high
24.406,26.339,1,29,2,1,0,0,0,62,0,0,0,0,1,0,0,0,0,0,0,0,0,0,0,0,low
16.834,16.302,3,13,2,1,0,0,0,99,0,0,0,0,0,0,0,0,0,0,0,0,0,0,0,0,medium
73.054,52.446,27,152,7,1,1,1,0,83,1,1,0,0,0,0,0,0,1,1,1,1,0,1,1,1,medium
8.992,28.368,3,1,1,0,0,0,0,71,0,0,0,0,0,0,0,0,0,0,0,0,0,0,0,0,low
5.503,29.506,4,24,0,0,0,0,0,15,0,0,0,0,0,0,0,0,0,0,0,0,0,0,0,0,low
79.118,76.011,7,69,3,1,1,0,0,125,1,1,0,1,1,1,0,0,0,1,0,1,1,1,0,1,critical
12.535,7.976,4,1,0,1,0,0,0,17,0,0,0,0,1,0,0,0,0,0,0,0,0,0,0,0,medium
10.513,7.368,1,8,0,1,0,0,0,82,0,0,0,0,0,0,0,0,0,0,0,0,0,0,0,0,medium
5.923,27.049,2,3,1,1,0,0,1,83,0,0,0,0,0,0,0,0,0,0,0,0,0,0,0,0,medium
21.631,5.406,2,6,2,1,0,0,0,52,0,0,0,0,0,0,0,0,0,0,0,0,0,0,0,0,medium
21.631,29.253,4,27,1,0,0,0,0,89,0,0,0,0,0,0,0,0,0,0,0,0,0,0,0,0,medium
2.328,3.817,5,21,1,0,0,0,1,51,0,0,0,0,1,0,0,0,0,0,0,0,0,0,0,0,medium
21.554,25.183,5,26,1,1,0,0,1,97,0,0,0,0,1,0,0,0,0,0,0,0,0,0,0,0,low
3.213,12.204,5,7,2,1,0,0,0,62,0,0,0,0,0,0,0,0,0,0,0,0,0,0,0,0,medium
86.299,76.515,16,26,10,1,0,0,0,261,1,1,1,1,0,1,1,0,0,1,1,0,0,1,1,1,high
24.325,8.267,2,1,2,0,0,0,0,73,0,0,0,0,1,0,0,0,0,0,0,0,0,0,0,0,medium
98.700,61.116,13,34,3,1,1,1,0,128,1,1,0,0,1,1,0,1,0,1,1,0,1,0,0,1,critical
98.904,51.299,44,50,10,1,1,1,0,76,1,1,0,0,1,1,1,1,0,1,1,0,0,1,1,1,medium
13.977,12.633,5,27,1,0,0,0,1,91,0,0,0,0,1,0,0,0,0,0,0,0,0,0,0,0,medium
18.488,3.334,1,22,0,0,0,0,1,67,0,0,0,0,1,0,0,0,0,0,0,0,0,0,0,0,low
17.311,8.053,5,4,1,1,0,0,1,8,0,0,0,0,1,0,0,0,0,0,0,0,0,0,0,0,low
6.394,4.382,1,5,1,1,0,0,1,37,0,0,0,0,0,0,0,0,0,0,0,0,0,0,0,0,medium
17.836,23.959,5,4,2,1,0,0,0,53,0,0,0,0,0,0,0,0,0,0,0,0,0,0,0,0,medium
55.645,84.994,38,83,3,1,0,0,0,389,1,1,1,1,0,0,1,0,0,1,1,0,1,1,0,1,high
11.607,27.655,1,5,0,1,0,0,0,86,0,0,0,0,0,0,0,0,0,0,0,0,0,0,0,0,low
52.136,92.962,41,11,10,1,1,1,0,390,1,1,1,0,1,0,0,1,0,1,1,1,1,0,0,1,medium
4.806,21.045,4,16,0,1,0,0,0,71,0,0,0,0,0,0,0,0,0,0,0,0,0,0,0,0,low
63.668,85.670,28,163,10,1,1,0,0,71,1,1,1,1,0,0,0,0,0,1,0,1,0,0,0,1,high
3.034,28.401,3,5,2,1,0,0,1,62,0,0,0,0,1,0,0,0,0,0,0,0,0,0,0,0,low
77.659,72.751,36,176,2,1,1,0,0,147,1,1,0,0,0,0,1,1,0,1,0,1,1,1,1,1,medium
50.120,54.717,37,184,10,1,1,1,0,109,1,1,1,1,1,0,0,0,1,1,0,0,1,0,0,1,critical
61.139,79.954,30,163,9,1,1,0,0,192,1,1,1,0,0,0,1,1,1,1,1,0,1,0,0,1,medium
6.141,16.156,1,2,2,1,0,0,0,91,0,0,0,0,0,0,0,0,0,0,0,0,0,0,0,0,low
8.569,18.573,2,5,2,1,0,0,0,29,0,0,0,0,1,0,0,0,0,0,0,0,0,0,0,0,medium
28.057,3.306,1,2,1,0,0,0,0,62,0,0,0,0,0,0,0,0,0,0,0,0,0,0,0,0,low
8.785,7.677,1,14,1,1,0,0,1,25,0,0,0,0,0,0,0,0,0,0,0,0,0,0,0,0,low
57.329,74.273,34,134,5,1,0,0,0,333,1,1,1,0,1,0,0,1,1,1,1,0,1,1,0,1,high
15.965,4.775,5,7,0,0,0,0,1,19,0,0,0,0,0,0,0,0,0,0,0,0,0,0,0,0,medium
73.731,72.276,37,127,1,1,0,1,0,99,1,1,1,0,0,0,0,1,1,1,0,1,1,1,0,1,medium
0.229,25.825,3,21,1,1,0,0,0,24,0,0,0,0,0,0,0,0,0,0,0,0,0,0,0,0,medium
85.126,67.562,46,114,5,1,0,0,0,355,1,1,0,1,0,1,0,0,0,1,0,0,0,1,1,1,critical
8.760,2.481,5,23,2,1,0,0,0,63,0,0,0,0,1,0,0,0,0,0,0,0,0,0,0,0,medium
6.631,4.932,4,25,2,1,0,0,1,85,0,0,0,0,1,0,0,0,0,0,0,0,0,0,0,0,medium
91.425,72.160,24,152,9,1,1,0,0,192,1,1,0,0,0,0,0,1,1,1,0,1,1,0,0,1,high
75.193,66.369,46,149,7,1,1,0,0,59,1,1,0,1,1,0,0,0,0,1,0,0,0,1,0,1,critical
5.725,1.088,4,7,1,1,0,0,0,70,0,0,0,0,1,0,0,0,0,0,0,0,0,0,0,0,low
27.018,19.751,4,17,0,0,0,0,1,55,0,0,0,0,0,0,0,0,0,0,0,0,0,0,0,0,low
27.874,21.028,1,13,0,1,0,0,1,35,0,0,0,0,1,0,0,0,0,0,0,0,0,0,0,0,medium
3.382,9.861,4,3,2,1,0,0,1,63,0,0,0,0,1,0,0,0,0,0,0,0,0,0,0,0,low
2.952,3.341,3,6,0,1,0,0,1,30,0,0,0,0,0,0,0,0,0,0,0,0,0,0,0,0,medium
28.189,18.017,2,12,1,1,0,0,1,99,0,0,0,0,1,0,0,0,0,0,0,0,0,0,0,0,medium
11.449,16.504,1,20,2,1,0,0,0,31,0,0,0,0,1,0,0,0,0,0,0,0,0,0,0,0,medium
14.293,28.391,3,1,0,0,0,0,0,30,0,0,0,0,0,0,0,0,0,0,0,0,0,0,0,0,low
29.293,26.454,2,5,1,1,0,0,1,45,0,0,0,0,0,0,0,0,0,0,0,0,0,0,0,0,medium
0.061,18.952,3,14,0,0,0,0,0,68,0,0,0,0,0,0,0,0,0,0,0,0,0,0,0,0,low
26.492,12.442,4,12,0,0,0,0,1,21,0,0,0,0,0,0,0,0,0,0,0,0,0,0,0,0,medium
13.256,17.639,3,16,0,0,0,0,1,72,0,0,0,0,1,0,0,0,0,0,0,0,0,0,0,0,low
4.387,12.285,3,2,2,0,0,0,0,21,0,0,0,0,1,0,0,0,0,0,0,0,0,0,0,0,low
25.061,20.702,4,22,0,1,0,0,0,45,0,0,0,0,1,0,0,0,0,0,0,0,0,0,0,0,medium
95.394,75.807,41,165,1,1,0,1,0,473,1,1,0,1,0,0,0,0,0,1,1,1,0,0,0,1,medium
70.267,63.442,35,29,8,1,0,0,0,166,1,1,1,1,0,0,1,1,0,1,1,0,1,1,1,1,critical
51.094,96.140,25,190,9,1,0,0,0,154,1,1,0,1,0,1,0,0,1,1,0,0,0,1,1,1,high
28.702,10.231,3,14,0,0,0,0,1,49,0,0,0,0,0,0,0,0,0,0,0,0,0,0,0,0,low
25.386,23.130,1,0,1,1,0,0,0,60,0,0,0,0,0,0,0,0,0,0,0,0,0,0,0,0,medium
25.664,28.789,2,9,0,0,0,0,0,35,0,0,0,0,0,0,0,0,0,0,0,0,0,0,0,0,low
28.450,13.061,3,16,1,1,0,0,1,52,0,0,0,0,1,0,0,0,0,0,0,0,0,0,0,0,medium
17.272,29.529,1,23,0,0,0,0,1,8,0,0,0,0,1,0,0,0,0,0,0,0,0,0,0,0,medium
25.328,20.248,1,13,1,0,0,0,1,69,0,0,0,0,0,0,0,0,0,0,0,0,0,0,0,0,low
14.631,10.439,5,0,1,1,0,0,1,38,0,0,0,0,1,0,0,0,0,0,0,0,0,0,0,0,low
89.572,93.167,50,82,9,1,0,0,0,114,1,1,0,0,0,0,0,0,1,1,1,0,0,0,1,1,critical
6.300,3.622,4,19,0,0,0,0,0,20,0,0,0,0,1,0,0,0,0,0,0,0,0,0,0,0,medium
28.478,8.354,4,19,2,0,0,0,1,23,0,0,0,0,1,0,0,0,0,0,0,0,0,0,0,0,low
18.653,13.937,5,12,0,0,0,0,1,51,0,0,0,0,0,0,0,0,0,0,0,0,0,0,0,0,medium
20.229,3.863,2,24,2,0,0,0,0,100,0,0,0,0,1,0,0,0,0,0,0,0,0,0,0,0,low
8.623,3.153,2,3,2,1,0,0,1,65,0,0,0,0,1,0,0,0,0,0,0,0,0,0,0,0,medium
16.481,25.072,5,26,0,0,0,0,0,87,0,0,0,0,0,0,0,0,0,0,0,0,0,0,0,0,low
98.171,93.873,28,161,9,1,1,0,0,411,1,1,1,1,1,0,1,0,0,1,1,1,1,1,1,1,medium
28.563,13.592,2,26,1,0,0,0,0,80,0,0,0,0,0,0,0,0,0,0,0,0,0,0,0,0,low
12.267,14.040,5,27,1,1,0,0,0,43,0,0,0,0,0,0,0,0,0,0,0,0,0,0,0,0,medium
3.543,19.201,2,6,0,0,0,0,0,83,0,0,0,0,1,0,0,0,0,0,0,0,0,0,0,0,medium
2.725,7.008,1,8,0,1,0,0,0,83,0,0,0,0,0,0,0,0,0,0,0,0,0,0,0,0,medium
51.438,59.087,42,196,3,1,1,1,0,474,1,1,0,0,1,1,1,0,1,1,1,1,0,0,1,1,medium
25.303,24.771,1,2,1,0,0,0,1,98,0,0,0,0,1,0,0,0,0,0,0,0,0,0,0,0,low
10.069,1.982,5,29,1,1,0,0,0,24,0,0,0,0,0,0,0,0,0,0,0,0,0,0,0,0,low
24.480,22.439,2,7,2,0,0,0,0,87,0,0,0,0,0,0,0,0,0,0,0,0,0,0,0,0,medium
17.195,0.855,1,10,0,1,0,0,1,100,0,0,0,0,1,0,0,0,0,0,0,0,0,0,0,0,low
24.829,28.452,2,3,0,1,0,0,0,48,0,0,0,0,1,0,0,0,0,0,0,0,0,0,0,0,low
22.226,27.739,2,6,0,1,0,0,0,42,0,0,0,0,0,0,0,0,0,0,0,0,0,0,0,0,low
72.724,82.347,19,183,10,1,1,0,0,78,1,1,0,0,1,1,0,1,0,1,1,1,0,1,0,1,critical
86.841,63.657,40,17,9,1,0,0,0,280,1,1,1,0,1,1,1,0,0,1,1,1,0,1,0,1,critical
28.852,9.385,2,28,2,0,0,0,0,55,0,0,0,0,0,0,0,0,0,0,0,0,0,0,0,0,low
18.514,5.024,5,27,2,1,0,0,1,63,0,0,0,0,1,0,0,0,0,0,0,0,0,0,0,0,low
24.991,6.455,3,17,2,0,0,0,0,41,0,0,0,0,0,0,0,0,0,0,0,0,0,0,0,0,low
28.845,6.563,2,13,2,0,0,0,0,64,0,0,0,0,1,0,0,0,0,0,0,0,0,0,0,0,low
71.537,97.484,6,70,8,1,1,1,0,341,1,1,0,1,1,0,1,1,0,1,0,0,1,0,0,1,medium
55.768,69.962,34,140,7,1,0,0,0,417,1,1,1,1,0,1,0,0,0,1,0,0,0,1,1,1,high
11.731,17.728,5,11,0,0,0,0,1,53,0,0,0,0,0,0,0,0,0,0,0,0,0,0,0,0,medium
19.851,6.918,1,3,0,0,0,0,1,21,0,0,0,0,0,0,0,0,0,0,0,0,0,0,0,0,medium
18.787,15.144,2,10,0,0,0,0,1,75,0,0,0,0,1,0,0,0,0,0,0,0,0,0,0,0,low
6.122,17.523,3,11,1,1,0,0,0,5,0,0,0,0,1,0,0,0,0,0,0,0,0,0,0,0,medium
71.982,75.604,46,133,2,1,1,0,0,91,1,1,0,1,1,0,0,1,0,1,0,1,1,0,1,1,critical
8.108,19.974,4,7,2,1,0,0,0,23,0,0,0,0,0,0,0,0,0,0,0,0,0,0,0,0,low
11.130,3.508,4,10,1,0,0,0,1,92,0,0,0,0,0,0,0,0,0,0,0,0,0,0,0,0,low
73.667,77.457,33,166,10,1,0,1,0,93,1,1,0,1,1,0,1,0,0,1,0,0,0,1,1,1,medium
54.713,74.122,15,26,10,1,1,1,0,252,1,1,0,1,1,0,1,0,0,1,1,0,1,1,1,1,medium
27.488,16.012,1,13,0,1,0,0,1,72,0,0,0,0,0,0,0,0,0,0,0,0,0,0,0,0,low
98.039,65.158,26,180,8,1,1,1,0,413,1,1,0,0,0,1,0,1,1,1,0,1,1,0,0,1,high
29.584,21.998,5,30,2,1,0,0,0,66,0,0,0,0,0,0,0,0,0,0,0,0,0,0,0,0,medium
93.849,62.506,39,67,7,1,0,0,0,57,1,1,1,1,0,0,1,1,0,1,0,1,1,0,1,1,critical
83.869,95.771,7,176,1,1,0,0,0,185,1,1,1,1,1,1,0,0,1,1,1,1,0,1,1,1,critical
26.370,20.626,5,16,1,1,0,0,1,42,0,0,0,0,0,0,0,0,0,0,0,0,0,0,0,0,medium
10.849,22.386,3,30,2,0,0,0,0,50,0,0,0,0,0,0,0,0,0,0,0,0,0,0,0,0,low
7.758,5.094,1,18,0,0,0,0,1,50,0,0,0,0,0,0,0,0,0,0,0,0,0,0,0,0,low
25.944,3.561,2,2,2,0,0,0,1,39,0,0,0,0,1,0,0,0,0,0,0,0,0,0,0,0,medium
15.814,3.234,2,27,0,1,0,0,0,28,0,0,0,0,1,0,0,0,0,0,0,0,0,0,0,0,low
17.323,20.767,2,0,1,0,0,0,0,61,0,0,0,0,1,0,0,0,0,0,0,0,0,0,0,0,medium
17.948,5.182,4,1,2,0,0,0,0,86,0,0,0,0,1,0,0,0,0,0,0,0,0,0,0,0,low
5.454,28.725,5,7,0,1,0,0,1,52,0,0,0,0,0,0,0,0,0,0,0,0,0,0,0,0,medium
24.825,23.763,1,12,2,1,0,0,0,22,0,0,0,0,0,0,0,0,0,0,0,0,0,0,0,0,medium
3.427,3.053,3,28,1,0,0,0,1,95,0,0,0,0,1,0,0,0,0,0,0,0,0,0,0,0,medium
52.341,74.671,41,87,10,1,1,1,0,131,1,1,0,1,1,0,1,1,0,1,1,0,0,1,0,1,medium
9.141,10.486,3,3,1,0,0,0,1,47,0,0,0,0,1,0,0,0,0,0,0,0,0,0,0,0,low
21.453,7.714,3,14,1,1,0,0,1,39,0,0,0,0,0,0,0,0,0,0,0,0,0,0,0,0,low
28.574,17.775,4,29,2,1,0,0,0,50,0,0,0,0,0,0,0,0,0,0,0,0,0,0,0,0,medium
22.390,0.671,5,14,2,0,0,0,0,46,0,0,0,0,0,0,0,0,0,0,0,0,0,0,0,0,low
11.918,14.690,2,9,1,0,0,0,0,45,0,0,0,0,1,0,0,0,0,0,0,0,0,0,0,0,medium
72.119,54.612,18,160,9,1,0,1,0,172,1,1,1,0,0,1,0,1,1,1,0,0,1,0,0,1,medium
16.402,0.461,3,20,2,1,0,0,1,12,0,0,0,0,1,0,0,0,0,0,0,0,0,0,0,0,medium
81.622,79.550,16,17,10,1,0,1,0,283,1,1,0,0,1,1,1,0,1,1,1,1,0,1,1,1,high
2.971,8.557,5,9,1,1,0,0,1,73,0,0,0,0,0,0,0,0,0,0,0,0,0,0,0,0,low
25.914,4.785,5,6,1,0,0,0,1,11,0,0,0,0,0,0,0,0,0,0,0,0,0,0,0,0,medium
23.627,18.949,3,17,2,1,0,0,0,32,0,0,0,0,1,0,0,0,0,0,0,0,0,0,0,0,medium
3.009,17.648,2,21,0,1,0,0,1,22,0,0,0,0,0,0,0,0,0,0,0,0,0,0,0,0,medium
57.075,78.391,25,95,7,1,1,1,0,42,1,1,1,0,1,0,0,0,1,1,0,1,1,0,1,1,high
13.640,18.073,5,6,0,0,0,0,1,71,0,0,0,0,1,0,0,0,0,0,0,0,0,0,0,0,low
94.591,57.276,30,184,5,1,1,1,0,305,1,1,1,1,0,0,0,1,1,1,0,0,1,1,1,1,medium
20.163,5.007,2,9,2,1,0,0,0,12,0,0,0,0,1,0,0,0,0,0,0,0,0,0,0,0,medium
18.242,28.442,3,26,2,0,0,0,0,44,0,0,0,0,1,0,0,0,0,0,0,0,0,0,0,0,low
59.044,87.669,15,41,7,1,0,0,0,243,1,1,1,0,0,1,0,0,0,1,1,1,0,0,0,1,high
59.712,76.022,47,178,5,1,0,0,0,270,1,1,1,1,1,0,0,1,0,1,1,1,0,0,0,1,critical
72.575,97.132,6,190,10,1,1,1,0,88,1,1,1,1,0,1,0,0,1,1,1,1,0,1,1,1,medium
56.277,64.517,13,70,5,1,0,1,0,22,1,1,0,0,1,1,1,0,1,1,0,1,1,0,1,1,medium
19.151,22.810,2,30,0,1,0,0,0,87,0,0,0,0,0,0,0,0,0,0,0,0,0,0,0,0,low
68.958,53.041,47,134,5,1,0,1,0,248,1,1,1,0,1,0,0,1,0,1,1,0,0,0,0,1,medium
7.804,28.035,1,20,2,0,0,0,1,23,0,0,0,0,1,0,0,0,0,0,0,0,0,0,0,0,medium
10.953,13.231,4,2,0,0,0,0,1,89,0,0,0,0,0,0,0,0,0,0,0,0,0,0,0,0,medium
8.655,2.315,1,12,2,0,0,0,0,97,0,0,0,0,0,0,0,0,0,0,0,0,0,0,0,0,medium
24.607,3.025,4,8,2,1,0,0,0,76,0,0,0,0,1,0,0,0,0,0,0,0,0,0,0,0,low
29.227,3.821,1,19,1,1,0,0,1,68,0,0,0,0,0,0,0,0,0,0,0,0,0,0,0,0,medium
13.761,2.841,1,30,1,0,0,0,0,28,0,0,0,0,0,0,0,0,0,0,0,0,0,0,0,0,medium
22.371,8.973,1,28,1,0,0,0,1,39,0,0,0,0,1,0,0,0,0,0,0,0,0,0,0,0,medium
27.176,16.068,1,27,0,0,0,0,0,52,0,0,0,0,1,0,0,0,0,0,0,0,0,0,0,0,medium
16.801,16.850,4,27,2,0,0,0,0,12,0,0,0,0,1,0,0,0,0,0,0,0,0,0,0,0,low
2.190,15.678,4,15,1,0,0,0,0,19,0,0,0,0,0,0,0,0,0,0,0,0,0,0,0,0,medium
26.244,24.685,1,22,2,0,0,0,1,73,0,0,0,0,1,0,0,0,0,0,0,0,0,0,0,0,low
97.096,87.082,24,193,10,1,0,0,0,403,1,1,1,1,0,0,1,0,1,1,0,0,1,0,0,1,high
22.262,16.838,1,6,1,0,0,0,1,80,0,0,0,0,0,0,0,0,0,0,0,0,0,0,0,0,low
27.994,11.367,4,15,0,1,0,0,0,27,0,0,0,0,0,0,0,0,0,0,0,0,0,0,0,0,medium
14.022,22.033,3,15,0,0,0,0,0,72,0,0,0,0,1,0,0,0,0,0,0,0,0,0,0,0,low
9.821,13.020,2,28,2,0,0,0,1,40,0,0,0,0,0,0,0,0,0,0,0,0,0,0,0,0,low
0.570,25.098,1,29,0,1,0,0,0,44,0,0,0,0,0,0,0,0,0,0,0,0,0,0,0,0,low
75.250,93.222,20,49,4,1,0,1,0,297,1,1,1,0,1,0,1,0,1,1,0,0,0,1,0,1,high
17.949,20.280,4,6,1,0,0,0,1,29,0,0,0,0,0,0,0,0,0,0,0,0,0,0,0,0,low
97.294,72.429,26,161,5,1,0,0,0,353,1,1,0,1,1,0,1,1,1,1,1,0,1,0,1,1,critical
19.242,4.335,2,5,2,0,0,0,0,40,0,0,0,0,1,0,0,0,0,0,0,0,0,0,0,0,low
84.765,59.965,23,101,1,1,0,0,0,78,1,1,0,1,0,0,1,1,0,1,0,0,0,0,0,1,critical
23.784,24.485,5,22,0,0,0,0,0,33,0,0,0,0,0,0,0,0,0,0,0,0,0,0,0,0,low
15.814,13.793,4,28,1,1,0,0,0,99,0,0,0,0,1,0,0,0,0,0,0,0,0,0,0,0,medium
0.306,15.653,2,20,0,0,0,0,1,68,0,0,0,0,1,0,0,0,0,0,0,0,0,0,0,0,medium
80.741,82.968,11,93,2,1,0,0,0,270,1,1,1,1,1,0,1,1,1,1,0,0,0,0,1,1,critical
18.768,28.804,1,5,0,0,0,0,0,28,0,0,0,0,1,0,0,0,0,0,0,0,0,0,0,0,medium
25.275,9.149,4,1,1,0,0,0,0,35,0,0,0,0,0,0,0,0,0,0,0,0,0,0,0,0,low
58.120,95.617,24,73,4,1,0,1,0,107,1,1,0,1,1,0,1,1,0,1,1,1,0,1,1,1,medium
6.985,13.573,1,8,0,1,0,0,0,7,0,0,0,0,1,0,0,0,0,0,0,0,0,0,0,0,low
19.715,17.730,1,29,2,1,0,0,0,70,0,0,0,0,1,0,0,0,0,0,0,0,0,0,0,0,low
24.809,2.261,5,6,1,0,0,0,1,57,0,0,0,0,1,0,0,0,0,0,0,0,0,0,0,0,medium
29.774,4.462,5,2,0,1,0,0,1,22,0,0,0,0,1,0,0,0,0,0,0,0,0,0,0,0,low
73.889,65.346,32,165,8,1,0,0,0,227,1,1,0,0,1,1,1,0,1,1,0,1,1,1,0,1,medium
18.117,13.253,5,3,0,0,0,0,1,50,0,0,0,0,0,0,0,0,0,0,0,0,0,0,0,0,medium
95.087,56.441,32,107,2,1,0,1,0,481,1,1,1,0,0,1,1,0,0,1,0,1,0,0,0,1,critical
94.742,52.593,41,139,1,1,0,1,0,161,1,1,1,1,1,0,0,1,0,1,0,0,0,1,1,1,critical
21.409,5.978,5,10,1,1,0,0,0,32,0,0,0,0,0,0,0,0,0,0,0,0,0,0,0,0,medium
99.632,66.223,28,115,6,1,0,1,0,461,1,1,1,1,1,0,0,0,1,1,1,1,0,1,0,1,critical
12.032,27.443,4,10,2,1,0,0,1,64,0,0,0,0,1,0,0,0,0,0,0,0,0,0,0,0,medium
18.874,14.896,1,25,1,0,0,0,1,23,0,0,0,0,0,0,0,0,0,0,0,0,0,0,0,0,low
86.016,80.887,47,182,2,1,1,0,0,349,1,1,0,0,1,0,0,1,1,1,1,1,1,1,0,1,critical
92.227,73.787,11,97,6,1,0,1,0,119,1,1,0,0,0,0,0,1,0,1,0,1,0,1,0,1,critical
71.188,73.850,36,190,5,1,0,1,0,358,1,1,1,0,1,0,0,0,0,1,0,0,0,0,0,1,critical
14.996,0.708,1,23,0,1,0,0,1,81,0,0,0,0,0,0,0,0,0,0,0,0,0,0,0,0,medium
71.810,66.531,30,117,4,1,0,1,0,35,1,1,0,0,1,0,1,1,1,1,1,1,0,1,1,1,critical
24.215,19.633,2,22,2,0,0,0,0,92,0,0,0,0,1,0,0,0,0,0,0,0,0,0,0,0,medium
74.153,98.995,25,66,8,1,1,1,0,373,1,1,0,1,1,1,1,0,0,1,0,0,1,0,1,1,high
23.515,25.851,4,15,1,1,0,0,1,72,0,0,0,0,1,0,0,0,0,0,0,0,0,0,0,0,low
80.582,95.317,24,64,3,1,1,1,0,230,1,1,1,0,1,1,1,0,0,1,1,1,1,0,1,1,high
81.122,82.747,7,138,6,1,1,1,0,143,1,1,0,0,0,1,0,1,0,1,0,1,1,0,1,1,high
50.239,69.978,49,10,3,1,1,0,0,389,1,1,1,1,0,0,0,1,0,1,1,1,1,0,0,1,medium
27.218,5.713,1,27,1,1,0,0,1,78,0,0,0,0,0,0,0,0,0,0,0,0,0,0,0,0,low
7.594,12.701,2,30,1,1,0,0,0,94,0,0,0,0,0,0,0,0,0,0,0,0,0,0,0,0,low
15.075,13.268,3,27,0,0,0,0,1,93,0,0,0,0,0,0,0,0,0,0,0,0,0,0,0,0,low
94.351,57.265,39,83,6,1,0,0,0,308,1,1,0,1,0,1,1,1,0,1,1,1,0,0,0,1,high
54.649,97.773,45,71,8,1,1,1,0,302,1,1,1,1,0,0,1,1,1,1,1,0,1,1,0,1,high
20.705,16.698,3,20,2,1,0,0,1,91,0,0,0,0,0,0,0,0,0,0,0,0,0,0,0,0,medium
8.522,29.019,3,28,1,0,0,0,0,60,0,0,0,0,1,0,0,0,0,0,0,0,0,0,0,0,low
26.321,11.049,4,24,2,0,0,0,0,20,0,0,0,0,1,0,0,0,0,0,0,0,0,0,0,0,low
13.240,5.505,3,15,2,1,0,0,1,61,0,0,0,0,0,0,0,0,0,0,0,0,0,0,0,0,low
6.624,28.843,1,1,2,1,0,0,0,44,0,0,0,0,1,0,0,0,0,0,0,0,0,0,0,0,medium
8.434,12.387,5,2,1,0,0,0,1,7,0,0,0,0,0,0,0,0,0,0,0,0,0,0,0,0,low
2.092,15.322,5,11,2,1,0,0,0,77,0,0,0,0,0,0,0,0,0,0,0,0,0,0,0,0,low
20.744,22.504,5,13,1,1,0,0,1,64,0,0,0,0,0,0,0,0,0,0,0,0,0,0,0,0,medium
76.412,80.895,17,127,2,1,1,1,0,154,1,1,1,1,0,1,0,0,1,1,0,1,0,1,0,1,medium
26.892,7.875,1,26,1,1,0,0,0,22,0,0,0,0,1,0,0,0,0,0,0,0,0,0,0,0,medium
97.358,62.017,38,100,3,1,1,0,0,397,1,1,1,1,0,1,1,1,0,1,1,1,1,0,1,1,medium
4.196,21.392,1,2,0,1,0,0,0,33,0,0,0,0,1,0,0,0,0,0,0,0,0,0,0,0,medium
0.559,24.296,4,2,2,1,0,0,1,50,0,0,0,0,1,0,0,0,0,0,0,0,0,0,0,0,low
86.715,55.412,19,101,3,1,1,1,0,103,1,1,0,0,0,0,0,1,0,1,0,1,1,0,0,1,critical
60.465,82.420,21,155,4,1,0,0,0,487,1,1,0,0,1,0,1,0,1,1,0,0,1,0,0,1,critical
93.888,98.873,27,29,2,1,1,1,0,308,1,1,1,0,1,0,0,0,1,1,1,1,1,0,0,1,critical
26.647,3.789,2,2,2,1,0,0,1,24,0,0,0,0,1,0,0,0,0,0,0,0,0,0,0,0,low
23.487,3.563,3,21,1,0,0,0,0,80,0,0,0,0,0,0,0,0,0,0,0,0,0,0,0,0,medium
12.507,5.567,3,0,2,0,0,0,1,68,0,0,0,0,1,0,0,0,0,0,0,0,0,0,0,0,low
21.588,27.633,5,20,2,0,0,0,0,36,0,0,0,0,1,0,0,0,0,0,0,0,0,0,0,0,low
5.655,24.930,1,14,0,0,0,0,0,79,0,0,0,0,0,0,0,0,0,0,0,0,0,0,0,0,medium
84.915,73.087,26,40,7,1,1,1,0,442,1,1,1,0,0,1,0,1,0,1,1,0,1,1,0,1,critical
5.576,16.835,5,20,2,0,0,0,0,23,0,0,0,0,1,0,0,0,0,0,0,0,0,0,0,0,medium
23.898,11.317,4,25,2,1,0,0,0,90,0,0,0,0,0,0,0,0,0,0,0,0,0,0,0,0,medium
1.900,10.864,5,21,0,1,0,0,1,89,0,0,0,0,1,0,0,0,0,0,0,0,0,0,0,0,medium
6.767,10.908,5,19,0,0,0,0,1,69,0,0,0,0,0,0,0,0,0,0,0,0,0,0,0,0,medium
15.437,19.957,5,11,2,0,0,0,1,41,0,0,0,0,1,0,0,0,0,0,0,0,0,0,0,0,medium
84.562,58.220,42,163,5,1,0,1,0,27,1,1,1,1,1,0,1,0,1,1,0,1,0,0,0,1,medium
16.938,2.830,3,0,2,0,0,0,0,14,0,0,0,0,1,0,0,0,0,0,0,0,0,0,0,0,medium
15.862,0.680,5,3,2,1,0,0,1,63,0,0,0,0,1,0,0,0,0,0,0,0,0,0,0,0,medium
29.152,24.903,5,10,1,0,0,0,0,47,0,0,0,0,1,0,0,0,0,0,0,0,0,0,0,0,low
2.647,9.873,1,30,1,1,0,0,1,64,0,0,0,0,0,0,0,0,0,0,0,0,0,0,0,0,low
25.567,21.754,5,13,0,1,0,0,0,35,0,0,0,0,0,0,0,0,0,0,0,0,0,0,0,0,low
52.567,95.626,30,42,5,1,0,1,0,162,1,1,1,1,0,0,0,0,1,1,1,1,0,0,0,1,critical
4.163,1.996,5,22,0,0,0,0,1,42,0,0,0,0,1,0,0,0,0,0,0,0,0,0,0,0,medium
13.497,18.978,3,8,1,1,0,0,1,28,0,0,0,0,0,0,0,0,0,0,0,0,0,0,0,0,low
58.989,51.638,44,27,7,1,0,1,0,296,1,1,1,0,0,1,1,0,0,1,0,1,1,1,0,1,high
27.250,6.645,3,0,0,1,0,0,0,41,0,0,0,0,0,0,0,0,0,0,0,0,0,0,0,0,low
27.692,29.187,3,30,0,0,0,0,0,45,0,0,0,0,0,0,0,0,0,0,0,0,0,0,0,0,low
59.630,60.312,16,90,8,1,0,1,0,222,1,1,1,1,0,0,1,0,1,1,1,0,0,1,1,1,critical
20.838,16.075,1,10,2,0,0,0,1,69,0,0,0,0,1,0,0,0,0,0,0,0,0,0,0,0,medium
27.856,10.266,2,23,0,1,0,0,1,71,0,0,0,0,0,0,0,0,0,0,0,0,0,0,0,0,low
21.427,8.710,5,20,2,0,0,0,0,85,0,0,0,0,1,0,0,0,0,0,0,0,0,0,0,0,medium
3.343,26.088,4,16,0,0,0,0,0,50,0,0,0,0,1,0,0,0,0,0,0,0,0,0,0,0,medium
56.172,98.124,42,198,6,1,0,1,0,392,1,1,0,0,0,0,0,0,1,1,1,1,0,0,1,1,critical
80.362,56.307,36,54,1,1,1,1,0,463,1,1,0,1,0,1,1,0,0,1,0,0,1,0,0,1,high
5.089,11.905,5,29,2,1,0,0,1,36,0,0,0,0,0,0,0,0,0,0,0,0,0,0,0,0,low
27.797,4.808,4,30,2,1,0,0,1,14,0,0,0,0,0,0,0,0,0,0,0,0,0,0,0,0,medium
13.148,29.859,1,26,1,0,0,0,1,43,0,0,0,0,1,0,0,0,0,0,0,0,0,0,0,0,medium
8.262,19.171,2,16,0,1,0,0,1,10,0,0,0,0,0,0,0,0,0,0,0,0,0,0,0,0,low
20.365,5.830,4,14,0,1,0,0,0,94,0,0,0,0,1,0,0,0,0,0,0,0,0,0,0,0,medium
22.762,29.215,3,3,0,0,0,0,1,32,0,0,0,0,0,0,0,0,0,0,0,0,0,0,0,0,medium
20.693,8.328,2,28,2,1,0,0,0,75,0,0,0,0,1,0,0,0,0,0,0,0,0,0,0,0,medium
60.230,69.416,29,76,10,1,0,1,0,469,1,1,1,1,1,1,0,0,1,1,1,1,0,0,1,1,medium
3.417,0.039,5,0,0,0,0,0,1,34,0,0,0,0,0,0,0,0,0,0,0,0,0,0,0,0,medium
0.742,21.542,1,30,1,0,0,0,1,24,0,0,0,0,1,0,0,0,0,0,0,0,0,0,0,0,low
74.125,72.721,29,164,6,1,1,0,0,435,1,1,1,1,1,1,1,0,0,1,0,1,1,1,1,1,medium
77.089,99.301,18,18,1,1,1,0,0,422,1,1,0,0,1,1,0,1,1,1,0,0,1,1,1,1,medium
27.853,19.804,5,28,0,1,0,0,0,95,0,0,0,0,0,0,0,0,0,0,0,0,0,0,0,0,medium
14.440,9.445,4,16,0,0,0,0,1,68,0,0,0,0,0,0,0,0,0,0,0,0,0,0,0,0,low
20.052,6.945,4,22,2,1,0,0,1,89,0,0,0,0,0,0,0,0,0,0,0,0,0,0,0,0,low
12.067,13.662,3,27,1,1,0,0,0,34,0,0,0,0,1,0,0,0,0,0,0,0,0,0,0,0,medium
21.265,26.633,4,25,0,1,0,0,1,74,0,0,0,0,1,0,0,0,0,0,0,0,0,0,0,0,medium
26.305,23.583,1,7,0,1,0,0,0,57,0,0,0,0,1,0,0,0,0,0,0,0,0,0,0,0,low
28.542,28.361,2,2,2,1,0,0,0,93,0,0,0,0,1,0,0,0,0,0,0,0,0,0,0,0,low
95.350,52.698,34,59,10,1,0,1,0,139,1,1,0,0,1,1,1,1,0,1,1,1,0,0,0,1,medium
74.705,79.831,28,120,3,1,1,0,0,374,1,1,1,1,0,0,1,0,1,1,1,1,0,1,1,1,critical
12.526,4.851,5,27,1,0,0,0,0,38,0,0,0,0,1,0,0,0,0,0,0,0,0,0,0,0,medium
60.872,53.921,19,65,10,1,0,1,0,95,1,1,1,0,0,0,0,1,1,1,1,1,1,0,0,1,critical
93.546,66.363,20,70,4,1,1,1,0,26,1,1,1,1,0,1,0,1,0,1,1,1,0,0,1,1,critical
14.694,12.960,4,4,1,0,0,0,0,70,0,0,0,0,1,0,0,0,0,0,0,0,0,0,0,0,low
19.417,27.242,3,18,0,1,0,0,0,88,0,0,0,0,0,0,0,0,0,0,0,0,0,0,0,0,low
13.827,0.151,4,18,1,0,0,0,1,35,0,0,0,0,1,0,0,0,0,0,0,0,0,0,0,0,low
52.088,79.070,8,11,9,1,1,0,0,463,1,1,1,0,0,1,1,1,0,1,1,1,0,0,0,1,high
23.719,9.220,2,29,2,1,0,0,0,39,0,0,0,0,1,0,0,0,0,0,0,0,0,0,0,0,medium
0.946,25.740,5,5,0,1,0,0,1,61,0,0,0,0,0,0,0,0,0,0,0,0,0,0,0,0,medium
0.380,18.049,2,4,1,0,0,0,1,81,0,0,0,0,0,0,0,0,0,0,0,0,0,0,0,0,medium
19.689,9.975,3,30,2,0,0,0,1,68,0,0,0,0,0,0,0,0,0,0,0,0,0,0,0,0,medium
4.864,24.682,5,20,1,0,0,0,1,68,0,0,0,0,0,0,0,0,0,0,0,0,0,0,0,0,medium
22.684,23.598,1,13,1,0,0,0,1,39,0,0,0,0,1,0,0,0,0,0,0,0,0,0,0,0,medium
15.276,27.566,1,2,1,0,0,0,0,28,0,0,0,0,0,0,0,0,0,0,0,0,0,0,0,0,medium
51.757,76.273,9,76,9,1,1,0,0,387,1,1,1,0,1,1,0,1,1,1,1,1,0,0,0,1,critical
75.264,73.243,35,59,7,1,0,1,0,350,1,1,0,1,0,0,0,1,0,1,1,1,1,1,1,1,critical
98.429,55.308,11,113,8,1,0,1,0,281,1,1,0,1,1,1,0,0,0,1,0,1,1,1,1,1,high
29.373,5.528,1,29,1,0,0,0,0,12,0,0,0,0,1,0,0,0,0,0,0,0,0,0,0,0,medium
95.493,90.331,37,131,6,1,1,1,0,231,1,1,1,1,1,0,0,0,1,1,1,1,1,1,1,1,critical
80.874,98.072,9,36,7,1,0,1,0,265,1,1,0,1,1,1,1,0,1,1,0,0,0,0,1,1,high
95.194,55.135,10,72,8,1,1,1,0,373,1,1,1,1,1,0,0,1,0,1,1,0,1,0,1,1,medium
78.391,51.384,29,180,1,1,1,0,0,354,1,1,1,1,0,1,1,1,1,1,1,0,1,0,1,1,medium
56.165,69.439,44,37,5,1,1,0,0,113,1,1,1,1,1,1,1,1,1,1,0,1,1,0,0,1,medium
0.569,25.381,1,25,0,0,0,0,1,9,0,0,0,0,1,0,0,0,0,0,0,0,0,0,0,0,medium
26.447,26.522,5,25,2,0,0,0,0,74,0,0,0,0,1,0,0,0,0,0,0,0,0,0,0,0,medium
59.198,57.324,5,108,4,1,1,0,0,333,1,1,1,0,0,0,0,1,0,1,0,1,0,1,1,1,high
26.970,14.182,1,9,0,0,0,0,0,47,0,0,0,0,1,0,0,0,0,0,0,0,0,0,0,0,low
11.027,7.099,5,25,1,1,0,0,1,68,0,0,0,0,0,0,0,0,0,0,0,0,0,0,0,0,low
57.424,82.834,50,22,4,1,1,1,0,60,1,1,0,1,1,0,0,0,1,1,0,1,1,1,0,1,high
10.624,6.784,2,16,1,1,0,0,1,41,0,0,0,0,0,0,0,0,0,0,0,0,0,0,0,0,medium
16.324,14.062,2,3,2,1,0,0,1,69,0,0,0,0,0,0,0,0,0,0,0,0,0,0,0,0,low
6.711,8.153,1,6,2,1,0,0,1,9,0,0,0,0,0,0,0,0,0,0,0,0,0,0,0,0,medium
91.842,64.865,20,31,1,1,1,0,0,357,1,1,0,0,0,1,0,0,0,1,0,0,1,0,1,1,high
51.826,60.605,7,144,9,1,1,0,0,223,1,1,1,1,0,0,0,1,0,1,1,0,1,1,1,1,critical
12.394,14.431,3,15,0,1,0,0,1,52,0,0,0,0,0,0,0,0,0,0,0,0,0,0,0,0,medium
5.851,14.498,5,3,0,1,0,0,1,20,0,0,0,0,0,0,0,0,0,0,0,0,0,0,0,0,medium
23.152,14.642,4,10,0,0,0,0,1,99,0,0,0,0,0,0,0,0,0,0,0,0,0,0,0,0,low
4.507,14.017,1,28,2,1,0,0,0,77,0,0,0,0,1,0,0,0,0,0,0,0,0,0,0,0,low
16.191,25.359,2,28,1,1,0,0,1,94,0,0,0,0,0,0,0,0,0,0,0,0,0,0,0,0,low
20.349,15.141,2,15,2,0,0,0,1,33,0,0,0,0,0,0,0,0,0,0,0,0,0,0,0,0,medium
13.355,7.472,1,26,0,1,0,0,0,36,0,0,0,0,1,0,0,0,0,0,0,0,0,0,0,0,medium
24.480,12.324,4,17,0,0,0,0,1,58,0,0,0,0,0,0,0,0,0,0,0,0,0,0,0,0,low
56.291,51.187,28,92,10,1,1,0,0,360,1,1,1,1,0,0,0,0,1,1,1,1,1,1,1,1,critical
29.796,28.660,2,19,1,0,0,0,1,63,0,0,0,0,1,0,0,0,0,0,0,0,0,0,0,0,medium
4.750,5.589,2,20,1,1,0,0,1,22,0,0,0,0,1,0,0,0,0,0,0,0,0,0,0,0,medium
15.263,10.418,2,6,2,1,0,0,1,79,0,0,0,0,0,0,0,0,0,0,0,0,0,0,0,0,medium
11.410,0.585,5,28,1,1,0,0,0,90,0,0,0,0,0,0,0,0,0,0,0,0,0,0,0,0,low
7.850,23.607,5,28,2,0,0,0,1,98,0,0,0,0,0,0,0,0,0,0,0,0,0,0,0,0,low
81.943,86.602,19,121,9,1,1,1,0,109,1,1,0,0,1,0,0,0,1,1,0,1,1,0,0,1,high
88.119,91.521,32,165,9,1,1,0,0,359,1,1,0,1,0,1,1,0,0,1,0,0,0,0,0,1,high
59.199,84.941,45,18,7,1,1,0,0,401,1,1,0,0,0,0,0,1,1,1,0,0,1,1,1,1,medium
74.872,74.168,15,184,1,1,1,1,0,382,1,1,1,0,0,1,1,0,1,1,1,1,1,0,1,1,critical
99.835,64.612,19,72,8,1,1,1,0,51,1,1,1,1,0,1,0,1,1,1,0,1,0,0,0,1,high
9.897,1.770,5,1,1,0,0,0,0,59,0,0,0,0,1,0,0,0,0,0,0,0,0,0,0,0,medium
92.493,74.034,13,91,2,1,0,0,0,366,1,1,1,1,0,1,0,0,1,1,1,1,1,1,0,1,critical
95.065,67.249,15,100,9,1,0,1,0,258,1,1,1,1,1,0,0,0,0,1,0,0,0,1,0,1,high
1.239,27.846,4,17,0,0,0,0,1,86,0,0,0,0,0,0,0,0,0,0,0,0,0,0,0,0,medium
19.495,11.820,2,3,2,1,0,0,1,89,0,0,0,0,0,0,0,0,0,0,0,0,0,0,0,0,low
3.548,8.259,4,30,1,0,0,0,1,9,0,0,0,0,1,0,0,0,0,0,0,0,0,0,0,0,medium
24.576,12.203,4,21,1,0,0,0,0,71,0,0,0,0,1,0,0,0,0,0,0,0,0,0,0,0,medium
73.429,80.436,22,185,5,1,0,1,0,442,1,1,1,0,1,1,0,0,0,1,0,0,1,1,1,1,critical
16.871,15.506,1,22,2,0,0,0,0,62,0,0,0,0,1,0,0,0,0,0,0,0,0,0,0,0,medium
94.666,55.780,23,16,5,1,0,1,0,358,1,1,1,1,0,0,0,0,1,1,1,0,1,0,0,1,critical
2.341,16.516,5,24,1,1,0,0,0,37,0,0,0,0,0,0,0,0,0,0,0,0,0,0,0,0,medium
19.480,11.354,1,2,2,0,0,0,0,16,0,0,0,0,1,0,0,0,0,0,0,0,0,0,0,0,low
81.508,68.699,30,118,3,1,0,0,0,113,1,1,1,1,1,0,1,0,1,1,1,0,0,0,0,1,medium
27.013,18.198,3,20,0,1,0,0,0,24,0,0,0,0,1,0,0,0,0,0,0,0,0,0,0,0,medium
8.278,26.889,5,29,2,0,0,0,0,12,0,0,0,0,1,0,0,0,0,0,0,0,0,0,0,0,low
51.868,97.518,5,145,5,1,1,0,0,407,1,1,1,1,0,0,0,1,1,1,0,0,1,1,1,1,medium
53.073,74.802,42,160,1,1,0,0,0,87,1,1,0,0,0,0,0,0,1,1,1,1,1,1,1,1,high
16.124,9.802,2,25,0,0,0,0,1,41,0,0,0,0,1,0,0,0,0,0,0,0,0,0,0,0,medium
0.623,18.326,2,21,2,0,0,0,0,75,0,0,0,0,0,0,0,0,0,0,0,0,0,0,0,0,medium
72.575,96.078,38,177,3,1,1,0,0,144,1,1,1,1,0,1,1,1,1,1,1,0,1,0,1,1,critical
88.001,71.263,18,81,6,1,1,1,0,41,1,1,0,0,1,0,0,0,1,1,0,1,1,1,1,1,critical
22.798,29.237,4,19,0,0,0,0,1,43,0,0,0,0,1,0,0,0,0,0,0,0,0,0,0,0,low
20.239,1.347,1,1,2,1,0,0,0,37,0,0,0,0,0,0,0,0,0,0,0,0,0,0,0,0,medium
12.480,13.627,3,25,0,1,0,0,0,91,0,0,0,0,0,0,0,0,0,0,0,0,0,0,0,0,medium
10.867,12.606,2,21,2,1,0,0,0,37,0,0,0,0,1,0,0,0,0,0,0,0,0,0,0,0,low
72.102,92.952,21,117,1,1,1,1,0,125,1,1,0,1,0,1,0,0,0,1,1,0,1,0,1,1,critical
4.208,27.808,4,8,1,0,0,0,0,38,0,0,0,0,0,0,0,0,0,0,0,0,0,0,0,0,medium
4.328,26.281,2,30,1,0,0,0,0,48,0,0,0,0,1,0,0,0,0,0,0,0,0,0,0,0,medium
26.724,3.619,2,25,0,1,0,0,0,29,0,0,0,0,0,0,0,0,0,0,0,0,0,0,0,0,medium
77.383,96.149,40,36,3,1,1,0,0,315,1,1,0,1,1,0,1,0,1,1,1,1,1,0,1,1,medium
21.100,24.219,3,13,0,0,0,0,1,9,0,0,0,0,1,0,0,0,0,0,0,0,0,0,0,0,low
27.733,11.583,1,13,1,0,0,0,1,45,0,0,0,0,0,0,0,0,0,0,0,0,0,0,0,0,medium
79.693,88.774,6,187,8,1,1,0,0,265,1,1,1,0,0,0,0,0,0,1,0,0,1,1,0,1,critical
14.531,19.788,3,17,2,0,0,0,0,67,0,0,0,0,0,0,0,0,0,0,0,0,0,0,0,0,low
15.390,18.987,3,25,2,0,0,0,1,80,0,0,0,0,1,0,0,0,0,0,0,0,0,0,0,0,medium
26.373,3.764,3,15,2,0,0,0,0,45,0,0,0,0,1,0,0,0,0,0,0,0,0,0,0,0,medium
27.483,13.304,2,17,2,1,0,0,0,79,0,0,0,0,0,0,0,0,0,0,0,0,0,0,0,0,medium
13.646,24.982,5,2,2,1,0,0,0,6,0,0,0,0,1,0,0,0,0,0,0,0,0,0,0,0,low
26.933,1.408,4,21,2,1,0,0,0,47,0,0,0,0,0,0,0,0,0,0,0,0,0,0,0,0,medium
5.531,12.396,1,30,1,0,0,0,0,30,0,0,0,0,1,0,0,0,0,0,0,0,0,0,0,0,medium
96.635,63.043,15,185,4,1,0,0,0,136,1,1,0,1,1,1,1,1,0,1,0,0,1,1,1,1,high
73.249,57.385,16,26,4,1,0,1,0,306,1,1,0,1,1,1,1,1,0,1,1,0,1,0,0,1,medium
70.521,93.791,19,173,1,1,1,0,0,274,1,1,0,0,1,0,0,1,1,1,1,0,1,0,0,1,high
21.379,27.495,1,11,2,1,0,0,0,93,0,0,0,0,1,0,0,0,0,0,0,0,0,0,0,0,medium
77.063,67.266,20,99,5,1,0,1,0,319,1,1,0,0,1,1,0,0,1,1,0,1,0,0,0,1,medium
89.763,61.856,24,11,4,1,1,0,0,289,1,1,0,0,1,0,0,1,0,1,1,1,1,1,0,1,medium
14.185,6.002,3,8,2,0,0,0,1,14,0,0,0,0,0,0,0,0,0,0,0,0,0,0,0,0,medium
23.932,28.273,1,26,1,0,0,0,0,47,0,0,0,0,1,0,0,0,0,0,0,0,0,0,0,0,low
11.450,13.723,5,15,2,1,0,0,0,89,0,0,0,0,1,0,0,0,0,0,0,0,0,0,0,0,medium
22.137,24.334,5,0,1,1,0,0,1,78,0,0,0,0,0,0,0,0,0,0,0,0,0,0,0,0,medium
9.117,22.874,1,15,1,1,0,0,1,19,0,0,0,0,1,0,0,0,0,0,0,0,0,0,0,0,low
3.664,17.031,2,26,1,0,0,0,1,32,0,0,0,0,0,0,0,0,0,0,0,0,0,0,0,0,low
21.289,7.531,4,26,1,0,0,0,0,57,0,0,0,0,0,0,0,0,0,0,0,0,0,0,0,0,medium
61.085,95.253,40,67,2,1,0,1,0,354,1,1,0,1,1,1,0,0,0,1,1,0,1,1,0,1,critical
72.345,58.493,39,96,9,1,1,0,0,299,1,1,1,1,0,0,0,0,1,1,1,1,1,0,0,1,high
26.976,5.355,4,11,0,0,0,0,1,40,0,0,0,0,1,0,0,0,0,0,0,0,0,0,0,0,medium
2.501,0.556,5,8,0,0,0,0,1,8,0,0,0,0,0,0,0,0,0,0,0,0,0,0,0,0,low
64.251,74.522,44,172,10,1,0,1,0,476,1,1,0,0,0,0,0,1,0,1,1,0,0,0,1,1,critical
3.853,16.403,2,28,1,0,0,0,0,68,0,0,0,0,0,0,0,0,0,0,0,0,0,0,0,0,low
2.224,2.924,3,15,1,0,0,0,0,85,0,0,0,0,1,0,0,0,0,0,0,0,0,0,0,0,medium
87.540,78.494,43,63,8,1,1,1,0,367,1,1,1,1,0,1,0,1,0,1,1,0,1,0,1,1,critical
1.084,22.606,1,14,1,1,0,0,0,6,0,0,0,0,0,0,0,0,0,0,0,0,0,0,0,0,medium
97.547,89.161,9,85,10,1,0,1,0,66,1,1,0,0,1,1,1,0,1,1,0,0,0,0,0,1,critical
6.754,22.665,4,25,0,0,0,0,1,52,0,0,0,0,1,0,0,0,0,0,0,0,0,0,0,0,medium
85.425,62.884,36,151,8,1,0,1,0,370,1,1,1,0,0,1,1,0,1,1,1,1,1,0,0,1,medium
9.793,28.084,4,6,0,1,0,0,1,48,0,0,0,0,0,0,0,0,0,0,0,0,0,0,0,0,medium
98.922,58.270,38,62,6,1,0,0,0,423,1,1,1,0,1,0,1,1,1,1,1,1,0,0,1,1,critical
61.752,96.312,50,94,10,1,0,1,0,166,1,1,1,1,0,0,1,1,0,1,0,1,0,1,0,1,critical
7.415,18.540,1,4,2,1,0,0,1,5,0,0,0,0,0,0,0,0,0,0,0,0,0,0,0,0,medium
19.626,4.658,2,5,1,1,0,0,1,73,0,0,0,0,1,0,0,0,0,0,0,0,0,0,0,0,medium
9.603,3.919,3,27,2,0,0,0,0,53,0,0,0,0,1,0,0,0,0,0,0,0,0,0,0,0,medium
24.550,25.929,3,18,0,0,0,0,1,38,0,0,0,0,1,0,0,0,0,0,0,0,0,0,0,0,low
6.308,1.697,2,3,0,0,0,0,1,61,0,0,0,0,1,0,0,0,0,0,0,0,0,0,0,0,medium
80.347,56.695,7,46,7,1,1,1,0,248,1,1,1,1,1,1,1,0,0,1,1,0,1,0,1,1,high
8.289,18.485,4,9,2,1,0,0,1,83,0,0,0,0,0,0,0,0,0,0,0,0,0,0,0,0,low
70.997,99.570,38,19,1,1,1,1,0,300,1,1,0,1,0,1,0,1,0,1,0,1,0,0,1,1,critical
4.077,18.844,1,9,0,0,0,0,0,64,0,0,0,0,0,0,0,0,0,0,0,0,0,0,0,0,medium
24.116,2.814,1,10,2,0,0,0,1,59,0,0,0,0,1,0,0,0,0,0,0,0,0,0,0,0,low
67.119,89.472,25,164,4,1,0,0,0,100,1,1,0,0,0,0,1,1,1,1,0,0,1,0,1,1,high
23.575,14.163,1,20,0,0,0,0,1,76,0,0,0,0,0,0,0,0,0,0,0,0,0,0,0,0,medium
10.571,9.030,5,16,1,1,0,0,0,61,0,0,0,0,0,0,0,0,0,0,0,0,0,0,0,0,medium
5.753,21.195,2,21,2,0,0,0,0,86,0,0,0,0,0,0,0,0,0,0,0,0,0,0,0,0,medium
17.617,14.088,4,11,2,0,0,0,1,18,0,0,0,0,0,0,0,0,0,0,0,0,0,0,0,0,medium
96.425,74.609,31,197,3,1,0,1,0,496,1,1,1,1,1,0,0,1,0,1,0,0,1,0,1,1,critical
21.720,0.788,5,19,2,0,0,0,0,47,0,0,0,0,0,0,0,0,0,0,0,0,0,0,0,0,medium
9.747,24.925,5,9,2,1,0,0,1,37,0,0,0,0,0,0,0,0,0,0,0,0,0,0,0,0,medium
23.415,3.493,5,0,1,0,0,0,0,7,0,0,0,0,0,0,0,0,0,0,0,0,0,0,0,0,low
28.716,14.761,3,28,1,1,0,0,0,45,0,0,0,0,1,0,0,0,0,0,0,0,0,0,0,0,low
61.093,79.199,5,13,2,1,1,0,0,387,1,1,0,0,0,1,1,1,0,1,1,1,0,1,0,1,high
12.255,26.620,5,21,1,0,0,0,1,90,0,0,0,0,0,0,0,0,0,0,0,0,0,0,0,0,medium
24.566,15.776,1,17,2,1,0,0,0,17,0,0,0,0,1,0,0,0,0,0,0,0,0,0,0,0,low
13.612,7.841,4,30,0,1,0,0,0,15,0,0,0,0,1,0,0,0,0,0,0,0,0,0,0,0,medium
7.797,22.282,3,21,0,1,0,0,1,90,0,0,0,0,1,0,0,0,0,0,0,0,0,0,0,0,medium
84.769,94.768,6,15,10,1,1,1,0,147,1,1,0,1,1,0,0,1,0,1,1,1,1,0,0,1,critical
23.573,6.557,4,19,0,1,0,0,1,33,0,0,0,0,1,0,0,0,0,0,0,0,0,0,0,0,medium
54.939,73.546,37,95,4,1,0,1,0,460,1,1,1,1,1,0,0,0,1,1,1,0,0,0,0,1,medium
12.747,20.276,4,19,1,0,0,0,1,41,0,0,0,0,0,0,0,0,0,0,0,0,0,0,0,0,medium
20.314,23.541,4,13,2,0,0,0,0,40,0,0,0,0,0,0,0,0,0,0,0,0,0,0,0,0,low
25.193,8.613,1,5,2,0,0,0,0,43,0,0,0,0,0,0,0,0,0,0,0,0,0,0,0,0,low
3.056,5.489,1,7,1,1,0,0,1,34,0,0,0,0,1,0,0,0,0,0,0,0,0,0,0,0,medium
76.265,88.992,34,38,10,1,0,1,0,413,1,1,1,0,1,1,1,0,0,1,1,1,0,0,1,1,critical
65.351,52.003,20,145,10,1,0,1,0,327,1,1,1,0,1,0,1,1,1,1,0,0,0,1,1,1,critical
10.548,21.028,2,19,0,1,0,0,1,7,0,0,0,0,0,0,0,0,0,0,0,0,0,0,0,0,low
1.031,15.356,1,2,2,1,0,0,0,6,0,0,0,0,0,0,0,0,0,0,0,0,0,0,0,0,medium
15.045,22.426,2,30,0,1,0,0,0,81,0,0,0,0,1,0,0,0,0,0,0,0,0,0,0,0,low
67.021,66.767,5,155,3,1,1,0,0,112,1,1,1,1,1,1,0,0,1,1,1,1,1,1,0,1,medium
76.486,61.624,11,74,4,1,0,1,0,46,1,1,0,1,0,1,0,0,1,1,0,1,1,1,0,1,high
2.481,15.981,1,15,1,1,0,0,0,48,0,0,0,0,0,0,0,0,0,0,0,0,0,0,0,0,low
58.398,95.294,29,154,7,1,0,1,0,300,1,1,1,1,1,0,1,1,0,1,1,1,1,1,0,1,high
69.466,58.243,23,42,9,1,1,0,0,85,1,1,1,1,1,1,0,0,1,1,0,0,0,0,0,1,high
87.437,82.875,29,67,8,1,1,0,0,379,1,1,0,0,0,0,1,1,1,1,1,1,1,0,1,1,high
9.194,26.309,1,11,0,1,0,0,0,61,0,0,0,0,1,0,0,0,0,0,0,0,0,0,0,0,medium
20.155,18.720,2,20,2,1,0,0,0,100,0,0,0,0,1,0,0,0,0,0,0,0,0,0,0,0,low
22.317,20.044,2,4,0,0,0,0,0,77,0,0,0,0,1,0,0,0,0,0,0,0,0,0,0,0,medium
92.556,67.731,15,66,7,1,0,0,0,175,1,1,0,0,0,0,0,0,0,1,0,1,0,0,0,1,critical
55.121,94.801,34,49,2,1,0,1,0,139,1,1,0,0,1,1,0,1,0,1,0,0,1,1,1,1,high
72.653,64.447,47,37,2,1,0,1,0,114,1,1,1,1,1,1,1,1,1,1,0,1,0,1,1,1,medium
18.618,16.291,4,14,2,1,0,0,0,12,0,0,0,0,1,0,0,0,0,0,0,0,0,0,0,0,low
89.130,92.412,23,156,5,1,1,0,0,386,1,1,1,1,1,1,1,1,1,1,1,0,0,1,1,1,critical
61.534,85.628,38,150,4,1,1,0,0,205,1,1,1,0,1,0,0,0,1,1,0,1,0,1,1,1,critical
14.801,23.841,1,13,0,0,0,0,1,13,0,0,0,0,1,0,0,0,0,0,0,0,0,0,0,0,low
84.017,63.067,34,90,9,1,0,1,0,435,1,1,1,1,0,1,0,1,1,1,1,0,0,1,0,1,medium
24.059,9.627,2,28,0,0,0,0,0,12,0,0,0,0,1,0,0,0,0,0,0,0,0,0,0,0,low
21.727,10.696,2,4,2,1,0,0,0,39,0,0,0,0,1,0,0,0,0,0,0,0,0,0,0,0,medium
18.064,23.448,1,18,2,1,0,0,0,82,0,0,0,0,1,0,0,0,0,0,0,0,0,0,0,0,low
53.664,87.001,44,115,7,1,1,0,0,168,1,1,0,0,1,0,0,1,0,1,1,0,1,1,0,1,high
87.233,97.230,25,150,5,1,1,1,0,324,1,1,0,1,0,0,1,1,1,1,0,1,1,0,1,1,high
58.274,60.249,27,127,8,1,1,0,0,431,1,1,0,0,0,0,1,1,0,1,1,1,0,1,0,1,critical
22.338,26.349,2,21,0,0,0,0,1,66,0,0,0,0,1,0,0,0,0,0,0,0,0,0,0,0,low
76.585,88.420,35,131,1,1,0,1,0,170,1,1,0,0,1,0,1,1,0,1,1,0,0,1,1,1,high
14.974,18.719,5,15,2,0,0,0,1,46,0,0,0,0,0,0,0,0,0,0,0,0,0,0,0,0,low
10.497,7.883,5,24,2,0,0,0,0,69,0,0,0,0,0,0,0,0,0,0,0,0,0,0,0,0,low
26.310,27.973,1,21,1,0,0,0,1,20,0,0,0,0,1,0,0,0,0,0,0,0,0,0,0,0,low
22.136,7.424,4,28,2,0,0,0,1,44,0,0,0,0,1,0,0,0,0,0,0,0,0,0,0,0,low
25.046,29.175,3,27,0,1,0,0,0,70,0,0,0,0,0,0,0,0,0,0,0,0,0,0,0,0,low
29.509,14.981,1,12,1,0,0,0,0,72,0,0,0,0,1,0,0,0,0,0,0,0,0,0,0,0,medium
88.767,76.422,42,40,3,1,1,1,0,61,1,1,0,1,0,0,0,1,1,1,0,0,0,0,1,1,critical
25.290,13.902,2,29,2,0,0,0,1,30,0,0,0,0,1,0,0,0,0,0,0,0,0,0,0,0,medium
61.557,84.621,21,118,9,1,0,1,0,450,1,1,1,1,0,0,0,0,0,1,0,0,1,0,1,1,medium
91.068,70.292,28,21,5,1,0,1,0,271,1,1,0,0,1,1,0,1,0,1,0,0,0,1,0,1,medium
26.528,21.594,4,2,2,1,0,0,1,94,0,0,0,0,0,0,0,0,0,0,0,0,0,0,0,0,medium
19.044,10.870,4,5,1,1,0,0,1,59,0,0,0,0,1,0,0,0,0,0,0,0,0,0,0,0,low
66.913,51.164,46,54,2,1,0,0,0,347,1,1,0,1,1,0,1,0,1,1,1,1,0,0,0,1,high
5.487,12.099,4,30,1,1,0,0,0,18,0,0,0,0,0,0,0,0,0,0,0,0,0,0,0,0,medium
50.001,56.610,14,166,4,1,1,1,0,409,1,1,1,0,0,1,0,0,0,1,1,1,1,0,0,1,medium
17.775,1.975,2,23,2,1,0,0,0,31,0,0,0,0,1,0,0,0,0,0,0,0,0,0,0,0,medium
12.667,12.617,1,16,0,0,0,0,1,100,0,0,0,0,1,0,0,0,0,0,0,0,0,0,0,0,low
26.838,7.012,3,27,1,1,0,0,1,44,0,0,0,0,0,0,0,0,0,0,0,0,0,0,0,0,low
18.257,29.051,4,30,0,1,0,0,0,70,0,0,0,0,1,0,0,0,0,0,0,0,0,0,0,0,medium
6.903,15.706,2,30,2,1,0,0,1,30,0,0,0,0,0,0,0,0,0,0,0,0,0,0,0,0,medium
14.249,5.349,4,3,1,1,0,0,0,51,0,0,0,0,1,0,0,0,0,0,0,0,0,0,0,0,medium
4.780,23.691,4,8,2,0,0,0,0,93,0,0,0,0,0,0,0,0,0,0,0,0,0,0,0,0,medium
19.786,27.860,1,6,0,1,0,0,0,71,0,0,0,0,1,0,0,0,0,0,0,0,0,0,0,0,medium
5.157,4.085,3,18,0,0,0,0,1,88,0,0,0,0,1,0,0,0,0,0,0,0,0,0,0,0,medium
79.678,95.823,48,183,7,1,0,0,0,57,1,1,0,0,0,1,0,0,1,1,1,0,1,1,1,1,high
15.033,19.329,1,21,1,1,0,0,1,89,0,0,0,0,0,0,0,0,0,0,0,0,0,0,0,0,medium
6.753,20.424,4,2,2,0,0,0,1,43,0,0,0,0,1,0,0,0,0,0,0,0,0,0,0,0,medium
9.094,3.673,5,12,2,1,0,0,0,78,0,0,0,0,0,0,0,0,0,0,0,0,0,0,0,0,medium
86.824,96.568,36,21,3,1,1,0,0,427,1,1,0,1,1,0,1,0,1,1,0,1,1,1,1,1,medium
9.692,19.386,2,12,0,0,0,0,0,45,0,0,0,0,0,0,0,0,0,0,0,0,0,0,0,0,low
19.022,16.093,4,20,2,1,0,0,0,15,0,0,0,0,1,0,0,0,0,0,0,0,0,0,0,0,medium
18.422,8.685,4,5,0,0,0,0,0,8,0,0,0,0,1,0,0,0,0,0,0,0,0,0,0,0,medium
28.213,18.303,2,6,1,0,0,0,0,87,0,0,0,0,0,0,0,0,0,0,0,0,0,0,0,0,low
77.986,60.273,50,161,7,1,0,0,0,386,1,1,1,0,0,0,1,1,1,1,1,1,0,0,1,1,medium
11.060,6.050,5,20,0,0,0,0,0,98,0,0,0,0,0,0,0,0,0,0,0,0,0,0,0,0,low
67.716,51.837,50,52,6,1,1,0,0,277,1,1,1,0,1,0,0,1,0,1,1,0,1,0,1,1,high
22.700,9.124,4,18,1,0,0,0,0,59,0,0,0,0,0,0,0,0,0,0,0,0,0,0,0,0,low
15.479,13.577,4,2,1,0,0,0,0,41,0,0,0,0,0,0,0,0,0,0,0,0,0,0,0,0,low
13.605,0.458,1,15,1,1,0,0,0,23,0,0,0,0,1,0,0,0,0,0,0,0,0,0,0,0,medium
88.319,54.520,39,60,7,1,1,0,0,303,1,1,1,0,0,1,0,0,0,1,1,1,0,0,0,1,high
17.238,17.222,5,22,0,0,0,0,1,25,0,0,0,0,0,0,0,0,0,0,0,0,0,0,0,0,medium
23.740,1.985,1,25,2,0,0,0,0,88,0,0,0,0,1,0,0,0,0,0,0,0,0,0,0,0,low
18.230,27.643,4,14,2,0,0,0,0,34,0,0,0,0,1,0,0,0,0,0,0,0,0,0,0,0,medium
92.291,51.582,31,104,4,1,1,0,0,393,1,1,0,1,1,0,1,0,0,1,1,1,1,1,0,1,medium
12.744,8.002,1,13,2,1,0,0,0,84,0,0,0,0,1,0,0,0,0,0,0,0,0,0,0,0,medium
