2026-09-24T22:46:07 | INFO    | goodware.engine | component registered: filesystem
2026-09-24T22:46:07 | INFO    | goodware.engine | component registered: process
2026-09-24T22:46:07 | INFO    | goodware.engine | component registered: network
2026-09-24T22:46:07 | INFO    | goodware.engine | component registered: memory
2026-09-24T22:46:07 | INFO    | goodware.engine | component registered: config
2026-09-24T22:46:07 | INFO    | goodware.engine | component registered: behavior
2026-09-24T22:46:07 | INFO    | goodware.engine | component registered: quantum
2026-09-24T22:46:07 | INFO    | goodware.engine |   watching 4 paths: ['/etc', '/usr/local/bin', '/usr/bin', '/tmp']
2026-09-24T22:46:10 | INFO    | goodware.engine | component registered: threat
2026-09-24T22:46:10 | INFO    | goodware.engine | component registered: anomaly
2026-09-24T22:46:10 | INFO    | goodware.engine | component registered: simulator
2026-09-24T22:46:12 | INFO    | goodware.engine | component registered: federated-server
2026-09-24T22:46:12 | INFO    | goodware.engine | component registered: federated-client
2026-09-24T22:46:12 | INFO    | goodware.engine | federated server listening on 127.0.0.1:8443
2026-09-24T22:46:14 | INFO    | goodware.engine | component registered: decision-engine
2026-09-24T22:46:14 | INFO    | goodware.engine | component registered: adaptive
2026-09-24T22:46:14 | INFO    | goodware.engine | component registered: mutation
2026-09-24T22:46:14 | INFO    | goodware.engine | component registered: zero_day
2026-09-24T22:46:22 | INFO    | goodware.engine | component registered: decision-engine
2026-09-24T22:46:22 | INFO    | goodware.engine | component registered: adaptive
2026-09-24T22:46:22 | INFO    | goodware.engine | component registered: mutation
2026-09-24T22:46:22 | INFO    | goodware.engine | component registered: zero_day
2026-09-24T22:46:22 | INFO    | goodware.engine | component registered: crypto
2026-09-24T22:46:22 | INFO    | goodware.engine | component registered: human-factor
2026-09-24T22:46:22 | INFO    | goodware.engine | component registered: decision
2026-09-24T22:46:22 | INFO    | goodware.engine | component registered: effector
2026-09-24T22:46:22 | INFO    | goodware.engine | component registered: chainsaw
2026-09-24T22:46:25 | INFO    | goodware.engine | component registered: immune
2026-09-24T22:46:25 | INFO    | goodware.engine | component registered: physical
2026-09-24T22:46:25 | INFO    | goodware.engine | component registered: supply-chain
2026-09-24T22:46:28 | INFO    | goodware.engine | ============================================================
2026-09-24T22:46:28 | INFO    | goodware.engine | Goodware v3.0 starting...
2026-09-24T22:46:28 | INFO    | goodware.engine |   node_id: None
2026-09-24T22:46:28 | INFO    | goodware.engine |   organization: None
2026-09-24T22:46:28 | INFO    | goodware.engine | ============================================================
2026-09-24T22:46:28 | INFO    | goodware.engine | Goodware stopped.
2026-09-24T22:46:28 | INFO    | goodware.engine | ============================================================
2026-09-24T22:46:28 | INFO    | goodware.engine | Goodware v3.0 starting...
2026-09-24T22:46:28 | INFO    | goodware.engine |   node_id: None
2026-09-24T22:46:28 | INFO    | goodware.engine |   organization: None
2026-09-24T22:46:28 | INFO    | goodware.engine | ============================================================
2026-09-24T22:46:28 | INFO    | goodware.engine | Goodware stopped.
2026-09-24T22:46:29 | INFO    | goodware.engine | hunter2
2026-09-24T22:46:30 | INFO    | goodware.engine | component registered: dummy
2026-09-24T22:46:30 | INFO    | goodware.engine | test
2026-09-24T22:46:30 | WARNING | goodware.engine | warn
2026-09-24T22:46:30 | ERROR   | goodware.engine | err
2026-09-24T22:46:30 | INFO    | goodware.engine | component registered: with_attach
2026-09-24T22:46:31 | INFO    | goodware.engine | component registered: dummy
2026-09-24T22:46:31 | INFO    | goodware.engine | ============================================================
2026-09-24T22:46:31 | INFO    | goodware.engine | Goodware v3.0 starting...
2026-09-24T22:46:31 | INFO    | goodware.engine |   node_id: None
2026-09-24T22:46:31 | INFO    | goodware.engine |   organization: None
2026-09-24T22:46:31 | INFO    | goodware.engine | ============================================================
2026-09-24T22:46:31 | INFO    | goodware.engine |   ✓ dummy running
2026-09-24T22:46:31 | INFO    | goodware.engine | Goodware stopped.
2026-09-24T22:46:33 | INFO    | goodware.engine | component registered: threat
2026-09-24T22:46:33 | INFO    | goodware.engine | component registered: anomaly
2026-09-24T22:46:33 | INFO    | goodware.engine | component registered: simulator
2026-09-24T22:46:33 | INFO    | goodware.engine | component registered: filesystem
2026-09-24T22:46:33 | INFO    | goodware.engine | component registered: process
2026-09-24T22:46:33 | INFO    | goodware.engine | component registered: network
2026-09-24T22:46:33 | INFO    | goodware.engine | component registered: memory
2026-09-24T22:46:33 | INFO    | goodware.engine | component registered: config
2026-09-24T22:46:33 | INFO    | goodware.engine | component registered: behavior
2026-09-24T22:46:33 | INFO    | goodware.engine | component registered: quantum
2026-09-24T22:46:33 | INFO    | goodware.engine | component registered: filesystem
2026-09-24T22:46:33 | INFO    | goodware.engine | component registered: process
2026-09-24T22:46:33 | INFO    | goodware.engine | component registered: network
2026-09-24T22:46:33 | INFO    | goodware.engine | component registered: memory
2026-09-24T22:46:33 | INFO    | goodware.engine | component registered: config
2026-09-24T22:46:33 | INFO    | goodware.engine | component registered: behavior
2026-09-24T22:46:33 | INFO    | goodware.engine | component registered: quantum
2026-09-24T22:46:33 | INFO    | goodware.engine | component registered: filesystem
2026-09-24T22:46:33 | INFO    | goodware.engine | component registered: process
2026-09-24T22:46:33 | INFO    | goodware.engine | component registered: network
2026-09-24T22:46:33 | INFO    | goodware.engine | component registered: memory
2026-09-24T22:46:33 | INFO    | goodware.engine | component registered: config
2026-09-24T22:46:33 | INFO    | goodware.engine | component registered: behavior
2026-09-24T22:46:33 | INFO    | goodware.engine | component registered: quantum
2026-09-24T22:46:33 | INFO    | goodware.engine | component registered: filesystem
2026-09-24T22:46:33 | INFO    | goodware.engine | component registered: process
2026-09-24T22:46:33 | INFO    | goodware.engine | component registered: network
2026-09-24T22:46:33 | INFO    | goodware.engine | component registered: memory
2026-09-24T22:46:33 | INFO    | goodware.engine | component registered: config
2026-09-24T22:46:33 | INFO    | goodware.engine | component registered: behavior
2026-09-24T22:46:33 | INFO    | goodware.engine | component registered: quantum
2026-09-24T22:46:33 | INFO    | goodware.engine | component registered: filesystem
2026-09-24T22:46:33 | INFO    | goodware.engine | component registered: process
2026-09-24T22:46:33 | INFO    | goodware.engine | component registered: network
2026-09-24T22:46:33 | INFO    | goodware.engine | component registered: memory
2026-09-24T22:46:33 | INFO    | goodware.engine | component registered: config
2026-09-24T22:46:33 | INFO    | goodware.engine | component registered: behavior
2026-09-24T22:46:33 | INFO    | goodware.engine | component registered: quantum
2026-09-24T22:46:33 | INFO    | goodware.engine | component registered: filesystem
2026-09-24T22:46:33 | INFO    | goodware.engine | component registered: process
2026-09-24T22:46:33 | INFO    | goodware.engine | component registered: network
2026-09-24T22:46:33 | INFO    | goodware.engine | component registered: memory
2026-09-24T22:46:33 | INFO    | goodware.engine | component registered: config
2026-09-24T22:46:33 | INFO    | goodware.engine | component registered: behavior
2026-09-24T22:46:33 | INFO    | goodware.engine | component registered: quantum
2026-09-24T22:46:33 | INFO    | goodware.engine | component registered: filesystem
2026-09-24T22:46:33 | INFO    | goodware.engine | component registered: process
2026-09-24T22:46:33 | INFO    | goodware.engine | component registered: network
2026-09-24T22:46:33 | INFO    | goodware.engine | component registered: memory
2026-09-24T22:46:33 | INFO    | goodware.engine | component registered: config
2026-09-24T22:46:33 | INFO    | goodware.engine | component registered: behavior
2026-09-24T22:46:33 | INFO    | goodware.engine | component registered: quantum
2026-09-24T22:46:33 | INFO    | goodware.engine | component registered: filesystem
2026-09-24T22:46:33 | INFO    | goodware.engine | component registered: process
2026-09-24T22:46:33 | INFO    | goodware.engine | component registered: network
2026-09-24T22:46:33 | INFO    | goodware.engine | component registered: memory
2026-09-24T22:46:33 | INFO    | goodware.engine | component registered: config
2026-09-24T22:46:33 | INFO    | goodware.engine | component registered: behavior
2026-09-24T22:46:33 | INFO    | goodware.engine | component registered: quantum
2026-09-24T22:46:34 | INFO    | goodware.engine | component registered: filesystem
2026-09-24T22:46:34 | INFO    | goodware.engine | component registered: process
2026-09-24T22:46:34 | INFO    | goodware.engine | component registered: network
2026-09-24T22:46:34 | INFO    | goodware.engine | component registered: memory
2026-09-24T22:46:34 | INFO    | goodware.engine | component registered: config
2026-09-24T22:46:34 | INFO    | goodware.engine | component registered: behavior
2026-09-24T22:46:34 | INFO    | goodware.engine | component registered: quantum
2026-09-24T22:46:34 | INFO    | goodware.engine | component registered: filesystem
2026-09-24T22:46:34 | INFO    | goodware.engine | component registered: process
2026-09-24T22:46:34 | INFO    | goodware.engine | component registered: network
2026-09-24T22:46:34 | INFO    | goodware.engine | component registered: memory
2026-09-24T22:46:34 | INFO    | goodware.engine | component registered: config
2026-09-24T22:46:34 | INFO    | goodware.engine | component registered: behavior
2026-09-24T22:46:34 | INFO    | goodware.engine | component registered: quantum
2026-09-24T22:46:34 | INFO    | goodware.engine | component registered: filesystem
2026-09-24T22:46:34 | INFO    | goodware.engine | component registered: process
2026-09-24T22:46:34 | INFO    | goodware.engine | component registered: network
2026-09-24T22:46:34 | INFO    | goodware.engine | component registered: memory
2026-09-24T22:46:34 | INFO    | goodware.engine | component registered: config
2026-09-24T22:46:34 | INFO    | goodware.engine | component registered: behavior
2026-09-24T22:46:34 | INFO    | goodware.engine | component registered: quantum
2026-09-24T22:46:34 | INFO    | goodware.engine | component registered: filesystem
2026-09-24T22:46:34 | INFO    | goodware.engine | component registered: process
2026-09-24T22:46:34 | INFO    | goodware.engine | component registered: network
2026-09-24T22:46:34 | INFO    | goodware.engine | component registered: memory
2026-09-24T22:46:34 | INFO    | goodware.engine | component registered: config
2026-09-24T22:46:34 | INFO    | goodware.engine | component registered: behavior
2026-09-24T22:46:34 | INFO    | goodware.engine | component registered: quantum
2026-09-24T22:46:34 | INFO    | goodware.engine | component registered: filesystem
2026-09-24T22:46:34 | INFO    | goodware.engine | component registered: process
2026-09-24T22:46:34 | INFO    | goodware.engine | component registered: network
2026-09-24T22:46:34 | INFO    | goodware.engine | component registered: memory
2026-09-24T22:46:34 | INFO    | goodware.engine | component registered: config
2026-09-24T22:46:34 | INFO    | goodware.engine | component registered: behavior
2026-09-24T22:46:34 | INFO    | goodware.engine | component registered: quantum
2026-09-24T22:46:34 | INFO    | goodware.engine | component registered: filesystem
2026-09-24T22:46:34 | INFO    | goodware.engine | component registered: process
2026-09-24T22:46:34 | INFO    | goodware.engine | component registered: network
2026-09-24T22:46:34 | INFO    | goodware.engine | component registered: memory
2026-09-24T22:46:34 | INFO    | goodware.engine | component registered: config
2026-09-24T22:46:34 | INFO    | goodware.engine | component registered: behavior
2026-09-24T22:46:34 | INFO    | goodware.engine | component registered: quantum
2026-09-24T22:46:34 | INFO    | goodware.engine | component registered: filesystem
2026-09-24T22:46:34 | INFO    | goodware.engine | component registered: process
2026-09-24T22:46:34 | INFO    | goodware.engine | component registered: network
2026-09-24T22:46:34 | INFO    | goodware.engine | component registered: memory
2026-09-24T22:46:34 | INFO    | goodware.engine | component registered: config
2026-09-24T22:46:34 | INFO    | goodware.engine | component registered: behavior
2026-09-24T22:46:34 | INFO    | goodware.engine | component registered: quantum
2026-09-24T22:46:34 | INFO    | goodware.engine | component registered: filesystem
2026-09-24T22:46:34 | INFO    | goodware.engine | component registered: process
2026-09-24T22:46:34 | INFO    | goodware.engine | component registered: network
2026-09-24T22:46:34 | INFO    | goodware.engine | component registered: memory
2026-09-24T22:46:34 | INFO    | goodware.engine | component registered: config
2026-09-24T22:46:34 | INFO    | goodware.engine | component registered: behavior
2026-09-24T22:46:34 | INFO    | goodware.engine | component registered: quantum
2026-09-24T22:46:34 | INFO    | goodware.engine |   watching 2 paths: ['/etc', '/tmp']
2026-09-24T22:46:34 | INFO    | goodware.engine | component registered: filesystem
2026-09-24T22:46:34 | INFO    | goodware.engine | component registered: process
2026-09-24T22:46:34 | INFO    | goodware.engine | component registered: network
2026-09-24T22:46:34 | INFO    | goodware.engine | component registered: memory
2026-09-24T22:46:34 | INFO    | goodware.engine | component registered: config
2026-09-24T22:46:34 | INFO    | goodware.engine | component registered: behavior
2026-09-24T22:46:34 | INFO    | goodware.engine | component registered: quantum
2026-09-24T22:46:34 | INFO    | goodware.engine | component registered: filesystem
2026-09-24T22:46:34 | INFO    | goodware.engine | component registered: process
2026-09-24T22:46:34 | INFO    | goodware.engine | component registered: network
2026-09-24T22:46:34 | INFO    | goodware.engine | component registered: memory
2026-09-24T22:46:34 | INFO    | goodware.engine | component registered: config
2026-09-24T22:46:34 | INFO    | goodware.engine | component registered: behavior
2026-09-24T22:46:34 | INFO    | goodware.engine | component registered: quantum
2026-09-24T22:46:34 | INFO    | goodware.engine | component registered: filesystem
2026-09-24T22:46:34 | INFO    | goodware.engine | component registered: process
2026-09-24T22:46:34 | INFO    | goodware.engine | component registered: network
2026-09-24T22:46:34 | INFO    | goodware.engine | component registered: memory
2026-09-24T22:46:34 | INFO    | goodware.engine | component registered: config
2026-09-24T22:46:34 | INFO    | goodware.engine | component registered: behavior
2026-09-24T22:46:34 | INFO    | goodware.engine | component registered: quantum
2026-09-24T22:46:34 | INFO    | goodware.engine | component registered: filesystem
2026-09-24T22:46:34 | INFO    | goodware.engine | component registered: process
2026-09-24T22:46:34 | INFO    | goodware.engine | component registered: network
2026-09-24T22:46:34 | INFO    | goodware.engine | component registered: memory
2026-09-24T22:46:34 | INFO    | goodware.engine | component registered: config
2026-09-24T22:46:34 | INFO    | goodware.engine | component registered: behavior
2026-09-24T22:46:34 | INFO    | goodware.engine | component registered: quantum
2026-09-24T22:46:34 | INFO    | goodware.engine | component registered: filesystem
2026-09-24T22:46:34 | INFO    | goodware.engine | component registered: process
2026-09-24T22:46:34 | INFO    | goodware.engine | component registered: network
2026-09-24T22:46:34 | INFO    | goodware.engine | component registered: memory
2026-09-24T22:46:34 | INFO    | goodware.engine | component registered: config
2026-09-24T22:46:34 | INFO    | goodware.engine | component registered: behavior
2026-09-24T22:46:34 | INFO    | goodware.engine | component registered: quantum
2026-09-24T22:46:34 | INFO    | goodware.engine | component registered: filesystem
2026-09-24T22:46:34 | INFO    | goodware.engine | component registered: process
2026-09-24T22:46:34 | INFO    | goodware.engine | component registered: network
2026-09-24T22:46:34 | INFO    | goodware.engine | component registered: memory
2026-09-24T22:46:34 | INFO    | goodware.engine | component registered: config
2026-09-24T22:46:34 | INFO    | goodware.engine | component registered: behavior
2026-09-24T22:46:34 | INFO    | goodware.engine | component registered: quantum
2026-09-24T22:46:34 | INFO    | goodware.engine | component registered: filesystem
2026-09-24T22:46:34 | INFO    | goodware.engine | component registered: process
2026-09-24T22:46:34 | INFO    | goodware.engine | component registered: network
2026-09-24T22:46:34 | INFO    | goodware.engine | component registered: memory
2026-09-24T22:46:34 | INFO    | goodware.engine | component registered: config
2026-09-24T22:46:34 | INFO    | goodware.engine | component registered: behavior
2026-09-24T22:46:34 | INFO    | goodware.engine | component registered: quantum
2026-09-24T22:46:35 | INFO    | goodware.engine | component registered: filesystem
2026-09-24T22:46:35 | INFO    | goodware.engine | component registered: process
2026-09-24T22:46:35 | INFO    | goodware.engine | component registered: network
2026-09-24T22:46:35 | INFO    | goodware.engine | component registered: memory
2026-09-24T22:46:35 | INFO    | goodware.engine | component registered: config
2026-09-24T22:46:35 | INFO    | goodware.engine | component registered: behavior
2026-09-24T22:46:35 | INFO    | goodware.engine | component registered: quantum
2026-09-24T22:46:35 | INFO    | goodware.engine | component registered: filesystem
2026-09-24T22:46:35 | INFO    | goodware.engine | component registered: process
2026-09-24T22:46:35 | INFO    | goodware.engine | component registered: network
2026-09-24T22:46:35 | INFO    | goodware.engine | component registered: memory
2026-09-24T22:46:35 | INFO    | goodware.engine | component registered: config
2026-09-24T22:46:35 | INFO    | goodware.engine | component registered: behavior
2026-09-24T22:46:35 | INFO    | goodware.engine | component registered: quantum
2026-09-24T22:46:35 | INFO    | goodware.engine | component registered: filesystem
2026-09-24T22:46:35 | INFO    | goodware.engine | component registered: process
2026-09-24T22:46:35 | INFO    | goodware.engine | component registered: network
2026-09-24T22:46:35 | INFO    | goodware.engine | component registered: memory
2026-09-24T22:46:35 | INFO    | goodware.engine | component registered: config
2026-09-24T22:46:35 | INFO    | goodware.engine | component registered: behavior
2026-09-24T22:46:35 | INFO    | goodware.engine | component registered: quantum
2026-09-24T22:46:35 | INFO    | goodware.engine | component registered: filesystem
2026-09-24T22:46:35 | INFO    | goodware.engine | component registered: process
2026-09-24T22:46:35 | INFO    | goodware.engine | component registered: network
2026-09-24T22:46:35 | INFO    | goodware.engine | component registered: memory
2026-09-24T22:46:35 | INFO    | goodware.engine | component registered: config
2026-09-24T22:46:35 | INFO    | goodware.engine | component registered: behavior
2026-09-24T22:46:35 | INFO    | goodware.engine | component registered: quantum
2026-09-24T22:46:35 | INFO    | goodware.engine | component registered: filesystem
2026-09-24T22:46:35 | INFO    | goodware.engine | component registered: process
2026-09-24T22:46:35 | INFO    | goodware.engine | component registered: network
2026-09-24T22:46:35 | INFO    | goodware.engine | component registered: memory
2026-09-24T22:46:35 | INFO    | goodware.engine | component registered: config
2026-09-24T22:46:35 | INFO    | goodware.engine | component registered: behavior
2026-09-24T22:46:35 | INFO    | goodware.engine | component registered: quantum
2026-09-24T22:46:35 | INFO    | goodware.engine | component registered: filesystem
2026-09-24T22:46:35 | INFO    | goodware.engine | component registered: process
2026-09-24T22:46:35 | INFO    | goodware.engine | component registered: network
2026-09-24T22:46:35 | INFO    | goodware.engine | component registered: memory
2026-09-24T22:46:35 | INFO    | goodware.engine | component registered: config
2026-09-24T22:46:35 | INFO    | goodware.engine | component registered: behavior
2026-09-24T22:46:35 | INFO    | goodware.engine | component registered: quantum
2026-09-24T22:46:35 | INFO    | goodware.engine | component registered: filesystem
2026-09-24T22:46:35 | INFO    | goodware.engine | component registered: process
2026-09-24T22:46:35 | INFO    | goodware.engine | component registered: network
2026-09-24T22:46:35 | INFO    | goodware.engine | component registered: memory
2026-09-24T22:46:35 | INFO    | goodware.engine | component registered: config
2026-09-24T22:46:35 | INFO    | goodware.engine | component registered: behavior
2026-09-24T22:46:35 | INFO    | goodware.engine | component registered: quantum
2026-09-24T22:46:35 | INFO    | goodware.engine | component registered: filesystem
2026-09-24T22:46:35 | INFO    | goodware.engine | component registered: process
2026-09-24T22:46:35 | INFO    | goodware.engine | component registered: network
2026-09-24T22:46:35 | INFO    | goodware.engine | component registered: memory
2026-09-24T22:46:35 | INFO    | goodware.engine | component registered: config
2026-09-24T22:46:35 | INFO    | goodware.engine | component registered: behavior
2026-09-24T22:46:35 | INFO    | goodware.engine | component registered: quantum
2026-09-24T22:46:35 | INFO    | goodware.engine | component registered: filesystem
2026-09-24T22:46:35 | INFO    | goodware.engine | component registered: process
2026-09-24T22:46:35 | INFO    | goodware.engine | component registered: network
2026-09-24T22:46:35 | INFO    | goodware.engine | component registered: memory
2026-09-24T22:46:35 | INFO    | goodware.engine | component registered: config
2026-09-24T22:46:35 | INFO    | goodware.engine | component registered: behavior
2026-09-24T22:46:35 | INFO    | goodware.engine | component registered: quantum
2026-09-24T22:46:35 | INFO    | goodware.engine |   watching 2 paths: ['/etc', '/tmp']
2026-09-24T22:46:35 | INFO    | goodware.engine | component registered: filesystem
2026-09-24T22:46:35 | INFO    | goodware.engine | component registered: process
2026-09-24T22:46:35 | INFO    | goodware.engine | component registered: network
2026-09-24T22:46:35 | INFO    | goodware.engine | component registered: memory
2026-09-24T22:46:35 | INFO    | goodware.engine | component registered: config
2026-09-24T22:46:35 | INFO    | goodware.engine | component registered: behavior
2026-09-24T22:46:35 | INFO    | goodware.engine | component registered: quantum
2026-09-24T22:46:35 | INFO    | goodware.engine |   watching 2 paths: ['/etc', '/tmp']
2026-09-24T22:46:36 | INFO    | goodware.engine | ============================================================
2026-09-24T22:46:36 | INFO    | goodware.engine | Goodware v3.0 starting...
2026-09-24T22:46:36 | INFO    | goodware.engine |   node_id: None
2026-09-24T22:46:36 | INFO    | goodware.engine |   organization: None
2026-09-24T22:46:36 | INFO    | goodware.engine | ============================================================
2026-09-24T22:46:36 | INFO    | goodware.engine | Goodware stopped.
2026-09-24T22:46:36 | INFO    | goodware.engine | ============================================================
2026-09-24T22:46:36 | INFO    | goodware.engine | Goodware v3.0 starting...
2026-09-24T22:46:36 | INFO    | goodware.engine |   node_id: None
2026-09-24T22:46:36 | INFO    | goodware.engine |   organization: None
2026-09-24T22:46:36 | INFO    | goodware.engine | ============================================================
2026-09-24T22:46:37 | INFO    | goodware.engine | Goodware stopped.
2026-09-24T22:46:37 | INFO    | goodware.engine | ============================================================
2026-09-24T22:46:37 | INFO    | goodware.engine | Goodware v3.0 starting...
2026-09-24T22:46:37 | INFO    | goodware.engine |   node_id: None
2026-09-24T22:46:37 | INFO    | goodware.engine |   organization: None
2026-09-24T22:46:37 | INFO    | goodware.engine | ============================================================
2026-09-24T22:46:37 | INFO    | goodware.engine | Goodware stopped.
2026-09-24T22:46:37 | INFO    | goodware.engine | ============================================================
2026-09-24T22:46:37 | INFO    | goodware.engine | Goodware v3.0 starting...
2026-09-24T22:46:37 | INFO    | goodware.engine |   node_id: None
2026-09-24T22:46:37 | INFO    | goodware.engine |   organization: None
2026-09-24T22:46:37 | INFO    | goodware.engine | ============================================================
2026-09-24T22:46:37 | INFO    | goodware.engine | Goodware stopped.
2026-09-24T22:46:37 | INFO    | goodware.engine | ============================================================
2026-09-24T22:46:37 | INFO    | goodware.engine | Goodware v3.0 starting...
2026-09-24T22:46:37 | INFO    | goodware.engine |   node_id: None
2026-09-24T22:46:37 | INFO    | goodware.engine |   organization: None
2026-09-24T22:46:37 | INFO    | goodware.engine | ============================================================
2026-09-24T22:46:37 | INFO    | goodware.engine | Goodware stopped.
2026-09-24T22:46:37 | INFO    | goodware.engine | ============================================================
2026-09-24T22:46:37 | INFO    | goodware.engine | Goodware v3.0 starting...
2026-09-24T22:46:37 | INFO    | goodware.engine |   node_id: None
2026-09-24T22:46:37 | INFO    | goodware.engine |   organization: None
2026-09-24T22:46:37 | INFO    | goodware.engine | ============================================================
2026-09-24T22:46:37 | INFO    | goodware.engine | Goodware stopped.
2026-09-24T22:46:37 | INFO    | goodware.engine | ============================================================
2026-09-24T22:46:37 | INFO    | goodware.engine | Goodware v3.0 starting...
2026-09-24T22:46:37 | INFO    | goodware.engine |   node_id: None
2026-09-24T22:46:37 | INFO    | goodware.engine |   organization: None
2026-09-24T22:46:37 | INFO    | goodware.engine | ============================================================
2026-09-24T22:46:38 | INFO    | goodware.engine | Goodware stopped.
2026-09-24T22:46:38 | INFO    | goodware.engine | ============================================================
2026-09-24T22:46:38 | INFO    | goodware.engine | Goodware v3.0 starting...
2026-09-24T22:46:38 | INFO    | goodware.engine |   node_id: None
2026-09-24T22:46:38 | INFO    | goodware.engine |   organization: None
2026-09-24T22:46:38 | INFO    | goodware.engine | ============================================================
2026-09-24T22:46:38 | INFO    | goodware.engine | Goodware stopped.
2026-09-24T22:46:38 | INFO    | goodware.engine | ============================================================
2026-09-24T22:46:38 | INFO    | goodware.engine | Goodware v3.0 starting...
2026-09-24T22:46:38 | INFO    | goodware.engine |   node_id: None
2026-09-24T22:46:38 | INFO    | goodware.engine |   organization: None
2026-09-24T22:46:38 | INFO    | goodware.engine | ============================================================
2026-09-24T22:46:38 | INFO    | goodware.engine | Goodware stopped.
2026-09-24T22:46:38 | INFO    | goodware.engine | ============================================================
2026-09-24T22:46:38 | INFO    | goodware.engine | Goodware v3.0 starting...
2026-09-24T22:46:38 | INFO    | goodware.engine |   node_id: None
2026-09-24T22:46:38 | INFO    | goodware.engine |   organization: None
2026-09-24T22:46:38 | INFO    | goodware.engine | ============================================================
2026-09-24T22:46:39 | INFO    | goodware.engine | Goodware stopped.
2026-09-24T22:46:39 | INFO    | goodware.engine | ============================================================
2026-09-24T22:46:39 | INFO    | goodware.engine | Goodware v3.0 starting...
2026-09-24T22:46:39 | INFO    | goodware.engine |   node_id: None
2026-09-24T22:46:39 | INFO    | goodware.engine |   organization: None
2026-09-24T22:46:39 | INFO    | goodware.engine | ============================================================
2026-09-24T22:46:39 | INFO    | goodware.engine | Goodware stopped.
2026-09-24T22:46:39 | INFO    | goodware.engine | ============================================================
2026-09-24T22:46:39 | INFO    | goodware.engine | Goodware v3.0 starting...
2026-09-24T22:46:39 | INFO    | goodware.engine |   node_id: None
2026-09-24T22:46:39 | INFO    | goodware.engine |   organization: None
2026-09-24T22:46:39 | INFO    | goodware.engine | ============================================================
2026-09-24T22:46:39 | INFO    | goodware.engine | Goodware stopped.
2026-09-24T22:46:39 | INFO    | goodware.engine | ============================================================
2026-09-24T22:46:39 | INFO    | goodware.engine | Goodware v3.0 starting...
2026-09-24T22:46:39 | INFO    | goodware.engine |   node_id: None
2026-09-24T22:46:39 | INFO    | goodware.engine |   organization: None
2026-09-24T22:46:39 | INFO    | goodware.engine | ============================================================
2026-09-24T22:46:39 | INFO    | goodware.engine | Goodware stopped.
2026-09-24T22:46:39 | INFO    | goodware.engine | ============================================================
2026-09-24T22:46:39 | INFO    | goodware.engine | Goodware v3.0 starting...
2026-09-24T22:46:39 | INFO    | goodware.engine |   node_id: None
2026-09-24T22:46:39 | INFO    | goodware.engine |   organization: None
2026-09-24T22:46:39 | INFO    | goodware.engine | ============================================================
2026-09-24T22:46:39 | INFO    | goodware.engine | Goodware stopped.
2026-09-24T22:46:39 | INFO    | goodware.engine | ============================================================
2026-09-24T22:46:39 | INFO    | goodware.engine | Goodware v3.0 starting...
2026-09-24T22:46:39 | INFO    | goodware.engine |   node_id: None
2026-09-24T22:46:39 | INFO    | goodware.engine |   organization: None
2026-09-24T22:46:39 | INFO    | goodware.engine | ============================================================
2026-09-24T22:46:40 | INFO    | goodware.engine | Goodware stopped.
2026-09-24T22:46:40 | INFO    | goodware.engine | ============================================================
2026-09-24T22:46:40 | INFO    | goodware.engine | Goodware v3.0 starting...
2026-09-24T22:46:40 | INFO    | goodware.engine |   node_id: None
2026-09-24T22:46:40 | INFO    | goodware.engine |   organization: None
2026-09-24T22:46:40 | INFO    | goodware.engine | ============================================================
2026-09-24T22:46:40 | INFO    | goodware.engine | Goodware stopped.
2026-09-24T22:46:40 | INFO    | goodware.engine | ============================================================
2026-09-24T22:46:40 | INFO    | goodware.engine | Goodware v3.0 starting...
2026-09-24T22:46:40 | INFO    | goodware.engine |   node_id: None
2026-09-24T22:46:40 | INFO    | goodware.engine |   organization: None
2026-09-24T22:46:40 | INFO    | goodware.engine | ============================================================
2026-09-24T22:46:40 | INFO    | goodware.engine | Goodware stopped.
2026-09-24T22:46:40 | INFO    | goodware.engine | ============================================================
2026-09-24T22:46:40 | INFO    | goodware.engine | Goodware v3.0 starting...
2026-09-24T22:46:40 | INFO    | goodware.engine |   node_id: None
2026-09-24T22:46:40 | INFO    | goodware.engine |   organization: None
2026-09-24T22:46:40 | INFO    | goodware.engine | ============================================================
2026-09-24T22:46:40 | INFO    | goodware.engine | Goodware stopped.
2026-09-24T22:46:40 | INFO    | goodware.engine | ============================================================
2026-09-24T22:46:40 | INFO    | goodware.engine | Goodware v3.0 starting...
2026-09-24T22:46:40 | INFO    | goodware.engine |   node_id: None
2026-09-24T22:46:40 | INFO    | goodware.engine |   organization: None
2026-09-24T22:46:40 | INFO    | goodware.engine | ============================================================
2026-09-24T22:46:40 | INFO    | goodware.engine | Goodware stopped.
2026-09-24T22:46:40 | INFO    | goodware.engine | ============================================================
2026-09-24T22:46:40 | INFO    | goodware.engine | Goodware v3.0 starting...
2026-09-24T22:46:40 | INFO    | goodware.engine |   node_id: None
2026-09-24T22:46:40 | INFO    | goodware.engine |   organization: None
2026-09-24T22:46:40 | INFO    | goodware.engine | ============================================================
2026-09-24T22:46:40 | INFO    | goodware.engine | Goodware stopped.
2026-09-24T22:46:41 | INFO    | goodware.engine | ============================================================
2026-09-24T22:46:41 | INFO    | goodware.engine | Goodware v3.0 starting...
2026-09-24T22:46:41 | INFO    | goodware.engine |   node_id: None
2026-09-24T22:46:41 | INFO    | goodware.engine |   organization: None
2026-09-24T22:46:41 | INFO    | goodware.engine | ============================================================
2026-09-24T22:46:41 | INFO    | goodware.engine | Goodware stopped.
2026-09-24T22:46:41 | INFO    | goodware.engine | ============================================================
2026-09-24T22:46:41 | INFO    | goodware.engine | Goodware v3.0 starting...
2026-09-24T22:46:41 | INFO    | goodware.engine |   node_id: None
2026-09-24T22:46:41 | INFO    | goodware.engine |   organization: None
2026-09-24T22:46:41 | INFO    | goodware.engine | ============================================================
2026-09-24T22:46:41 | INFO    | goodware.engine | Goodware stopped.
2026-09-24T22:46:47 | INFO    | goodware.engine | component registered: decision-engine
2026-09-24T22:46:47 | INFO    | goodware.engine | component registered: adaptive
2026-09-24T22:46:47 | INFO    | goodware.engine | component registered: mutation
2026-09-24T22:46:47 | INFO    | goodware.engine | component registered: zero_day
2026-09-24T22:46:47 | INFO    | goodware.engine | component registered: crypto
2026-09-24T22:46:47 | INFO    | goodware.engine | component registered: human-factor
2026-09-24T22:46:47 | INFO    | goodware.engine | component registered: decision
2026-09-24T22:46:47 | INFO    | goodware.engine | component registered: effector
2026-09-24T22:46:47 | INFO    | goodware.engine | component registered: chainsaw
2026-09-24T22:46:49 | INFO    | goodware.engine | component registered: immune
2026-09-24T22:46:49 | INFO    | goodware.engine | component registered: physical
2026-09-24T22:46:50 | INFO    | goodware.engine | component registered: supply-chain
2026-09-24T22:46:53 | INFO    | goodware.engine | ============================================================
2026-09-24T22:46:53 | INFO    | goodware.engine | Goodware v3.0 starting...
2026-09-24T22:46:53 | INFO    | goodware.engine |   node_id: None
2026-09-24T22:46:53 | INFO    | goodware.engine |   organization: None
2026-09-24T22:46:53 | INFO    | goodware.engine | ============================================================
2026-09-24T22:46:53 | INFO    | goodware.engine | Goodware stopped.
2026-09-24T22:46:53 | INFO    | goodware.engine | ============================================================
2026-09-24T22:46:53 | INFO    | goodware.engine | Goodware v3.0 starting...
2026-09-24T22:46:53 | INFO    | goodware.engine |   node_id: None
2026-09-24T22:46:53 | INFO    | goodware.engine |   organization: None
2026-09-24T22:46:53 | INFO    | goodware.engine | ============================================================
2026-09-24T22:46:53 | INFO    | goodware.engine | Goodware stopped.
2026-09-24T22:46:54 | INFO    | goodware.engine | hunter2
2026-09-24T22:46:55 | INFO    | goodware.engine | component registered: dummy
2026-09-24T22:46:55 | INFO    | goodware.engine | test
2026-09-24T22:46:55 | WARNING | goodware.engine | warn
2026-09-24T22:46:55 | ERROR   | goodware.engine | err
2026-09-24T22:46:55 | INFO    | goodware.engine | component registered: with_attach
2026-09-24T22:46:55 | INFO    | goodware.engine | component registered: dummy
2026-09-24T22:46:55 | INFO    | goodware.engine | ============================================================
2026-09-24T22:46:55 | INFO    | goodware.engine | Goodware v3.0 starting...
2026-09-24T22:46:55 | INFO    | goodware.engine |   node_id: None
2026-09-24T22:46:55 | INFO    | goodware.engine |   organization: None
2026-09-24T22:46:55 | INFO    | goodware.engine | ============================================================
2026-09-24T22:46:55 | INFO    | goodware.engine |   ✓ dummy running
2026-09-24T22:46:55 | INFO    | goodware.engine | Goodware stopped.
2026-09-24T22:46:58 | INFO    | goodware.engine | component registered: threat
2026-09-24T22:46:58 | INFO    | goodware.engine | component registered: anomaly
2026-09-24T22:46:58 | INFO    | goodware.engine | component registered: simulator
2026-09-24T22:46:58 | INFO    | goodware.engine | component registered: filesystem
2026-09-24T22:46:58 | INFO    | goodware.engine | component registered: process
2026-09-24T22:46:58 | INFO    | goodware.engine | component registered: network
2026-09-24T22:46:58 | INFO    | goodware.engine | component registered: memory
2026-09-24T22:46:58 | INFO    | goodware.engine | component registered: config
2026-09-24T22:46:58 | INFO    | goodware.engine | component registered: behavior
2026-09-24T22:46:58 | INFO    | goodware.engine | component registered: quantum
2026-09-24T22:46:58 | INFO    | goodware.engine | component registered: filesystem
2026-09-24T22:46:58 | INFO    | goodware.engine | component registered: process
2026-09-24T22:46:58 | INFO    | goodware.engine | component registered: network
2026-09-24T22:46:58 | INFO    | goodware.engine | component registered: memory
2026-09-24T22:46:58 | INFO    | goodware.engine | component registered: config
2026-09-24T22:46:58 | INFO    | goodware.engine | component registered: behavior
2026-09-24T22:46:58 | INFO    | goodware.engine | component registered: quantum
2026-09-24T22:46:58 | INFO    | goodware.engine | component registered: filesystem
2026-09-24T22:46:58 | INFO    | goodware.engine | component registered: process
2026-09-24T22:46:58 | INFO    | goodware.engine | component registered: network
2026-09-24T22:46:58 | INFO    | goodware.engine | component registered: memory
2026-09-24T22:46:58 | INFO    | goodware.engine | component registered: config
2026-09-24T22:46:58 | INFO    | goodware.engine | component registered: behavior
2026-09-24T22:46:58 | INFO    | goodware.engine | component registered: quantum
2026-09-24T22:46:58 | INFO    | goodware.engine | component registered: filesystem
2026-09-24T22:46:58 | INFO    | goodware.engine | component registered: process
2026-09-24T22:46:58 | INFO    | goodware.engine | component registered: network
2026-09-24T22:46:58 | INFO    | goodware.engine | component registered: memory
2026-09-24T22:46:58 | INFO    | goodware.engine | component registered: config
2026-09-24T22:46:58 | INFO    | goodware.engine | component registered: behavior
2026-09-24T22:46:58 | INFO    | goodware.engine | component registered: quantum
2026-09-24T22:46:58 | INFO    | goodware.engine | component registered: filesystem
2026-09-24T22:46:58 | INFO    | goodware.engine | component registered: process
2026-09-24T22:46:58 | INFO    | goodware.engine | component registered: network
2026-09-24T22:46:58 | INFO    | goodware.engine | component registered: memory
2026-09-24T22:46:58 | INFO    | goodware.engine | component registered: config
2026-09-24T22:46:58 | INFO    | goodware.engine | component registered: behavior
2026-09-24T22:46:58 | INFO    | goodware.engine | component registered: quantum
2026-09-24T22:46:58 | INFO    | goodware.engine | component registered: filesystem
2026-09-24T22:46:58 | INFO    | goodware.engine | component registered: process
2026-09-24T22:46:58 | INFO    | goodware.engine | component registered: network
2026-09-24T22:46:58 | INFO    | goodware.engine | component registered: memory
2026-09-24T22:46:58 | INFO    | goodware.engine | component registered: config
2026-09-24T22:46:58 | INFO    | goodware.engine | component registered: behavior
2026-09-24T22:46:58 | INFO    | goodware.engine | component registered: quantum
2026-09-24T22:46:58 | INFO    | goodware.engine | component registered: filesystem
2026-09-24T22:46:58 | INFO    | goodware.engine | component registered: process
2026-09-24T22:46:58 | INFO    | goodware.engine | component registered: network
2026-09-24T22:46:58 | INFO    | goodware.engine | component registered: memory
2026-09-24T22:46:58 | INFO    | goodware.engine | component registered: config
2026-09-24T22:46:58 | INFO    | goodware.engine | component registered: behavior
2026-09-24T22:46:58 | INFO    | goodware.engine | component registered: quantum
2026-09-24T22:46:58 | INFO    | goodware.engine | component registered: filesystem
2026-09-24T22:46:58 | INFO    | goodware.engine | component registered: process
2026-09-24T22:46:58 | INFO    | goodware.engine | component registered: network
2026-09-24T22:46:58 | INFO    | goodware.engine | component registered: memory
2026-09-24T22:46:58 | INFO    | goodware.engine | component registered: config
2026-09-24T22:46:58 | INFO    | goodware.engine | component registered: behavior
2026-09-24T22:46:58 | INFO    | goodware.engine | component registered: quantum
2026-09-24T22:46:58 | INFO    | goodware.engine | component registered: filesystem
2026-09-24T22:46:58 | INFO    | goodware.engine | component registered: process
2026-09-24T22:46:58 | INFO    | goodware.engine | component registered: network
2026-09-24T22:46:58 | INFO    | goodware.engine | component registered: memory
2026-09-24T22:46:58 | INFO    | goodware.engine | component registered: config
2026-09-24T22:46:58 | INFO    | goodware.engine | component registered: behavior
2026-09-24T22:46:58 | INFO    | goodware.engine | component registered: quantum
2026-09-24T22:46:58 | INFO    | goodware.engine | component registered: filesystem
2026-09-24T22:46:58 | INFO    | goodware.engine | component registered: process
2026-09-24T22:46:58 | INFO    | goodware.engine | component registered: network
2026-09-24T22:46:58 | INFO    | goodware.engine | component registered: memory
2026-09-24T22:46:58 | INFO    | goodware.engine | component registered: config
2026-09-24T22:46:58 | INFO    | goodware.engine | component registered: behavior
2026-09-24T22:46:58 | INFO    | goodware.engine | component registered: quantum
2026-09-24T22:46:58 | INFO    | goodware.engine | component registered: filesystem
2026-09-24T22:46:58 | INFO    | goodware.engine | component registered: process
2026-09-24T22:46:58 | INFO    | goodware.engine | component registered: network
2026-09-24T22:46:58 | INFO    | goodware.engine | component registered: memory
2026-09-24T22:46:58 | INFO    | goodware.engine | component registered: config
2026-09-24T22:46:58 | INFO    | goodware.engine | component registered: behavior
2026-09-24T22:46:58 | INFO    | goodware.engine | component registered: quantum
2026-09-24T22:46:58 | INFO    | goodware.engine | component registered: filesystem
2026-09-24T22:46:58 | INFO    | goodware.engine | component registered: process
2026-09-24T22:46:58 | INFO    | goodware.engine | component registered: network
2026-09-24T22:46:58 | INFO    | goodware.engine | component registered: memory
2026-09-24T22:46:58 | INFO    | goodware.engine | component registered: config
2026-09-24T22:46:58 | INFO    | goodware.engine | component registered: behavior
2026-09-24T22:46:58 | INFO    | goodware.engine | component registered: quantum
2026-09-24T22:46:58 | INFO    | goodware.engine | component registered: filesystem
2026-09-24T22:46:58 | INFO    | goodware.engine | component registered: process
2026-09-24T22:46:58 | INFO    | goodware.engine | component registered: network
2026-09-24T22:46:58 | INFO    | goodware.engine | component registered: memory
2026-09-24T22:46:58 | INFO    | goodware.engine | component registered: config
2026-09-24T22:46:58 | INFO    | goodware.engine | component registered: behavior
2026-09-24T22:46:58 | INFO    | goodware.engine | component registered: quantum
2026-09-24T22:46:58 | INFO    | goodware.engine | component registered: filesystem
2026-09-24T22:46:58 | INFO    | goodware.engine | component registered: process
2026-09-24T22:46:58 | INFO    | goodware.engine | component registered: network
2026-09-24T22:46:58 | INFO    | goodware.engine | component registered: memory
2026-09-24T22:46:58 | INFO    | goodware.engine | component registered: config
2026-09-24T22:46:58 | INFO    | goodware.engine | component registered: behavior
2026-09-24T22:46:58 | INFO    | goodware.engine | component registered: quantum
2026-09-24T22:46:58 | INFO    | goodware.engine | component registered: filesystem
2026-09-24T22:46:58 | INFO    | goodware.engine | component registered: process
2026-09-24T22:46:58 | INFO    | goodware.engine | component registered: network
2026-09-24T22:46:58 | INFO    | goodware.engine | component registered: memory
2026-09-24T22:46:58 | INFO    | goodware.engine | component registered: config
2026-09-24T22:46:58 | INFO    | goodware.engine | component registered: behavior
2026-09-24T22:46:58 | INFO    | goodware.engine | component registered: quantum
2026-09-24T22:46:59 | INFO    | goodware.engine | component registered: filesystem
2026-09-24T22:46:59 | INFO    | goodware.engine | component registered: process
2026-09-24T22:46:59 | INFO    | goodware.engine | component registered: network
2026-09-24T22:46:59 | INFO    | goodware.engine | component registered: memory
2026-09-24T22:46:59 | INFO    | goodware.engine | component registered: config
2026-09-24T22:46:59 | INFO    | goodware.engine | component registered: behavior
2026-09-24T22:46:59 | INFO    | goodware.engine | component registered: quantum
2026-09-24T22:46:59 | INFO    | goodware.engine |   watching 2 paths: ['/etc', '/tmp']
2026-09-24T22:46:59 | INFO    | goodware.engine | component registered: filesystem
2026-09-24T22:46:59 | INFO    | goodware.engine | component registered: process
2026-09-24T22:46:59 | INFO    | goodware.engine | component registered: network
2026-09-24T22:46:59 | INFO    | goodware.engine | component registered: memory
2026-09-24T22:46:59 | INFO    | goodware.engine | component registered: config
2026-09-24T22:46:59 | INFO    | goodware.engine | component registered: behavior
2026-09-24T22:46:59 | INFO    | goodware.engine | component registered: quantum
2026-09-24T22:46:59 | INFO    | goodware.engine | component registered: filesystem
2026-09-24T22:46:59 | INFO    | goodware.engine | component registered: process
2026-09-24T22:46:59 | INFO    | goodware.engine | component registered: network
2026-09-24T22:46:59 | INFO    | goodware.engine | component registered: memory
2026-09-24T22:46:59 | INFO    | goodware.engine | component registered: config
2026-09-24T22:46:59 | INFO    | goodware.engine | component registered: behavior
2026-09-24T22:46:59 | INFO    | goodware.engine | component registered: quantum
2026-09-24T22:46:59 | INFO    | goodware.engine | component registered: filesystem
2026-09-24T22:46:59 | INFO    | goodware.engine | component registered: process
2026-09-24T22:46:59 | INFO    | goodware.engine | component registered: network
2026-09-24T22:46:59 | INFO    | goodware.engine | component registered: memory
2026-09-24T22:46:59 | INFO    | goodware.engine | component registered: config
2026-09-24T22:46:59 | INFO    | goodware.engine | component registered: behavior
2026-09-24T22:46:59 | INFO    | goodware.engine | component registered: quantum
2026-09-24T22:46:59 | INFO    | goodware.engine | component registered: filesystem
2026-09-24T22:46:59 | INFO    | goodware.engine | component registered: process
2026-09-24T22:46:59 | INFO    | goodware.engine | component registered: network
2026-09-24T22:46:59 | INFO    | goodware.engine | component registered: memory
2026-09-24T22:46:59 | INFO    | goodware.engine | component registered: config
2026-09-24T22:46:59 | INFO    | goodware.engine | component registered: behavior
2026-09-24T22:46:59 | INFO    | goodware.engine | component registered: quantum
2026-09-24T22:46:59 | INFO    | goodware.engine | component registered: filesystem
2026-09-24T22:46:59 | INFO    | goodware.engine | component registered: process
2026-09-24T22:46:59 | INFO    | goodware.engine | component registered: network
2026-09-24T22:46:59 | INFO    | goodware.engine | component registered: memory
2026-09-24T22:46:59 | INFO    | goodware.engine | component registered: config
2026-09-24T22:46:59 | INFO    | goodware.engine | component registered: behavior
2026-09-24T22:46:59 | INFO    | goodware.engine | component registered: quantum
2026-09-24T22:46:59 | INFO    | goodware.engine | component registered: filesystem
2026-09-24T22:46:59 | INFO    | goodware.engine | component registered: process
2026-09-24T22:46:59 | INFO    | goodware.engine | component registered: network
2026-09-24T22:46:59 | INFO    | goodware.engine | component registered: memory
2026-09-24T22:46:59 | INFO    | goodware.engine | component registered: config
2026-09-24T22:46:59 | INFO    | goodware.engine | component registered: behavior
2026-09-24T22:46:59 | INFO    | goodware.engine | component registered: quantum
2026-09-24T22:46:59 | INFO    | goodware.engine | component registered: filesystem
2026-09-24T22:46:59 | INFO    | goodware.engine | component registered: process
2026-09-24T22:46:59 | INFO    | goodware.engine | component registered: network
2026-09-24T22:46:59 | INFO    | goodware.engine | component registered: memory
2026-09-24T22:46:59 | INFO    | goodware.engine | component registered: config
2026-09-24T22:46:59 | INFO    | goodware.engine | component registered: behavior
2026-09-24T22:46:59 | INFO    | goodware.engine | component registered: quantum
2026-09-24T22:46:59 | INFO    | goodware.engine | component registered: filesystem
2026-09-24T22:46:59 | INFO    | goodware.engine | component registered: process
2026-09-24T22:46:59 | INFO    | goodware.engine | component registered: network
2026-09-24T22:46:59 | INFO    | goodware.engine | component registered: memory
2026-09-24T22:46:59 | INFO    | goodware.engine | component registered: config
2026-09-24T22:46:59 | INFO    | goodware.engine | component registered: behavior
2026-09-24T22:46:59 | INFO    | goodware.engine | component registered: quantum
2026-09-24T22:46:59 | INFO    | goodware.engine | component registered: filesystem
2026-09-24T22:46:59 | INFO    | goodware.engine | component registered: process
2026-09-24T22:46:59 | INFO    | goodware.engine | component registered: network
2026-09-24T22:46:59 | INFO    | goodware.engine | component registered: memory
2026-09-24T22:46:59 | INFO    | goodware.engine | component registered: config
2026-09-24T22:46:59 | INFO    | goodware.engine | component registered: behavior
2026-09-24T22:46:59 | INFO    | goodware.engine | component registered: quantum
2026-09-24T22:46:59 | INFO    | goodware.engine | component registered: filesystem
2026-09-24T22:46:59 | INFO    | goodware.engine | component registered: process
2026-09-24T22:46:59 | INFO    | goodware.engine | component registered: network
2026-09-24T22:46:59 | INFO    | goodware.engine | component registered: memory
2026-09-24T22:46:59 | INFO    | goodware.engine | component registered: config
2026-09-24T22:46:59 | INFO    | goodware.engine | component registered: behavior
2026-09-24T22:46:59 | INFO    | goodware.engine | component registered: quantum
2026-09-24T22:46:59 | INFO    | goodware.engine | component registered: filesystem
2026-09-24T22:46:59 | INFO    | goodware.engine | component registered: process
2026-09-24T22:46:59 | INFO    | goodware.engine | component registered: network
2026-09-24T22:46:59 | INFO    | goodware.engine | component registered: memory
2026-09-24T22:46:59 | INFO    | goodware.engine | component registered: config
2026-09-24T22:46:59 | INFO    | goodware.engine | component registered: behavior
2026-09-24T22:46:59 | INFO    | goodware.engine | component registered: quantum
2026-09-24T22:46:59 | INFO    | goodware.engine | component registered: filesystem
2026-09-24T22:46:59 | INFO    | goodware.engine | component registered: process
2026-09-24T22:46:59 | INFO    | goodware.engine | component registered: network
2026-09-24T22:46:59 | INFO    | goodware.engine | component registered: memory
2026-09-24T22:46:59 | INFO    | goodware.engine | component registered: config
2026-09-24T22:46:59 | INFO    | goodware.engine | component registered: behavior
2026-09-24T22:46:59 | INFO    | goodware.engine | component registered: quantum
2026-09-24T22:46:59 | INFO    | goodware.engine | component registered: filesystem
2026-09-24T22:47:00 | INFO    | goodware.engine | component registered: process
2026-09-24T22:47:00 | INFO    | goodware.engine | component registered: network
2026-09-24T22:47:00 | INFO    | goodware.engine | component registered: memory
2026-09-24T22:47:00 | INFO    | goodware.engine | component registered: config
2026-09-24T22:47:00 | INFO    | goodware.engine | component registered: behavior
2026-09-24T22:47:00 | INFO    | goodware.engine | component registered: quantum
2026-09-24T22:47:00 | INFO    | goodware.engine | component registered: filesystem
2026-09-24T22:47:00 | INFO    | goodware.engine | component registered: process
2026-09-24T22:47:00 | INFO    | goodware.engine | component registered: network
2026-09-24T22:47:00 | INFO    | goodware.engine | component registered: memory
2026-09-24T22:47:00 | INFO    | goodware.engine | component registered: config
2026-09-24T22:47:00 | INFO    | goodware.engine | component registered: behavior
2026-09-24T22:47:00 | INFO    | goodware.engine | component registered: quantum
2026-09-24T22:47:00 | INFO    | goodware.engine | component registered: filesystem
2026-09-24T22:47:00 | INFO    | goodware.engine | component registered: process
2026-09-24T22:47:00 | INFO    | goodware.engine | component registered: network
2026-09-24T22:47:00 | INFO    | goodware.engine | component registered: memory
2026-09-24T22:47:00 | INFO    | goodware.engine | component registered: config
2026-09-24T22:47:00 | INFO    | goodware.engine | component registered: behavior
2026-09-24T22:47:00 | INFO    | goodware.engine | component registered: quantum
2026-09-24T22:47:00 | INFO    | goodware.engine | component registered: filesystem
2026-09-24T22:47:00 | INFO    | goodware.engine | component registered: process
2026-09-24T22:47:00 | INFO    | goodware.engine | component registered: network
2026-09-24T22:47:00 | INFO    | goodware.engine | component registered: memory
2026-09-24T22:47:00 | INFO    | goodware.engine | component registered: config
2026-09-24T22:47:00 | INFO    | goodware.engine | component registered: behavior
2026-09-24T22:47:00 | INFO    | goodware.engine | component registered: quantum
2026-09-24T22:47:00 | INFO    | goodware.engine |   watching 2 paths: ['/etc', '/tmp']
2026-09-24T22:47:00 | INFO    | goodware.engine | component registered: filesystem
2026-09-24T22:47:00 | INFO    | goodware.engine | component registered: process
2026-09-24T22:47:00 | INFO    | goodware.engine | component registered: network
2026-09-24T22:47:00 | INFO    | goodware.engine | component registered: memory
2026-09-24T22:47:00 | INFO    | goodware.engine | component registered: config
2026-09-24T22:47:00 | INFO    | goodware.engine | component registered: behavior
2026-09-24T22:47:00 | INFO    | goodware.engine | component registered: quantum
2026-09-24T22:47:00 | INFO    | goodware.engine |   watching 2 paths: ['/etc', '/tmp']
2026-09-24T22:47:01 | INFO    | goodware.engine | ============================================================
2026-09-24T22:47:01 | INFO    | goodware.engine | Goodware v3.0 starting...
2026-09-24T22:47:01 | INFO    | goodware.engine |   node_id: None
2026-09-24T22:47:01 | INFO    | goodware.engine |   organization: None
2026-09-24T22:47:01 | INFO    | goodware.engine | ============================================================
2026-09-24T22:47:01 | INFO    | goodware.engine | Goodware stopped.
2026-09-24T22:47:01 | INFO    | goodware.engine | ============================================================
2026-09-24T22:47:01 | INFO    | goodware.engine | Goodware v3.0 starting...
2026-09-24T22:47:01 | INFO    | goodware.engine |   node_id: None
2026-09-24T22:47:01 | INFO    | goodware.engine |   organization: None
2026-09-24T22:47:01 | INFO    | goodware.engine | ============================================================
2026-09-24T22:47:01 | INFO    | goodware.engine | Goodware stopped.
2026-09-24T22:47:01 | INFO    | goodware.engine | ============================================================
2026-09-24T22:47:01 | INFO    | goodware.engine | Goodware v3.0 starting...
2026-09-24T22:47:01 | INFO    | goodware.engine |   node_id: None
2026-09-24T22:47:01 | INFO    | goodware.engine |   organization: None
2026-09-24T22:47:01 | INFO    | goodware.engine | ============================================================
2026-09-24T22:47:02 | INFO    | goodware.engine | Goodware stopped.
2026-09-24T22:47:02 | INFO    | goodware.engine | ============================================================
2026-09-24T22:47:02 | INFO    | goodware.engine | Goodware v3.0 starting...
2026-09-24T22:47:02 | INFO    | goodware.engine |   node_id: None
2026-09-24T22:47:02 | INFO    | goodware.engine |   organization: None
2026-09-24T22:47:02 | INFO    | goodware.engine | ============================================================
2026-09-24T22:47:03 | INFO    | goodware.engine | Goodware stopped.
2026-09-24T22:47:03 | INFO    | goodware.engine | ============================================================
2026-09-24T22:47:03 | INFO    | goodware.engine | Goodware v3.0 starting...
2026-09-24T22:47:03 | INFO    | goodware.engine |   node_id: None
2026-09-24T22:47:03 | INFO    | goodware.engine |   organization: None
2026-09-24T22:47:03 | INFO    | goodware.engine | ============================================================
2026-09-24T22:47:03 | INFO    | goodware.engine | Goodware stopped.
2026-09-24T22:47:03 | INFO    | goodware.engine | ============================================================
2026-09-24T22:47:03 | INFO    | goodware.engine | Goodware v3.0 starting...
2026-09-24T22:47:03 | INFO    | goodware.engine |   node_id: None
2026-09-24T22:47:03 | INFO    | goodware.engine |   organization: None
2026-09-24T22:47:03 | INFO    | goodware.engine | ============================================================
2026-09-24T22:47:03 | INFO    | goodware.engine | Goodware stopped.
2026-09-24T22:47:03 | INFO    | goodware.engine | ============================================================
2026-09-24T22:47:03 | INFO    | goodware.engine | Goodware v3.0 starting...
2026-09-24T22:47:03 | INFO    | goodware.engine |   node_id: None
2026-09-24T22:47:03 | INFO    | goodware.engine |   organization: None
2026-09-24T22:47:03 | INFO    | goodware.engine | ============================================================
2026-09-24T22:47:04 | INFO    | goodware.engine | Goodware stopped.
2026-09-24T22:47:04 | INFO    | goodware.engine | ============================================================
2026-09-24T22:47:04 | INFO    | goodware.engine | Goodware v3.0 starting...
2026-09-24T22:47:04 | INFO    | goodware.engine |   node_id: None
2026-09-24T22:47:04 | INFO    | goodware.engine |   organization: None
2026-09-24T22:47:04 | INFO    | goodware.engine | ============================================================
2026-09-24T22:47:04 | INFO    | goodware.engine | Goodware stopped.
2026-09-24T22:47:04 | INFO    | goodware.engine | ============================================================
2026-09-24T22:47:04 | INFO    | goodware.engine | Goodware v3.0 starting...
2026-09-24T22:47:04 | INFO    | goodware.engine |   node_id: None
2026-09-24T22:47:04 | INFO    | goodware.engine |   organization: None
2026-09-24T22:47:04 | INFO    | goodware.engine | ============================================================
2026-09-24T22:47:04 | INFO    | goodware.engine | Goodware stopped.
2026-09-24T22:47:04 | INFO    | goodware.engine | ============================================================
2026-09-24T22:47:04 | INFO    | goodware.engine | Goodware v3.0 starting...
2026-09-24T22:47:04 | INFO    | goodware.engine |   node_id: None
2026-09-24T22:47:04 | INFO    | goodware.engine |   organization: None
2026-09-24T22:47:04 | INFO    | goodware.engine | ============================================================
2026-09-24T22:47:04 | INFO    | goodware.engine | Goodware stopped.
2026-09-24T22:47:04 | INFO    | goodware.engine | ============================================================
2026-09-24T22:47:04 | INFO    | goodware.engine | Goodware v3.0 starting...
2026-09-24T22:47:04 | INFO    | goodware.engine |   node_id: None
2026-09-24T22:47:04 | INFO    | goodware.engine |   organization: None
2026-09-24T22:47:04 | INFO    | goodware.engine | ============================================================
2026-09-24T22:47:04 | INFO    | goodware.engine | Goodware stopped.
2026-09-24T22:47:04 | INFO    | goodware.engine | ============================================================
2026-09-24T22:47:04 | INFO    | goodware.engine | Goodware v3.0 starting...
2026-09-24T22:47:04 | INFO    | goodware.engine |   node_id: None
2026-09-24T22:47:04 | INFO    | goodware.engine |   organization: None
2026-09-24T22:47:04 | INFO    | goodware.engine | ============================================================
2026-09-24T22:47:04 | INFO    | goodware.engine | Goodware stopped.
2026-09-24T22:47:04 | INFO    | goodware.engine | ============================================================
2026-09-24T22:47:04 | INFO    | goodware.engine | Goodware v3.0 starting...
2026-09-24T22:47:04 | INFO    | goodware.engine |   node_id: None
2026-09-24T22:47:04 | INFO    | goodware.engine |   organization: None
2026-09-24T22:47:04 | INFO    | goodware.engine | ============================================================
2026-09-24T22:47:04 | INFO    | goodware.engine | Goodware stopped.
2026-09-24T22:47:04 | INFO    | goodware.engine | ============================================================
2026-09-24T22:47:04 | INFO    | goodware.engine | Goodware v3.0 starting...
2026-09-24T22:47:04 | INFO    | goodware.engine |   node_id: None
2026-09-24T22:47:04 | INFO    | goodware.engine |   organization: None
2026-09-24T22:47:04 | INFO    | goodware.engine | ============================================================
2026-09-24T22:47:04 | INFO    | goodware.engine | Goodware stopped.
2026-09-24T22:47:04 | INFO    | goodware.engine | ============================================================
2026-09-24T22:47:04 | INFO    | goodware.engine | Goodware v3.0 starting...
2026-09-24T22:47:04 | INFO    | goodware.engine |   node_id: None
2026-09-24T22:47:04 | INFO    | goodware.engine |   organization: None
2026-09-24T22:47:04 | INFO    | goodware.engine | ============================================================
2026-09-24T22:47:05 | INFO    | goodware.engine | Goodware stopped.
2026-09-24T22:47:05 | INFO    | goodware.engine | ============================================================
2026-09-24T22:47:05 | INFO    | goodware.engine | Goodware v3.0 starting...
2026-09-24T22:47:05 | INFO    | goodware.engine |   node_id: None
2026-09-24T22:47:05 | INFO    | goodware.engine |   organization: None
2026-09-24T22:47:05 | INFO    | goodware.engine | ============================================================
2026-09-24T22:47:05 | INFO    | goodware.engine | Goodware stopped.
2026-09-24T22:47:05 | INFO    | goodware.engine | ============================================================
2026-09-24T22:47:05 | INFO    | goodware.engine | Goodware v3.0 starting...
2026-09-24T22:47:05 | INFO    | goodware.engine |   node_id: None
2026-09-24T22:47:05 | INFO    | goodware.engine |   organization: None
2026-09-24T22:47:05 | INFO    | goodware.engine | ============================================================
2026-09-24T22:47:05 | INFO    | goodware.engine | Goodware stopped.
2026-09-24T22:47:05 | INFO    | goodware.engine | ============================================================
2026-09-24T22:47:05 | INFO    | goodware.engine | Goodware v3.0 starting...
2026-09-24T22:47:05 | INFO    | goodware.engine |   node_id: None
2026-09-24T22:47:05 | INFO    | goodware.engine |   organization: None
2026-09-24T22:47:05 | INFO    | goodware.engine | ============================================================
2026-09-24T22:47:05 | INFO    | goodware.engine | Goodware stopped.
2026-09-24T22:47:05 | INFO    | goodware.engine | ============================================================
2026-09-24T22:47:05 | INFO    | goodware.engine | Goodware v3.0 starting...
2026-09-24T22:47:05 | INFO    | goodware.engine |   node_id: None
2026-09-24T22:47:05 | INFO    | goodware.engine |   organization: None
2026-09-24T22:47:05 | INFO    | goodware.engine | ============================================================
2026-09-24T22:47:05 | INFO    | goodware.engine | Goodware stopped.
2026-09-24T22:47:05 | INFO    | goodware.engine | ============================================================
2026-09-24T22:47:05 | INFO    | goodware.engine | Goodware v3.0 starting...
2026-09-24T22:47:05 | INFO    | goodware.engine |   node_id: None
2026-09-24T22:47:05 | INFO    | goodware.engine |   organization: None
2026-09-24T22:47:05 | INFO    | goodware.engine | ============================================================
2026-09-24T22:47:05 | INFO    | goodware.engine | Goodware stopped.
2026-09-24T22:47:06 | INFO    | goodware.engine | ============================================================
2026-09-24T22:47:06 | INFO    | goodware.engine | Goodware v3.0 starting...
2026-09-24T22:47:06 | INFO    | goodware.engine |   node_id: None
2026-09-24T22:47:06 | INFO    | goodware.engine |   organization: None
2026-09-24T22:47:06 | INFO    | goodware.engine | ============================================================
2026-09-24T22:47:06 | INFO    | goodware.engine | Goodware stopped.
2026-09-24T22:47:06 | INFO    | goodware.engine | ============================================================
2026-09-24T22:47:06 | INFO    | goodware.engine | Goodware v3.0 starting...
2026-09-24T22:47:06 | INFO    | goodware.engine |   node_id: None
2026-09-24T22:47:06 | INFO    | goodware.engine |   organization: None
2026-09-24T22:47:06 | INFO    | goodware.engine | ============================================================
2026-09-24T22:47:06 | INFO    | goodware.engine | Goodware stopped.
2026-09-24T22:47:10 | INFO    | goodware.engine | component registered: decision-engine
2026-09-24T22:47:10 | INFO    | goodware.engine | component registered: adaptive
2026-09-24T22:47:10 | INFO    | goodware.engine | component registered: mutation
2026-09-24T22:47:10 | INFO    | goodware.engine | component registered: zero_day
2026-09-24T22:47:10 | INFO    | goodware.engine | component registered: crypto
2026-09-24T22:47:10 | INFO    | goodware.engine | component registered: human-factor
2026-09-24T22:47:10 | INFO    | goodware.engine | component registered: decision
2026-09-24T22:47:10 | INFO    | goodware.engine | component registered: effector
2026-09-24T22:47:10 | INFO    | goodware.engine | component registered: chainsaw
2026-09-24T22:47:13 | INFO    | goodware.engine | component registered: immune
2026-09-24T22:47:13 | INFO    | goodware.engine | component registered: physical
2026-09-24T22:47:13 | INFO    | goodware.engine | component registered: supply-chain
2026-09-24T22:47:16 | INFO    | goodware.engine | ============================================================
2026-09-24T22:47:16 | INFO    | goodware.engine | Goodware v3.0 starting...
2026-09-24T22:47:16 | INFO    | goodware.engine |   node_id: None
2026-09-24T22:47:16 | INFO    | goodware.engine |   organization: None
2026-09-24T22:47:16 | INFO    | goodware.engine | ============================================================
2026-09-24T22:47:16 | INFO    | goodware.engine | Goodware stopped.
2026-09-24T22:47:17 | INFO    | goodware.engine | ============================================================
2026-09-24T22:47:17 | INFO    | goodware.engine | Goodware v3.0 starting...
2026-09-24T22:47:17 | INFO    | goodware.engine |   node_id: None
2026-09-24T22:47:17 | INFO    | goodware.engine |   organization: None
2026-09-24T22:47:17 | INFO    | goodware.engine | ============================================================
2026-09-24T22:47:17 | INFO    | goodware.engine | Goodware stopped.
2026-09-24T22:47:17 | INFO    | goodware.engine | hunter2
2026-09-24T22:47:18 | INFO    | goodware.engine | component registered: dummy
2026-09-24T22:47:18 | INFO    | goodware.engine | test
2026-09-24T22:47:18 | WARNING | goodware.engine | warn
2026-09-24T22:47:18 | ERROR   | goodware.engine | err
2026-09-24T22:47:18 | INFO    | goodware.engine | component registered: with_attach
2026-09-24T22:47:19 | INFO    | goodware.engine | component registered: dummy
2026-09-24T22:47:19 | INFO    | goodware.engine | ============================================================
2026-09-24T22:47:19 | INFO    | goodware.engine | Goodware v3.0 starting...
2026-09-24T22:47:19 | INFO    | goodware.engine |   node_id: None
2026-09-24T22:47:19 | INFO    | goodware.engine |   organization: None
2026-09-24T22:47:19 | INFO    | goodware.engine | ============================================================
2026-09-24T22:47:19 | INFO    | goodware.engine |   ✓ dummy running
2026-09-24T22:47:19 | INFO    | goodware.engine | Goodware stopped.
2026-09-24T22:47:21 | INFO    | goodware.engine | component registered: threat
2026-09-24T22:47:21 | INFO    | goodware.engine | component registered: anomaly
2026-09-24T22:47:21 | INFO    | goodware.engine | component registered: simulator
2026-09-24T22:47:21 | INFO    | goodware.engine | component registered: filesystem
2026-09-24T22:47:21 | INFO    | goodware.engine | component registered: process
2026-09-24T22:47:21 | INFO    | goodware.engine | component registered: network
2026-09-24T22:47:21 | INFO    | goodware.engine | component registered: memory
2026-09-24T22:47:21 | INFO    | goodware.engine | component registered: config
2026-09-24T22:47:21 | INFO    | goodware.engine | component registered: behavior
2026-09-24T22:47:21 | INFO    | goodware.engine | component registered: quantum
2026-09-24T22:47:21 | INFO    | goodware.engine | component registered: filesystem
2026-09-24T22:47:21 | INFO    | goodware.engine | component registered: process
2026-09-24T22:47:21 | INFO    | goodware.engine | component registered: network
2026-09-24T22:47:21 | INFO    | goodware.engine | component registered: memory
2026-09-24T22:47:21 | INFO    | goodware.engine | component registered: config
2026-09-24T22:47:21 | INFO    | goodware.engine | component registered: behavior
2026-09-24T22:47:21 | INFO    | goodware.engine | component registered: quantum
2026-09-24T22:47:21 | INFO    | goodware.engine | component registered: filesystem
2026-09-24T22:47:21 | INFO    | goodware.engine | component registered: process
2026-09-24T22:47:21 | INFO    | goodware.engine | component registered: network
2026-09-24T22:47:21 | INFO    | goodware.engine | component registered: memory
2026-09-24T22:47:21 | INFO    | goodware.engine | component registered: config
2026-09-24T22:47:21 | INFO    | goodware.engine | component registered: behavior
2026-09-24T22:47:21 | INFO    | goodware.engine | component registered: quantum
2026-09-24T22:47:21 | INFO    | goodware.engine | component registered: filesystem
2026-09-24T22:47:21 | INFO    | goodware.engine | component registered: process
2026-09-24T22:47:21 | INFO    | goodware.engine | component registered: network
2026-09-24T22:47:21 | INFO    | goodware.engine | component registered: memory
2026-09-24T22:47:21 | INFO    | goodware.engine | component registered: config
2026-09-24T22:47:21 | INFO    | goodware.engine | component registered: behavior
2026-09-24T22:47:21 | INFO    | goodware.engine | component registered: quantum
2026-09-24T22:47:21 | INFO    | goodware.engine | component registered: filesystem
2026-09-24T22:47:21 | INFO    | goodware.engine | component registered: process
2026-09-24T22:47:21 | INFO    | goodware.engine | component registered: network
2026-09-24T22:47:21 | INFO    | goodware.engine | component registered: memory
2026-09-24T22:47:21 | INFO    | goodware.engine | component registered: config
2026-09-24T22:47:21 | INFO    | goodware.engine | component registered: behavior
2026-09-24T22:47:21 | INFO    | goodware.engine | component registered: quantum
2026-09-24T22:47:21 | INFO    | goodware.engine | component registered: filesystem
2026-09-24T22:47:21 | INFO    | goodware.engine | component registered: process
2026-09-24T22:47:21 | INFO    | goodware.engine | component registered: network
2026-09-24T22:47:21 | INFO    | goodware.engine | component registered: memory
2026-09-24T22:47:21 | INFO    | goodware.engine | component registered: config
2026-09-24T22:47:21 | INFO    | goodware.engine | component registered: behavior
2026-09-24T22:47:21 | INFO    | goodware.engine | component registered: quantum
2026-09-24T22:47:21 | INFO    | goodware.engine | component registered: filesystem
2026-09-24T22:47:21 | INFO    | goodware.engine | component registered: process
2026-09-24T22:47:21 | INFO    | goodware.engine | component registered: network
2026-09-24T22:47:21 | INFO    | goodware.engine | component registered: memory
2026-09-24T22:47:21 | INFO    | goodware.engine | component registered: config
2026-09-24T22:47:21 | INFO    | goodware.engine | component registered: behavior
2026-09-24T22:47:21 | INFO    | goodware.engine | component registered: quantum
2026-09-24T22:47:21 | INFO    | goodware.engine | component registered: filesystem
2026-09-24T22:47:21 | INFO    | goodware.engine | component registered: process
2026-09-24T22:47:21 | INFO    | goodware.engine | component registered: network
2026-09-24T22:47:21 | INFO    | goodware.engine | component registered: memory
2026-09-24T22:47:21 | INFO    | goodware.engine | component registered: config
2026-09-24T22:47:21 | INFO    | goodware.engine | component registered: behavior
2026-09-24T22:47:21 | INFO    | goodware.engine | component registered: quantum
2026-09-24T22:47:22 | INFO    | goodware.engine | component registered: filesystem
2026-09-24T22:47:22 | INFO    | goodware.engine | component registered: process
2026-09-24T22:47:22 | INFO    | goodware.engine | component registered: network
2026-09-24T22:47:22 | INFO    | goodware.engine | component registered: memory
2026-09-24T22:47:22 | INFO    | goodware.engine | component registered: config
2026-09-24T22:47:22 | INFO    | goodware.engine | component registered: behavior
2026-09-24T22:47:22 | INFO    | goodware.engine | component registered: quantum
2026-09-24T22:47:22 | INFO    | goodware.engine | component registered: filesystem
2026-09-24T22:47:22 | INFO    | goodware.engine | component registered: process
2026-09-24T22:47:22 | INFO    | goodware.engine | component registered: network
2026-09-24T22:47:22 | INFO    | goodware.engine | component registered: memory
2026-09-24T22:47:22 | INFO    | goodware.engine | component registered: config
2026-09-24T22:47:22 | INFO    | goodware.engine | component registered: behavior
2026-09-24T22:47:22 | INFO    | goodware.engine | component registered: quantum
2026-09-24T22:47:22 | INFO    | goodware.engine | component registered: filesystem
2026-09-24T22:47:22 | INFO    | goodware.engine | component registered: process
2026-09-24T22:47:22 | INFO    | goodware.engine | component registered: network
2026-09-24T22:47:22 | INFO    | goodware.engine | component registered: memory
2026-09-24T22:47:22 | INFO    | goodware.engine | component registered: config
2026-09-24T22:47:22 | INFO    | goodware.engine | component registered: behavior
2026-09-24T22:47:22 | INFO    | goodware.engine | component registered: quantum
2026-09-24T22:47:22 | INFO    | goodware.engine | component registered: filesystem
2026-09-24T22:47:22 | INFO    | goodware.engine | component registered: process
2026-09-24T22:47:22 | INFO    | goodware.engine | component registered: network
2026-09-24T22:47:22 | INFO    | goodware.engine | component registered: memory
2026-09-24T22:47:22 | INFO    | goodware.engine | component registered: config
2026-09-24T22:47:22 | INFO    | goodware.engine | component registered: behavior
2026-09-24T22:47:22 | INFO    | goodware.engine | component registered: quantum
2026-09-24T22:47:22 | INFO    | goodware.engine | component registered: filesystem
2026-09-24T22:47:22 | INFO    | goodware.engine | component registered: process
2026-09-24T22:47:22 | INFO    | goodware.engine | component registered: network
2026-09-24T22:47:22 | INFO    | goodware.engine | component registered: memory
2026-09-24T22:47:22 | INFO    | goodware.engine | component registered: config
2026-09-24T22:47:22 | INFO    | goodware.engine | component registered: behavior
2026-09-24T22:47:22 | INFO    | goodware.engine | component registered: quantum
2026-09-24T22:47:22 | INFO    | goodware.engine | component registered: filesystem
2026-09-24T22:47:22 | INFO    | goodware.engine | component registered: process
2026-09-24T22:47:22 | INFO    | goodware.engine | component registered: network
2026-09-24T22:47:22 | INFO    | goodware.engine | component registered: memory
2026-09-24T22:47:22 | INFO    | goodware.engine | component registered: config
2026-09-24T22:47:22 | INFO    | goodware.engine | component registered: behavior
2026-09-24T22:47:22 | INFO    | goodware.engine | component registered: quantum
2026-09-24T22:47:22 | INFO    | goodware.engine | component registered: filesystem
2026-09-24T22:47:22 | INFO    | goodware.engine | component registered: process
2026-09-24T22:47:22 | INFO    | goodware.engine | component registered: network
2026-09-24T22:47:22 | INFO    | goodware.engine | component registered: memory
2026-09-24T22:47:22 | INFO    | goodware.engine | component registered: config
2026-09-24T22:47:22 | INFO    | goodware.engine | component registered: behavior
2026-09-24T22:47:22 | INFO    | goodware.engine | component registered: quantum
2026-09-24T22:47:22 | INFO    | goodware.engine | component registered: filesystem
2026-09-24T22:47:22 | INFO    | goodware.engine | component registered: process
2026-09-24T22:47:22 | INFO    | goodware.engine | component registered: network
2026-09-24T22:47:22 | INFO    | goodware.engine | component registered: memory
2026-09-24T22:47:22 | INFO    | goodware.engine | component registered: config
2026-09-24T22:47:22 | INFO    | goodware.engine | component registered: behavior
2026-09-24T22:47:22 | INFO    | goodware.engine | component registered: quantum
2026-09-24T22:47:22 | INFO    | goodware.engine |   watching 2 paths: ['/etc', '/tmp']
2026-09-24T22:47:22 | INFO    | goodware.engine | component registered: filesystem
2026-09-24T22:47:22 | INFO    | goodware.engine | component registered: process
2026-09-24T22:47:22 | INFO    | goodware.engine | component registered: network
2026-09-24T22:47:22 | INFO    | goodware.engine | component registered: memory
2026-09-24T22:47:22 | INFO    | goodware.engine | component registered: config
2026-09-24T22:47:22 | INFO    | goodware.engine | component registered: behavior
2026-09-24T22:47:22 | INFO    | goodware.engine | component registered: quantum
2026-09-24T22:47:22 | INFO    | goodware.engine | component registered: filesystem
2026-09-24T22:47:22 | INFO    | goodware.engine | component registered: process
2026-09-24T22:47:22 | INFO    | goodware.engine | component registered: network
2026-09-24T22:47:22 | INFO    | goodware.engine | component registered: memory
2026-09-24T22:47:22 | INFO    | goodware.engine | component registered: config
2026-09-24T22:47:22 | INFO    | goodware.engine | component registered: behavior
2026-09-24T22:47:22 | INFO    | goodware.engine | component registered: quantum
2026-09-24T22:47:22 | INFO    | goodware.engine | component registered: filesystem
2026-09-24T22:47:22 | INFO    | goodware.engine | component registered: process
2026-09-24T22:47:22 | INFO    | goodware.engine | component registered: network
2026-09-24T22:47:22 | INFO    | goodware.engine | component registered: memory
2026-09-24T22:47:22 | INFO    | goodware.engine | component registered: config
2026-09-24T22:47:22 | INFO    | goodware.engine | component registered: behavior
2026-09-24T22:47:22 | INFO    | goodware.engine | component registered: quantum
2026-09-24T22:47:22 | INFO    | goodware.engine | component registered: filesystem
2026-09-24T22:47:22 | INFO    | goodware.engine | component registered: process
2026-09-24T22:47:22 | INFO    | goodware.engine | component registered: network
2026-09-24T22:47:22 | INFO    | goodware.engine | component registered: memory
2026-09-24T22:47:22 | INFO    | goodware.engine | component registered: config
2026-09-24T22:47:22 | INFO    | goodware.engine | component registered: behavior
2026-09-24T22:47:22 | INFO    | goodware.engine | component registered: quantum
2026-09-24T22:47:22 | INFO    | goodware.engine | component registered: filesystem
2026-09-24T22:47:22 | INFO    | goodware.engine | component registered: process
2026-09-24T22:47:22 | INFO    | goodware.engine | component registered: network
2026-09-24T22:47:22 | INFO    | goodware.engine | component registered: memory
2026-09-24T22:47:22 | INFO    | goodware.engine | component registered: config
2026-09-24T22:47:22 | INFO    | goodware.engine | component registered: behavior
2026-09-24T22:47:22 | INFO    | goodware.engine | component registered: quantum
2026-09-24T22:47:22 | INFO    | goodware.engine | component registered: filesystem
2026-09-24T22:47:22 | INFO    | goodware.engine | component registered: process
2026-09-24T22:47:22 | INFO    | goodware.engine | component registered: network
2026-09-24T22:47:22 | INFO    | goodware.engine | component registered: memory
2026-09-24T22:47:22 | INFO    | goodware.engine | component registered: config
2026-09-24T22:47:22 | INFO    | goodware.engine | component registered: behavior
2026-09-24T22:47:22 | INFO    | goodware.engine | component registered: quantum
2026-09-24T22:47:23 | INFO    | goodware.engine | component registered: filesystem
2026-09-24T22:47:23 | INFO    | goodware.engine | component registered: process
2026-09-24T22:47:23 | INFO    | goodware.engine | component registered: network
2026-09-24T22:47:23 | INFO    | goodware.engine | component registered: memory
2026-09-24T22:47:23 | INFO    | goodware.engine | component registered: config
2026-09-24T22:47:23 | INFO    | goodware.engine | component registered: behavior
2026-09-24T22:47:23 | INFO    | goodware.engine | component registered: quantum
2026-09-24T22:47:23 | INFO    | goodware.engine | component registered: filesystem
2026-09-24T22:47:23 | INFO    | goodware.engine | component registered: process
2026-09-24T22:47:23 | INFO    | goodware.engine | component registered: network
2026-09-24T22:47:23 | INFO    | goodware.engine | component registered: memory
2026-09-24T22:47:23 | INFO    | goodware.engine | component registered: config
2026-09-24T22:47:23 | INFO    | goodware.engine | component registered: behavior
2026-09-24T22:47:23 | INFO    | goodware.engine | component registered: quantum
2026-09-24T22:47:23 | INFO    | goodware.engine | component registered: filesystem
2026-09-24T22:47:23 | INFO    | goodware.engine | component registered: process
2026-09-24T22:47:23 | INFO    | goodware.engine | component registered: network
2026-09-24T22:47:23 | INFO    | goodware.engine | component registered: memory
2026-09-24T22:47:23 | INFO    | goodware.engine | component registered: config
2026-09-24T22:47:23 | INFO    | goodware.engine | component registered: behavior
2026-09-24T22:47:23 | INFO    | goodware.engine | component registered: quantum
2026-09-24T22:47:23 | INFO    | goodware.engine | component registered: filesystem
2026-09-24T22:47:23 | INFO    | goodware.engine | component registered: process
2026-09-24T22:47:23 | INFO    | goodware.engine | component registered: network
2026-09-24T22:47:23 | INFO    | goodware.engine | component registered: memory
2026-09-24T22:47:23 | INFO    | goodware.engine | component registered: config
2026-09-24T22:47:23 | INFO    | goodware.engine | component registered: behavior
2026-09-24T22:47:23 | INFO    | goodware.engine | component registered: quantum
2026-09-24T22:47:23 | INFO    | goodware.engine | component registered: filesystem
2026-09-24T22:47:23 | INFO    | goodware.engine | component registered: process
2026-09-24T22:47:23 | INFO    | goodware.engine | component registered: network
2026-09-24T22:47:23 | INFO    | goodware.engine | component registered: memory
2026-09-24T22:47:23 | INFO    | goodware.engine | component registered: config
2026-09-24T22:47:23 | INFO    | goodware.engine | component registered: behavior
2026-09-24T22:47:23 | INFO    | goodware.engine | component registered: quantum
2026-09-24T22:47:23 | INFO    | goodware.engine | component registered: filesystem
2026-09-24T22:47:23 | INFO    | goodware.engine | component registered: process
2026-09-24T22:47:23 | INFO    | goodware.engine | component registered: network
2026-09-24T22:47:23 | INFO    | goodware.engine | component registered: memory
2026-09-24T22:47:23 | INFO    | goodware.engine | component registered: config
2026-09-24T22:47:23 | INFO    | goodware.engine | component registered: behavior
2026-09-24T22:47:23 | INFO    | goodware.engine | component registered: quantum
2026-09-24T22:47:23 | INFO    | goodware.engine | component registered: filesystem
2026-09-24T22:47:23 | INFO    | goodware.engine | component registered: process
2026-09-24T22:47:23 | INFO    | goodware.engine | component registered: network
2026-09-24T22:47:23 | INFO    | goodware.engine | component registered: memory
2026-09-24T22:47:23 | INFO    | goodware.engine | component registered: config
2026-09-24T22:47:23 | INFO    | goodware.engine | component registered: behavior
2026-09-24T22:47:23 | INFO    | goodware.engine | component registered: quantum
2026-09-24T22:47:23 | INFO    | goodware.engine | component registered: filesystem
2026-09-24T22:47:23 | INFO    | goodware.engine | component registered: process
2026-09-24T22:47:23 | INFO    | goodware.engine | component registered: network
2026-09-24T22:47:23 | INFO    | goodware.engine | component registered: memory
2026-09-24T22:47:23 | INFO    | goodware.engine | component registered: config
2026-09-24T22:47:23 | INFO    | goodware.engine | component registered: behavior
2026-09-24T22:47:23 | INFO    | goodware.engine | component registered: quantum
2026-09-24T22:47:23 | INFO    | goodware.engine | component registered: filesystem
2026-09-24T22:47:23 | INFO    | goodware.engine | component registered: process
2026-09-24T22:47:23 | INFO    | goodware.engine | component registered: network
2026-09-24T22:47:23 | INFO    | goodware.engine | component registered: memory
2026-09-24T22:47:23 | INFO    | goodware.engine | component registered: config
2026-09-24T22:47:23 | INFO    | goodware.engine | component registered: behavior
2026-09-24T22:47:23 | INFO    | goodware.engine | component registered: quantum
2026-09-24T22:47:23 | INFO    | goodware.engine | component registered: filesystem
2026-09-24T22:47:23 | INFO    | goodware.engine | component registered: process
2026-09-24T22:47:23 | INFO    | goodware.engine | component registered: network
2026-09-24T22:47:23 | INFO    | goodware.engine | component registered: memory
2026-09-24T22:47:23 | INFO    | goodware.engine | component registered: config
2026-09-24T22:47:23 | INFO    | goodware.engine | component registered: behavior
2026-09-24T22:47:23 | INFO    | goodware.engine | component registered: quantum
2026-09-24T22:47:23 | INFO    | goodware.engine |   watching 2 paths: ['/etc', '/tmp']
2026-09-24T22:47:24 | INFO    | goodware.engine | component registered: filesystem
2026-09-24T22:47:24 | INFO    | goodware.engine | component registered: process
2026-09-24T22:47:24 | INFO    | goodware.engine | component registered: network
2026-09-24T22:47:24 | INFO    | goodware.engine | component registered: memory
2026-09-24T22:47:24 | INFO    | goodware.engine | component registered: config
2026-09-24T22:47:24 | INFO    | goodware.engine | component registered: behavior
2026-09-24T22:47:24 | INFO    | goodware.engine | component registered: quantum
2026-09-24T22:47:24 | INFO    | goodware.engine |   watching 2 paths: ['/etc', '/tmp']
2026-09-24T22:47:24 | INFO    | goodware.engine | ============================================================
2026-09-24T22:47:24 | INFO    | goodware.engine | Goodware v3.0 starting...
2026-09-24T22:47:24 | INFO    | goodware.engine |   node_id: None
2026-09-24T22:47:24 | INFO    | goodware.engine |   organization: None
2026-09-24T22:47:24 | INFO    | goodware.engine | ============================================================
2026-09-24T22:47:25 | INFO    | goodware.engine | Goodware stopped.
2026-09-24T22:47:25 | INFO    | goodware.engine | ============================================================
2026-09-24T22:47:25 | INFO    | goodware.engine | Goodware v3.0 starting...
2026-09-24T22:47:25 | INFO    | goodware.engine |   node_id: None
2026-09-24T22:47:25 | INFO    | goodware.engine |   organization: None
2026-09-24T22:47:25 | INFO    | goodware.engine | ============================================================
2026-09-24T22:47:25 | INFO    | goodware.engine | Goodware stopped.
2026-09-24T22:47:25 | INFO    | goodware.engine | ============================================================
2026-09-24T22:47:25 | INFO    | goodware.engine | Goodware v3.0 starting...
2026-09-24T22:47:25 | INFO    | goodware.engine |   node_id: None
2026-09-24T22:47:25 | INFO    | goodware.engine |   organization: None
2026-09-24T22:47:25 | INFO    | goodware.engine | ============================================================
2026-09-24T22:47:26 | INFO    | goodware.engine | Goodware stopped.
2026-09-24T22:47:26 | INFO    | goodware.engine | ============================================================
2026-09-24T22:47:26 | INFO    | goodware.engine | Goodware v3.0 starting...
2026-09-24T22:47:26 | INFO    | goodware.engine |   node_id: None
2026-09-24T22:47:26 | INFO    | goodware.engine |   organization: None
2026-09-24T22:47:26 | INFO    | goodware.engine | ============================================================
2026-09-24T22:47:26 | INFO    | goodware.engine | Goodware stopped.
2026-09-24T22:47:26 | INFO    | goodware.engine | ============================================================
2026-09-24T22:47:26 | INFO    | goodware.engine | Goodware v3.0 starting...
2026-09-24T22:47:26 | INFO    | goodware.engine |   node_id: None
2026-09-24T22:47:26 | INFO    | goodware.engine |   organization: None
2026-09-24T22:47:26 | INFO    | goodware.engine | ============================================================
2026-09-24T22:47:26 | INFO    | goodware.engine | Goodware stopped.
2026-09-24T22:47:26 | INFO    | goodware.engine | ============================================================
2026-09-24T22:47:26 | INFO    | goodware.engine | Goodware v3.0 starting...
2026-09-24T22:47:26 | INFO    | goodware.engine |   node_id: None
2026-09-24T22:47:26 | INFO    | goodware.engine |   organization: None
2026-09-24T22:47:26 | INFO    | goodware.engine | ============================================================
2026-09-24T22:47:27 | INFO    | goodware.engine | Goodware stopped.
2026-09-24T22:47:27 | INFO    | goodware.engine | ============================================================
2026-09-24T22:47:27 | INFO    | goodware.engine | Goodware v3.0 starting...
2026-09-24T22:47:27 | INFO    | goodware.engine |   node_id: None
2026-09-24T22:47:27 | INFO    | goodware.engine |   organization: None
2026-09-24T22:47:27 | INFO    | goodware.engine | ============================================================
2026-09-24T22:47:27 | INFO    | goodware.engine | Goodware stopped.
2026-09-24T22:47:27 | INFO    | goodware.engine | ============================================================
2026-09-24T22:47:27 | INFO    | goodware.engine | Goodware v3.0 starting...
2026-09-24T22:47:27 | INFO    | goodware.engine |   node_id: None
2026-09-24T22:47:27 | INFO    | goodware.engine |   organization: None
2026-09-24T22:47:27 | INFO    | goodware.engine | ============================================================
2026-09-24T22:47:27 | INFO    | goodware.engine | Goodware stopped.
2026-09-24T22:47:27 | INFO    | goodware.engine | ============================================================
2026-09-24T22:47:27 | INFO    | goodware.engine | Goodware v3.0 starting...
2026-09-24T22:47:27 | INFO    | goodware.engine |   node_id: None
2026-09-24T22:47:27 | INFO    | goodware.engine |   organization: None
2026-09-24T22:47:27 | INFO    | goodware.engine | ============================================================
2026-09-24T22:47:27 | INFO    | goodware.engine | Goodware stopped.
2026-09-24T22:47:27 | INFO    | goodware.engine | ============================================================
2026-09-24T22:47:27 | INFO    | goodware.engine | Goodware v3.0 starting...
2026-09-24T22:47:27 | INFO    | goodware.engine |   node_id: None
2026-09-24T22:47:27 | INFO    | goodware.engine |   organization: None
2026-09-24T22:47:27 | INFO    | goodware.engine | ============================================================
2026-09-24T22:47:27 | INFO    | goodware.engine | Goodware stopped.
2026-09-24T22:47:27 | INFO    | goodware.engine | ============================================================
2026-09-24T22:47:27 | INFO    | goodware.engine | Goodware v3.0 starting...
2026-09-24T22:47:27 | INFO    | goodware.engine |   node_id: None
2026-09-24T22:47:27 | INFO    | goodware.engine |   organization: None
2026-09-24T22:47:27 | INFO    | goodware.engine | ============================================================
2026-09-24T22:47:27 | INFO    | goodware.engine | Goodware stopped.
2026-09-24T22:47:27 | INFO    | goodware.engine | ============================================================
2026-09-24T22:47:27 | INFO    | goodware.engine | Goodware v3.0 starting...
2026-09-24T22:47:27 | INFO    | goodware.engine |   node_id: None
2026-09-24T22:47:27 | INFO    | goodware.engine |   organization: None
2026-09-24T22:47:27 | INFO    | goodware.engine | ============================================================
2026-09-24T22:47:27 | INFO    | goodware.engine | Goodware stopped.
2026-09-24T22:47:27 | INFO    | goodware.engine | ============================================================
2026-09-24T22:47:27 | INFO    | goodware.engine | Goodware v3.0 starting...
2026-09-24T22:47:27 | INFO    | goodware.engine |   node_id: None
2026-09-24T22:47:27 | INFO    | goodware.engine |   organization: None
2026-09-24T22:47:27 | INFO    | goodware.engine | ============================================================
2026-09-24T22:47:27 | INFO    | goodware.engine | Goodware stopped.
2026-09-24T22:47:27 | INFO    | goodware.engine | ============================================================
2026-09-24T22:47:27 | INFO    | goodware.engine | Goodware v3.0 starting...
2026-09-24T22:47:27 | INFO    | goodware.engine |   node_id: None
2026-09-24T22:47:27 | INFO    | goodware.engine |   organization: None
2026-09-24T22:47:27 | INFO    | goodware.engine | ============================================================
2026-09-24T22:47:28 | INFO    | goodware.engine | Goodware stopped.
2026-09-24T22:47:28 | INFO    | goodware.engine | ============================================================
2026-09-24T22:47:28 | INFO    | goodware.engine | Goodware v3.0 starting...
2026-09-24T22:47:28 | INFO    | goodware.engine |   node_id: None
2026-09-24T22:47:28 | INFO    | goodware.engine |   organization: None
2026-09-24T22:47:28 | INFO    | goodware.engine | ============================================================
2026-09-24T22:47:28 | INFO    | goodware.engine | Goodware stopped.
2026-09-24T22:47:28 | INFO    | goodware.engine | ============================================================
2026-09-24T22:47:28 | INFO    | goodware.engine | Goodware v3.0 starting...
2026-09-24T22:47:28 | INFO    | goodware.engine |   node_id: None
2026-09-24T22:47:28 | INFO    | goodware.engine |   organization: None
2026-09-24T22:47:28 | INFO    | goodware.engine | ============================================================
2026-09-24T22:47:28 | INFO    | goodware.engine | Goodware stopped.
2026-09-24T22:47:28 | INFO    | goodware.engine | ============================================================
2026-09-24T22:47:28 | INFO    | goodware.engine | Goodware v3.0 starting...
2026-09-24T22:47:28 | INFO    | goodware.engine |   node_id: None
2026-09-24T22:47:28 | INFO    | goodware.engine |   organization: None
2026-09-24T22:47:28 | INFO    | goodware.engine | ============================================================
2026-09-24T22:47:28 | INFO    | goodware.engine | Goodware stopped.
2026-09-24T22:47:28 | INFO    | goodware.engine | ============================================================
2026-09-24T22:47:28 | INFO    | goodware.engine | Goodware v3.0 starting...
2026-09-24T22:47:28 | INFO    | goodware.engine |   node_id: None
2026-09-24T22:47:28 | INFO    | goodware.engine |   organization: None
2026-09-24T22:47:28 | INFO    | goodware.engine | ============================================================
2026-09-24T22:47:28 | INFO    | goodware.engine | Goodware stopped.
2026-09-24T22:47:28 | INFO    | goodware.engine | ============================================================
2026-09-24T22:47:28 | INFO    | goodware.engine | Goodware v3.0 starting...
2026-09-24T22:47:28 | INFO    | goodware.engine |   node_id: None
2026-09-24T22:47:28 | INFO    | goodware.engine |   organization: None
2026-09-24T22:47:28 | INFO    | goodware.engine | ============================================================
2026-09-24T22:47:28 | INFO    | goodware.engine | Goodware stopped.
2026-09-24T22:47:28 | INFO    | goodware.engine | ============================================================
2026-09-24T22:47:28 | INFO    | goodware.engine | Goodware v3.0 starting...
2026-09-24T22:47:28 | INFO    | goodware.engine |   node_id: None
2026-09-24T22:47:28 | INFO    | goodware.engine |   organization: None
2026-09-24T22:47:28 | INFO    | goodware.engine | ============================================================
2026-09-24T22:47:28 | INFO    | goodware.engine | Goodware stopped.
2026-09-24T22:47:29 | INFO    | goodware.engine | ============================================================
2026-09-24T22:47:29 | INFO    | goodware.engine | Goodware v3.0 starting...
2026-09-24T22:47:29 | INFO    | goodware.engine |   node_id: None
2026-09-24T22:47:29 | INFO    | goodware.engine |   organization: None
2026-09-24T22:47:29 | INFO    | goodware.engine | ============================================================
2026-09-24T22:47:29 | INFO    | goodware.engine | Goodware stopped.
2026-09-24T22:47:29 | INFO    | goodware.engine | ============================================================
2026-09-24T22:47:29 | INFO    | goodware.engine | Goodware v3.0 starting...
2026-09-24T22:47:29 | INFO    | goodware.engine |   node_id: None
2026-09-24T22:47:29 | INFO    | goodware.engine |   organization: None
2026-09-24T22:47:29 | INFO    | goodware.engine | ============================================================
2026-09-24T22:47:29 | INFO    | goodware.engine | Goodware stopped.
2026-09-24T22:48:30 | INFO    | goodware.engine | component registered: decision-engine
2026-09-24T22:48:30 | INFO    | goodware.engine | component registered: adaptive
2026-09-24T22:48:30 | INFO    | goodware.engine | component registered: mutation
2026-09-24T22:48:30 | INFO    | goodware.engine | component registered: zero_day
2026-09-24T22:48:30 | INFO    | goodware.engine | component registered: crypto
2026-09-24T22:48:30 | INFO    | goodware.engine | component registered: human-factor
2026-09-24T22:48:30 | INFO    | goodware.engine | component registered: decision
2026-09-24T22:48:30 | INFO    | goodware.engine | component registered: effector
2026-09-24T22:48:30 | INFO    | goodware.engine | component registered: chainsaw
2026-09-24T22:48:33 | INFO    | goodware.engine | component registered: immune
2026-09-24T22:48:33 | INFO    | goodware.engine | component registered: physical
2026-09-24T22:48:33 | INFO    | goodware.engine | component registered: supply-chain
2026-09-24T22:48:36 | INFO    | goodware.engine | ============================================================
2026-09-24T22:48:36 | INFO    | goodware.engine | Goodware v3.0 starting...
2026-09-24T22:48:36 | INFO    | goodware.engine |   node_id: None
2026-09-24T22:48:36 | INFO    | goodware.engine |   organization: None
2026-09-24T22:48:36 | INFO    | goodware.engine | ============================================================
2026-09-24T22:48:37 | INFO    | goodware.engine | Goodware stopped.
2026-09-24T22:48:37 | INFO    | goodware.engine | ============================================================
2026-09-24T22:48:37 | INFO    | goodware.engine | Goodware v3.0 starting...
2026-09-24T22:48:37 | INFO    | goodware.engine |   node_id: None
2026-09-24T22:48:37 | INFO    | goodware.engine |   organization: None
2026-09-24T22:48:37 | INFO    | goodware.engine | ============================================================
2026-09-24T22:48:37 | INFO    | goodware.engine | Goodware stopped.
2026-09-24T22:48:37 | INFO    | goodware.engine | hunter2
2026-09-24T22:48:38 | INFO    | goodware.engine | component registered: dummy
2026-09-24T22:48:38 | INFO    | goodware.engine | test
2026-09-24T22:48:38 | WARNING | goodware.engine | warn
2026-09-24T22:48:38 | ERROR   | goodware.engine | err
2026-09-24T22:48:38 | INFO    | goodware.engine | component registered: with_attach
2026-09-24T22:48:39 | INFO    | goodware.engine | component registered: dummy
2026-09-24T22:48:39 | INFO    | goodware.engine | ============================================================
2026-09-24T22:48:39 | INFO    | goodware.engine | Goodware v3.0 starting...
2026-09-24T22:48:39 | INFO    | goodware.engine |   node_id: None
2026-09-24T22:48:39 | INFO    | goodware.engine |   organization: None
2026-09-24T22:48:39 | INFO    | goodware.engine | ============================================================
2026-09-24T22:48:39 | INFO    | goodware.engine |   ✓ dummy running
2026-09-24T22:48:39 | INFO    | goodware.engine | Goodware stopped.
2026-09-24T22:48:41 | INFO    | goodware.engine | component registered: threat
2026-09-24T22:48:41 | INFO    | goodware.engine | component registered: anomaly
2026-09-24T22:48:41 | INFO    | goodware.engine | component registered: simulator
2026-09-24T22:48:41 | INFO    | goodware.engine | component registered: filesystem
2026-09-24T22:48:41 | INFO    | goodware.engine | component registered: process
2026-09-24T22:48:41 | INFO    | goodware.engine | component registered: network
2026-09-24T22:48:41 | INFO    | goodware.engine | component registered: memory
2026-09-24T22:48:41 | INFO    | goodware.engine | component registered: config
2026-09-24T22:48:41 | INFO    | goodware.engine | component registered: behavior
2026-09-24T22:48:41 | INFO    | goodware.engine | component registered: quantum
2026-09-24T22:48:41 | INFO    | goodware.engine | component registered: filesystem
2026-09-24T22:48:41 | INFO    | goodware.engine | component registered: process
2026-09-24T22:48:41 | INFO    | goodware.engine | component registered: network
2026-09-24T22:48:41 | INFO    | goodware.engine | component registered: memory
2026-09-24T22:48:41 | INFO    | goodware.engine | component registered: config
2026-09-24T22:48:41 | INFO    | goodware.engine | component registered: behavior
2026-09-24T22:48:41 | INFO    | goodware.engine | component registered: quantum
2026-09-24T22:48:41 | INFO    | goodware.engine | component registered: filesystem
2026-09-24T22:48:41 | INFO    | goodware.engine | component registered: process
2026-09-24T22:48:41 | INFO    | goodware.engine | component registered: network
2026-09-24T22:48:41 | INFO    | goodware.engine | component registered: memory
2026-09-24T22:48:41 | INFO    | goodware.engine | component registered: config
2026-09-24T22:48:41 | INFO    | goodware.engine | component registered: behavior
2026-09-24T22:48:41 | INFO    | goodware.engine | component registered: quantum
2026-09-24T22:48:41 | INFO    | goodware.engine | component registered: filesystem
2026-09-24T22:48:41 | INFO    | goodware.engine | component registered: process
2026-09-24T22:48:41 | INFO    | goodware.engine | component registered: network
2026-09-24T22:48:41 | INFO    | goodware.engine | component registered: memory
2026-09-24T22:48:41 | INFO    | goodware.engine | component registered: config
2026-09-24T22:48:41 | INFO    | goodware.engine | component registered: behavior
2026-09-24T22:48:41 | INFO    | goodware.engine | component registered: quantum
2026-09-24T22:48:41 | INFO    | goodware.engine | component registered: filesystem
2026-09-24T22:48:41 | INFO    | goodware.engine | component registered: process
2026-09-24T22:48:41 | INFO    | goodware.engine | component registered: network
2026-09-24T22:48:41 | INFO    | goodware.engine | component registered: memory
2026-09-24T22:48:41 | INFO    | goodware.engine | component registered: config
2026-09-24T22:48:41 | INFO    | goodware.engine | component registered: behavior
2026-09-24T22:48:41 | INFO    | goodware.engine | component registered: quantum
2026-09-24T22:48:42 | INFO    | goodware.engine | component registered: filesystem
2026-09-24T22:48:42 | INFO    | goodware.engine | component registered: process
2026-09-24T22:48:42 | INFO    | goodware.engine | component registered: network
2026-09-24T22:48:42 | INFO    | goodware.engine | component registered: memory
2026-09-24T22:48:42 | INFO    | goodware.engine | component registered: config
2026-09-24T22:48:42 | INFO    | goodware.engine | component registered: behavior
2026-09-24T22:48:42 | INFO    | goodware.engine | component registered: quantum
2026-09-24T22:48:42 | INFO    | goodware.engine | component registered: filesystem
2026-09-24T22:48:42 | INFO    | goodware.engine | component registered: process
2026-09-24T22:48:42 | INFO    | goodware.engine | component registered: network
2026-09-24T22:48:42 | INFO    | goodware.engine | component registered: memory
2026-09-24T22:48:42 | INFO    | goodware.engine | component registered: config
2026-09-24T22:48:42 | INFO    | goodware.engine | component registered: behavior
2026-09-24T22:48:42 | INFO    | goodware.engine | component registered: quantum
2026-09-24T22:48:42 | INFO    | goodware.engine | component registered: filesystem
2026-09-24T22:48:42 | INFO    | goodware.engine | component registered: process
2026-09-24T22:48:42 | INFO    | goodware.engine | component registered: network
2026-09-24T22:48:42 | INFO    | goodware.engine | component registered: memory
2026-09-24T22:48:42 | INFO    | goodware.engine | component registered: config
2026-09-24T22:48:42 | INFO    | goodware.engine | component registered: behavior
2026-09-24T22:48:42 | INFO    | goodware.engine | component registered: quantum
2026-09-24T22:48:42 | INFO    | goodware.engine | component registered: filesystem
2026-09-24T22:48:42 | INFO    | goodware.engine | component registered: process
2026-09-24T22:48:42 | INFO    | goodware.engine | component registered: network
2026-09-24T22:48:42 | INFO    | goodware.engine | component registered: memory
2026-09-24T22:48:42 | INFO    | goodware.engine | component registered: config
2026-09-24T22:48:42 | INFO    | goodware.engine | component registered: behavior
2026-09-24T22:48:42 | INFO    | goodware.engine | component registered: quantum
2026-09-24T22:48:42 | INFO    | goodware.engine | component registered: filesystem
2026-09-24T22:48:42 | INFO    | goodware.engine | component registered: process
2026-09-24T22:48:42 | INFO    | goodware.engine | component registered: network
2026-09-24T22:48:42 | INFO    | goodware.engine | component registered: memory
2026-09-24T22:48:42 | INFO    | goodware.engine | component registered: config
2026-09-24T22:48:42 | INFO    | goodware.engine | component registered: behavior
2026-09-24T22:48:42 | INFO    | goodware.engine | component registered: quantum
2026-09-24T22:48:42 | INFO    | goodware.engine | component registered: filesystem
2026-09-24T22:48:42 | INFO    | goodware.engine | component registered: process
2026-09-24T22:48:42 | INFO    | goodware.engine | component registered: network
2026-09-24T22:48:42 | INFO    | goodware.engine | component registered: memory
2026-09-24T22:48:42 | INFO    | goodware.engine | component registered: config
2026-09-24T22:48:42 | INFO    | goodware.engine | component registered: behavior
2026-09-24T22:48:42 | INFO    | goodware.engine | component registered: quantum
2026-09-24T22:48:42 | INFO    | goodware.engine | component registered: filesystem
2026-09-24T22:48:42 | INFO    | goodware.engine | component registered: process
2026-09-24T22:48:42 | INFO    | goodware.engine | component registered: network
2026-09-24T22:48:42 | INFO    | goodware.engine | component registered: memory
2026-09-24T22:48:42 | INFO    | goodware.engine | component registered: config
2026-09-24T22:48:42 | INFO    | goodware.engine | component registered: behavior
2026-09-24T22:48:42 | INFO    | goodware.engine | component registered: quantum
2026-09-24T22:48:42 | INFO    | goodware.engine | component registered: filesystem
2026-09-24T22:48:42 | INFO    | goodware.engine | component registered: process
2026-09-24T22:48:42 | INFO    | goodware.engine | component registered: network
2026-09-24T22:48:42 | INFO    | goodware.engine | component registered: memory
2026-09-24T22:48:42 | INFO    | goodware.engine | component registered: config
2026-09-24T22:48:42 | INFO    | goodware.engine | component registered: behavior
2026-09-24T22:48:42 | INFO    | goodware.engine | component registered: quantum
2026-09-24T22:48:42 | INFO    | goodware.engine | component registered: filesystem
2026-09-24T22:48:42 | INFO    | goodware.engine | component registered: process
2026-09-24T22:48:42 | INFO    | goodware.engine | component registered: network
2026-09-24T22:48:42 | INFO    | goodware.engine | component registered: memory
2026-09-24T22:48:42 | INFO    | goodware.engine | component registered: config
2026-09-24T22:48:42 | INFO    | goodware.engine | component registered: behavior
2026-09-24T22:48:42 | INFO    | goodware.engine | component registered: quantum
2026-09-24T22:48:42 | INFO    | goodware.engine | component registered: filesystem
2026-09-24T22:48:42 | INFO    | goodware.engine | component registered: process
2026-09-24T22:48:42 | INFO    | goodware.engine | component registered: network
2026-09-24T22:48:42 | INFO    | goodware.engine | component registered: memory
2026-09-24T22:48:42 | INFO    | goodware.engine | component registered: config
2026-09-24T22:48:42 | INFO    | goodware.engine | component registered: behavior
2026-09-24T22:48:42 | INFO    | goodware.engine | component registered: quantum
2026-09-24T22:48:42 | INFO    | goodware.engine | component registered: filesystem
2026-09-24T22:48:42 | INFO    | goodware.engine | component registered: process
2026-09-24T22:48:42 | INFO    | goodware.engine | component registered: network
2026-09-24T22:48:42 | INFO    | goodware.engine | component registered: memory
2026-09-24T22:48:42 | INFO    | goodware.engine | component registered: config
2026-09-24T22:48:42 | INFO    | goodware.engine | component registered: behavior
2026-09-24T22:48:42 | INFO    | goodware.engine | component registered: quantum
2026-09-24T22:48:42 | INFO    | goodware.engine |   watching 2 paths: ['/etc', '/tmp']
2026-09-24T22:48:42 | INFO    | goodware.engine | component registered: filesystem
2026-09-24T22:48:42 | INFO    | goodware.engine | component registered: process
2026-09-24T22:48:42 | INFO    | goodware.engine | component registered: network
2026-09-24T22:48:42 | INFO    | goodware.engine | component registered: memory
2026-09-24T22:48:42 | INFO    | goodware.engine | component registered: config
2026-09-24T22:48:42 | INFO    | goodware.engine | component registered: behavior
2026-09-24T22:48:42 | INFO    | goodware.engine | component registered: quantum
2026-09-24T22:48:42 | INFO    | goodware.engine | component registered: filesystem
2026-09-24T22:48:42 | INFO    | goodware.engine | component registered: process
2026-09-24T22:48:42 | INFO    | goodware.engine | component registered: network
2026-09-24T22:48:42 | INFO    | goodware.engine | component registered: memory
2026-09-24T22:48:42 | INFO    | goodware.engine | component registered: config
2026-09-24T22:48:42 | INFO    | goodware.engine | component registered: behavior
2026-09-24T22:48:42 | INFO    | goodware.engine | component registered: quantum
2026-09-24T22:48:42 | INFO    | goodware.engine | component registered: filesystem
2026-09-24T22:48:42 | INFO    | goodware.engine | component registered: process
2026-09-24T22:48:42 | INFO    | goodware.engine | component registered: network
2026-09-24T22:48:42 | INFO    | goodware.engine | component registered: memory
2026-09-24T22:48:42 | INFO    | goodware.engine | component registered: config
2026-09-24T22:48:42 | INFO    | goodware.engine | component registered: behavior
2026-09-24T22:48:42 | INFO    | goodware.engine | component registered: quantum
2026-09-24T22:48:42 | INFO    | goodware.engine | component registered: filesystem
2026-09-24T22:48:42 | INFO    | goodware.engine | component registered: process
2026-09-24T22:48:42 | INFO    | goodware.engine | component registered: network
2026-09-24T22:48:42 | INFO    | goodware.engine | component registered: memory
2026-09-24T22:48:42 | INFO    | goodware.engine | component registered: config
2026-09-24T22:48:42 | INFO    | goodware.engine | component registered: behavior
2026-09-24T22:48:42 | INFO    | goodware.engine | component registered: quantum
2026-09-24T22:48:42 | INFO    | goodware.engine | component registered: filesystem
2026-09-24T22:48:42 | INFO    | goodware.engine | component registered: process
2026-09-24T22:48:42 | INFO    | goodware.engine | component registered: network
2026-09-24T22:48:42 | INFO    | goodware.engine | component registered: memory
2026-09-24T22:48:42 | INFO    | goodware.engine | component registered: config
2026-09-24T22:48:42 | INFO    | goodware.engine | component registered: behavior
2026-09-24T22:48:42 | INFO    | goodware.engine | component registered: quantum
2026-09-24T22:48:42 | INFO    | goodware.engine | component registered: filesystem
2026-09-24T22:48:42 | INFO    | goodware.engine | component registered: process
2026-09-24T22:48:42 | INFO    | goodware.engine | component registered: network
2026-09-24T22:48:42 | INFO    | goodware.engine | component registered: memory
2026-09-24T22:48:42 | INFO    | goodware.engine | component registered: config
2026-09-24T22:48:42 | INFO    | goodware.engine | component registered: behavior
2026-09-24T22:48:42 | INFO    | goodware.engine | component registered: quantum
2026-09-24T22:48:43 | INFO    | goodware.engine | component registered: filesystem
2026-09-24T22:48:43 | INFO    | goodware.engine | component registered: process
2026-09-24T22:48:43 | INFO    | goodware.engine | component registered: network
2026-09-24T22:48:43 | INFO    | goodware.engine | component registered: memory
2026-09-24T22:48:43 | INFO    | goodware.engine | component registered: config
2026-09-24T22:48:43 | INFO    | goodware.engine | component registered: behavior
2026-09-24T22:48:43 | INFO    | goodware.engine | component registered: quantum
2026-09-24T22:48:43 | INFO    | goodware.engine | component registered: filesystem
2026-09-24T22:48:43 | INFO    | goodware.engine | component registered: process
2026-09-24T22:48:43 | INFO    | goodware.engine | component registered: network
2026-09-24T22:48:43 | INFO    | goodware.engine | component registered: memory
2026-09-24T22:48:43 | INFO    | goodware.engine | component registered: config
2026-09-24T22:48:43 | INFO    | goodware.engine | component registered: behavior
2026-09-24T22:48:43 | INFO    | goodware.engine | component registered: quantum
2026-09-24T22:48:43 | INFO    | goodware.engine | component registered: filesystem
2026-09-24T22:48:43 | INFO    | goodware.engine | component registered: process
2026-09-24T22:48:43 | INFO    | goodware.engine | component registered: network
2026-09-24T22:48:43 | INFO    | goodware.engine | component registered: memory
2026-09-24T22:48:43 | INFO    | goodware.engine | component registered: config
2026-09-24T22:48:43 | INFO    | goodware.engine | component registered: behavior
2026-09-24T22:48:43 | INFO    | goodware.engine | component registered: quantum
2026-09-24T22:48:43 | INFO    | goodware.engine | component registered: filesystem
2026-09-24T22:48:43 | INFO    | goodware.engine | component registered: process
2026-09-24T22:48:43 | INFO    | goodware.engine | component registered: network
2026-09-24T22:48:43 | INFO    | goodware.engine | component registered: memory
2026-09-24T22:48:43 | INFO    | goodware.engine | component registered: config
2026-09-24T22:48:43 | INFO    | goodware.engine | component registered: behavior
2026-09-24T22:48:43 | INFO    | goodware.engine | component registered: quantum
2026-09-24T22:48:43 | INFO    | goodware.engine | component registered: filesystem
2026-09-24T22:48:43 | INFO    | goodware.engine | component registered: process
2026-09-24T22:48:43 | INFO    | goodware.engine | component registered: network
2026-09-24T22:48:43 | INFO    | goodware.engine | component registered: memory
2026-09-24T22:48:43 | INFO    | goodware.engine | component registered: config
2026-09-24T22:48:43 | INFO    | goodware.engine | component registered: behavior
2026-09-24T22:48:43 | INFO    | goodware.engine | component registered: quantum
2026-09-24T22:48:43 | INFO    | goodware.engine | component registered: filesystem
2026-09-24T22:48:43 | INFO    | goodware.engine | component registered: process
2026-09-24T22:48:43 | INFO    | goodware.engine | component registered: network
2026-09-24T22:48:43 | INFO    | goodware.engine | component registered: memory
2026-09-24T22:48:43 | INFO    | goodware.engine | component registered: config
2026-09-24T22:48:43 | INFO    | goodware.engine | component registered: behavior
2026-09-24T22:48:43 | INFO    | goodware.engine | component registered: quantum
2026-09-24T22:48:43 | INFO    | goodware.engine | component registered: filesystem
2026-09-24T22:48:43 | INFO    | goodware.engine | component registered: process
2026-09-24T22:48:43 | INFO    | goodware.engine | component registered: network
2026-09-24T22:48:43 | INFO    | goodware.engine | component registered: memory
2026-09-24T22:48:43 | INFO    | goodware.engine | component registered: config
2026-09-24T22:48:43 | INFO    | goodware.engine | component registered: behavior
2026-09-24T22:48:43 | INFO    | goodware.engine | component registered: quantum
2026-09-24T22:48:43 | INFO    | goodware.engine | component registered: filesystem
2026-09-24T22:48:43 | INFO    | goodware.engine | component registered: process
2026-09-24T22:48:43 | INFO    | goodware.engine | component registered: network
2026-09-24T22:48:43 | INFO    | goodware.engine | component registered: memory
2026-09-24T22:48:43 | INFO    | goodware.engine | component registered: config
2026-09-24T22:48:43 | INFO    | goodware.engine | component registered: behavior
2026-09-24T22:48:43 | INFO    | goodware.engine | component registered: quantum
2026-09-24T22:48:43 | INFO    | goodware.engine | component registered: filesystem
2026-09-24T22:48:43 | INFO    | goodware.engine | component registered: process
2026-09-24T22:48:43 | INFO    | goodware.engine | component registered: network
2026-09-24T22:48:43 | INFO    | goodware.engine | component registered: memory
2026-09-24T22:48:43 | INFO    | goodware.engine | component registered: config
2026-09-24T22:48:43 | INFO    | goodware.engine | component registered: behavior
2026-09-24T22:48:43 | INFO    | goodware.engine | component registered: quantum
2026-09-24T22:48:43 | INFO    | goodware.engine | component registered: filesystem
2026-09-24T22:48:43 | INFO    | goodware.engine | component registered: process
2026-09-24T22:48:43 | INFO    | goodware.engine | component registered: network
2026-09-24T22:48:43 | INFO    | goodware.engine | component registered: memory
2026-09-24T22:48:43 | INFO    | goodware.engine | component registered: config
2026-09-24T22:48:43 | INFO    | goodware.engine | component registered: behavior
2026-09-24T22:48:43 | INFO    | goodware.engine | component registered: quantum
2026-09-24T22:48:43 | INFO    | goodware.engine |   watching 2 paths: ['/etc', '/tmp']
2026-09-24T22:48:44 | INFO    | goodware.engine | component registered: filesystem
2026-09-24T22:48:44 | INFO    | goodware.engine | component registered: process
2026-09-24T22:48:44 | INFO    | goodware.engine | component registered: network
2026-09-24T22:48:44 | INFO    | goodware.engine | component registered: memory
2026-09-24T22:48:44 | INFO    | goodware.engine | component registered: config
2026-09-24T22:48:44 | INFO    | goodware.engine | component registered: behavior
2026-09-24T22:48:44 | INFO    | goodware.engine | component registered: quantum
2026-09-24T22:48:44 | INFO    | goodware.engine |   watching 2 paths: ['/etc', '/tmp']
2026-09-24T22:48:44 | INFO    | goodware.engine | ============================================================
2026-09-24T22:48:44 | INFO    | goodware.engine | Goodware v3.0 starting...
2026-09-24T22:48:44 | INFO    | goodware.engine |   node_id: None
2026-09-24T22:48:44 | INFO    | goodware.engine |   organization: None
2026-09-24T22:48:44 | INFO    | goodware.engine | ============================================================
2026-09-24T22:48:45 | INFO    | goodware.engine | Goodware stopped.
2026-09-24T22:48:45 | INFO    | goodware.engine | ============================================================
2026-09-24T22:48:45 | INFO    | goodware.engine | Goodware v3.0 starting...
2026-09-24T22:48:45 | INFO    | goodware.engine |   node_id: None
2026-09-24T22:48:45 | INFO    | goodware.engine |   organization: None
2026-09-24T22:48:45 | INFO    | goodware.engine | ============================================================
2026-09-24T22:48:46 | INFO    | goodware.engine | Goodware stopped.
2026-09-24T22:48:46 | INFO    | goodware.engine | ============================================================
2026-09-24T22:48:46 | INFO    | goodware.engine | Goodware v3.0 starting...
2026-09-24T22:48:46 | INFO    | goodware.engine |   node_id: None
2026-09-24T22:48:46 | INFO    | goodware.engine |   organization: None
2026-09-24T22:48:46 | INFO    | goodware.engine | ============================================================
2026-09-24T22:48:46 | INFO    | goodware.engine | Goodware stopped.
2026-09-24T22:48:46 | INFO    | goodware.engine | ============================================================
2026-09-24T22:48:46 | INFO    | goodware.engine | Goodware v3.0 starting...
2026-09-24T22:48:46 | INFO    | goodware.engine |   node_id: None
2026-09-24T22:48:46 | INFO    | goodware.engine |   organization: None
2026-09-24T22:48:46 | INFO    | goodware.engine | ============================================================
2026-09-24T22:48:46 | INFO    | goodware.engine | Goodware stopped.
2026-09-24T22:48:46 | INFO    | goodware.engine | ============================================================
2026-09-24T22:48:46 | INFO    | goodware.engine | Goodware v3.0 starting...
2026-09-24T22:48:46 | INFO    | goodware.engine |   node_id: None
2026-09-24T22:48:46 | INFO    | goodware.engine |   organization: None
2026-09-24T22:48:46 | INFO    | goodware.engine | ============================================================
2026-09-24T22:48:46 | INFO    | goodware.engine | Goodware stopped.
2026-09-24T22:48:46 | INFO    | goodware.engine | ============================================================
2026-09-24T22:48:46 | INFO    | goodware.engine | Goodware v3.0 starting...
2026-09-24T22:48:46 | INFO    | goodware.engine |   node_id: None
2026-09-24T22:48:46 | INFO    | goodware.engine |   organization: None
2026-09-24T22:48:46 | INFO    | goodware.engine | ============================================================
2026-09-24T22:48:47 | INFO    | goodware.engine | Goodware stopped.
2026-09-24T22:48:47 | INFO    | goodware.engine | ============================================================
2026-09-24T22:48:47 | INFO    | goodware.engine | Goodware v3.0 starting...
2026-09-24T22:48:47 | INFO    | goodware.engine |   node_id: None
2026-09-24T22:48:47 | INFO    | goodware.engine |   organization: None
2026-09-24T22:48:47 | INFO    | goodware.engine | ============================================================
2026-09-24T22:48:47 | INFO    | goodware.engine | Goodware stopped.
2026-09-24T22:48:47 | INFO    | goodware.engine | ============================================================
2026-09-24T22:48:47 | INFO    | goodware.engine | Goodware v3.0 starting...
2026-09-24T22:48:47 | INFO    | goodware.engine |   node_id: None
2026-09-24T22:48:47 | INFO    | goodware.engine |   organization: None
2026-09-24T22:48:47 | INFO    | goodware.engine | ============================================================
2026-09-24T22:48:47 | INFO    | goodware.engine | Goodware stopped.
2026-09-24T22:48:47 | INFO    | goodware.engine | ============================================================
2026-09-24T22:48:47 | INFO    | goodware.engine | Goodware v3.0 starting...
2026-09-24T22:48:47 | INFO    | goodware.engine |   node_id: None
2026-09-24T22:48:47 | INFO    | goodware.engine |   organization: None
2026-09-24T22:48:47 | INFO    | goodware.engine | ============================================================
2026-09-24T22:48:47 | INFO    | goodware.engine | Goodware stopped.
2026-09-24T22:48:47 | INFO    | goodware.engine | ============================================================
2026-09-24T22:48:47 | INFO    | goodware.engine | Goodware v3.0 starting...
2026-09-24T22:48:47 | INFO    | goodware.engine |   node_id: None
2026-09-24T22:48:47 | INFO    | goodware.engine |   organization: None
2026-09-24T22:48:47 | INFO    | goodware.engine | ============================================================
2026-09-24T22:48:47 | INFO    | goodware.engine | Goodware stopped.
2026-09-24T22:48:47 | INFO    | goodware.engine | ============================================================
2026-09-24T22:48:47 | INFO    | goodware.engine | Goodware v3.0 starting...
2026-09-24T22:48:47 | INFO    | goodware.engine |   node_id: None
2026-09-24T22:48:47 | INFO    | goodware.engine |   organization: None
2026-09-24T22:48:47 | INFO    | goodware.engine | ============================================================
2026-09-24T22:48:47 | INFO    | goodware.engine | Goodware stopped.
2026-09-24T22:48:47 | INFO    | goodware.engine | ============================================================
2026-09-24T22:48:47 | INFO    | goodware.engine | Goodware v3.0 starting...
2026-09-24T22:48:47 | INFO    | goodware.engine |   node_id: None
2026-09-24T22:48:47 | INFO    | goodware.engine |   organization: None
2026-09-24T22:48:47 | INFO    | goodware.engine | ============================================================
2026-09-24T22:48:47 | INFO    | goodware.engine | Goodware stopped.
2026-09-24T22:48:47 | INFO    | goodware.engine | ============================================================
2026-09-24T22:48:47 | INFO    | goodware.engine | Goodware v3.0 starting...
2026-09-24T22:48:47 | INFO    | goodware.engine |   node_id: None
2026-09-24T22:48:47 | INFO    | goodware.engine |   organization: None
2026-09-24T22:48:47 | INFO    | goodware.engine | ============================================================
2026-09-24T22:48:48 | INFO    | goodware.engine | Goodware stopped.
2026-09-24T22:48:48 | INFO    | goodware.engine | ============================================================
2026-09-24T22:48:48 | INFO    | goodware.engine | Goodware v3.0 starting...
2026-09-24T22:48:48 | INFO    | goodware.engine |   node_id: None
2026-09-24T22:48:48 | INFO    | goodware.engine |   organization: None
2026-09-24T22:48:48 | INFO    | goodware.engine | ============================================================
2026-09-24T22:48:48 | INFO    | goodware.engine | Goodware stopped.
2026-09-24T22:48:48 | INFO    | goodware.engine | ============================================================
2026-09-24T22:48:48 | INFO    | goodware.engine | Goodware v3.0 starting...
2026-09-24T22:48:48 | INFO    | goodware.engine |   node_id: None
2026-09-24T22:48:48 | INFO    | goodware.engine |   organization: None
2026-09-24T22:48:48 | INFO    | goodware.engine | ============================================================
2026-09-24T22:48:48 | INFO    | goodware.engine | Goodware stopped.
2026-09-24T22:48:48 | INFO    | goodware.engine | ============================================================
2026-09-24T22:48:48 | INFO    | goodware.engine | Goodware v3.0 starting...
2026-09-24T22:48:48 | INFO    | goodware.engine |   node_id: None
2026-09-24T22:48:48 | INFO    | goodware.engine |   organization: None
2026-09-24T22:48:48 | INFO    | goodware.engine | ============================================================
2026-09-24T22:48:48 | INFO    | goodware.engine | Goodware stopped.
2026-09-24T22:48:48 | INFO    | goodware.engine | ============================================================
2026-09-24T22:48:48 | INFO    | goodware.engine | Goodware v3.0 starting...
2026-09-24T22:48:48 | INFO    | goodware.engine |   node_id: None
2026-09-24T22:48:48 | INFO    | goodware.engine |   organization: None
2026-09-24T22:48:48 | INFO    | goodware.engine | ============================================================
2026-09-24T22:48:48 | INFO    | goodware.engine | Goodware stopped.
2026-09-24T22:48:48 | INFO    | goodware.engine | ============================================================
2026-09-24T22:48:48 | INFO    | goodware.engine | Goodware v3.0 starting...
2026-09-24T22:48:48 | INFO    | goodware.engine |   node_id: None
2026-09-24T22:48:48 | INFO    | goodware.engine |   organization: None
2026-09-24T22:48:48 | INFO    | goodware.engine | ============================================================
2026-09-24T22:48:48 | INFO    | goodware.engine | Goodware stopped.
2026-09-24T22:48:48 | INFO    | goodware.engine | ============================================================
2026-09-24T22:48:48 | INFO    | goodware.engine | Goodware v3.0 starting...
2026-09-24T22:48:48 | INFO    | goodware.engine |   node_id: None
2026-09-24T22:48:48 | INFO    | goodware.engine |   organization: None
2026-09-24T22:48:48 | INFO    | goodware.engine | ============================================================
2026-09-24T22:48:48 | INFO    | goodware.engine | Goodware stopped.
2026-09-24T22:48:48 | INFO    | goodware.engine | ============================================================
2026-09-24T22:48:48 | INFO    | goodware.engine | Goodware v3.0 starting...
2026-09-24T22:48:48 | INFO    | goodware.engine |   node_id: None
2026-09-24T22:48:48 | INFO    | goodware.engine |   organization: None
2026-09-24T22:48:48 | INFO    | goodware.engine | ============================================================
2026-09-24T22:48:48 | INFO    | goodware.engine | Goodware stopped.
2026-09-24T22:48:49 | INFO    | goodware.engine | ============================================================
2026-09-24T22:48:49 | INFO    | goodware.engine | Goodware v3.0 starting...
2026-09-24T22:48:49 | INFO    | goodware.engine |   node_id: None
2026-09-24T22:48:49 | INFO    | goodware.engine |   organization: None
2026-09-24T22:48:49 | INFO    | goodware.engine | ============================================================
2026-09-24T22:48:49 | INFO    | goodware.engine | Goodware stopped.
2026-09-24T22:48:49 | INFO    | goodware.engine | ============================================================
2026-09-24T22:48:49 | INFO    | goodware.engine | Goodware v3.0 starting...
2026-09-24T22:48:49 | INFO    | goodware.engine |   node_id: None
2026-09-24T22:48:49 | INFO    | goodware.engine |   organization: None
2026-09-24T22:48:49 | INFO    | goodware.engine | ============================================================
2026-09-24T22:48:49 | INFO    | goodware.engine | Goodware stopped.
2026-09-24T22:48:53 | INFO    | goodware.engine | component registered: decision-engine
2026-09-24T22:48:53 | INFO    | goodware.engine | component registered: adaptive
2026-09-24T22:48:53 | INFO    | goodware.engine | component registered: mutation
2026-09-24T22:48:53 | INFO    | goodware.engine | component registered: zero_day
2026-09-24T22:48:53 | INFO    | goodware.engine | component registered: crypto
2026-09-24T22:48:53 | INFO    | goodware.engine | component registered: human-factor
2026-09-24T22:48:53 | INFO    | goodware.engine | component registered: decision
2026-09-24T22:48:53 | INFO    | goodware.engine | component registered: effector
2026-09-24T22:48:53 | INFO    | goodware.engine | component registered: chainsaw
2026-09-24T22:48:56 | INFO    | goodware.engine | component registered: immune
2026-09-24T22:48:56 | INFO    | goodware.engine | component registered: physical
2026-09-24T22:48:56 | INFO    | goodware.engine | component registered: supply-chain
2026-09-24T22:48:59 | INFO    | goodware.engine | ============================================================
2026-09-24T22:48:59 | INFO    | goodware.engine | Goodware v3.0 starting...
2026-09-24T22:48:59 | INFO    | goodware.engine |   node_id: None
2026-09-24T22:48:59 | INFO    | goodware.engine |   organization: None
2026-09-24T22:48:59 | INFO    | goodware.engine | ============================================================
2026-09-24T22:48:59 | INFO    | goodware.engine | Goodware stopped.
2026-09-24T22:48:59 | INFO    | goodware.engine | ============================================================
2026-09-24T22:48:59 | INFO    | goodware.engine | Goodware v3.0 starting...
2026-09-24T22:48:59 | INFO    | goodware.engine |   node_id: None
2026-09-24T22:48:59 | INFO    | goodware.engine |   organization: None
2026-09-24T22:48:59 | INFO    | goodware.engine | ============================================================
2026-09-24T22:48:59 | INFO    | goodware.engine | Goodware stopped.
2026-09-24T22:49:00 | INFO    | goodware.engine | hunter2
2026-09-24T22:49:00 | INFO    | goodware.engine | component registered: dummy
2026-09-24T22:49:01 | INFO    | goodware.engine | test
2026-09-24T22:49:01 | WARNING | goodware.engine | warn
2026-09-24T22:49:01 | ERROR   | goodware.engine | err
2026-09-24T22:49:01 | INFO    | goodware.engine | component registered: with_attach
2026-09-24T22:49:02 | INFO    | goodware.engine | component registered: dummy
2026-09-24T22:49:02 | INFO    | goodware.engine | ============================================================
2026-09-24T22:49:02 | INFO    | goodware.engine | Goodware v3.0 starting...
2026-09-24T22:49:02 | INFO    | goodware.engine |   node_id: None
2026-09-24T22:49:02 | INFO    | goodware.engine |   organization: None
2026-09-24T22:49:02 | INFO    | goodware.engine | ============================================================
2026-09-24T22:49:02 | INFO    | goodware.engine |   ✓ dummy running
2026-09-24T22:49:02 | INFO    | goodware.engine | Goodware stopped.
2026-09-24T22:49:04 | INFO    | goodware.engine | component registered: threat
2026-09-24T22:49:04 | INFO    | goodware.engine | component registered: anomaly
2026-09-24T22:49:04 | INFO    | goodware.engine | component registered: simulator
2026-09-24T22:49:04 | INFO    | goodware.engine | component registered: filesystem
2026-09-24T22:49:04 | INFO    | goodware.engine | component registered: process
2026-09-24T22:49:04 | INFO    | goodware.engine | component registered: network
2026-09-24T22:49:04 | INFO    | goodware.engine | component registered: memory
2026-09-24T22:49:04 | INFO    | goodware.engine | component registered: config
2026-09-24T22:49:04 | INFO    | goodware.engine | component registered: behavior
2026-09-24T22:49:04 | INFO    | goodware.engine | component registered: quantum
2026-09-24T22:49:04 | INFO    | goodware.engine | component registered: filesystem
2026-09-24T22:49:04 | INFO    | goodware.engine | component registered: process
2026-09-24T22:49:04 | INFO    | goodware.engine | component registered: network
2026-09-24T22:49:04 | INFO    | goodware.engine | component registered: memory
2026-09-24T22:49:04 | INFO    | goodware.engine | component registered: config
2026-09-24T22:49:04 | INFO    | goodware.engine | component registered: behavior
2026-09-24T22:49:04 | INFO    | goodware.engine | component registered: quantum
2026-09-24T22:49:04 | INFO    | goodware.engine | component registered: filesystem
2026-09-24T22:49:04 | INFO    | goodware.engine | component registered: process
2026-09-24T22:49:04 | INFO    | goodware.engine | component registered: network
2026-09-24T22:49:04 | INFO    | goodware.engine | component registered: memory
2026-09-24T22:49:04 | INFO    | goodware.engine | component registered: config
2026-09-24T22:49:04 | INFO    | goodware.engine | component registered: behavior
2026-09-24T22:49:04 | INFO    | goodware.engine | component registered: quantum
2026-09-24T22:49:04 | INFO    | goodware.engine | component registered: filesystem
2026-09-24T22:49:04 | INFO    | goodware.engine | component registered: process
2026-09-24T22:49:04 | INFO    | goodware.engine | component registered: network
2026-09-24T22:49:04 | INFO    | goodware.engine | component registered: memory
2026-09-24T22:49:04 | INFO    | goodware.engine | component registered: config
2026-09-24T22:49:04 | INFO    | goodware.engine | component registered: behavior
2026-09-24T22:49:04 | INFO    | goodware.engine | component registered: quantum
2026-09-24T22:49:04 | INFO    | goodware.engine | component registered: filesystem
2026-09-24T22:49:04 | INFO    | goodware.engine | component registered: process
2026-09-24T22:49:04 | INFO    | goodware.engine | component registered: network
2026-09-24T22:49:04 | INFO    | goodware.engine | component registered: memory
2026-09-24T22:49:04 | INFO    | goodware.engine | component registered: config
2026-09-24T22:49:04 | INFO    | goodware.engine | component registered: behavior
2026-09-24T22:49:04 | INFO    | goodware.engine | component registered: quantum
2026-09-24T22:49:04 | INFO    | goodware.engine | component registered: filesystem
2026-09-24T22:49:04 | INFO    | goodware.engine | component registered: process
2026-09-24T22:49:04 | INFO    | goodware.engine | component registered: network
2026-09-24T22:49:04 | INFO    | goodware.engine | component registered: memory
2026-09-24T22:49:04 | INFO    | goodware.engine | component registered: config
2026-09-24T22:49:04 | INFO    | goodware.engine | component registered: behavior
2026-09-24T22:49:04 | INFO    | goodware.engine | component registered: quantum
2026-09-24T22:49:04 | INFO    | goodware.engine | component registered: filesystem
2026-09-24T22:49:04 | INFO    | goodware.engine | component registered: process
2026-09-24T22:49:04 | INFO    | goodware.engine | component registered: network
2026-09-24T22:49:04 | INFO    | goodware.engine | component registered: memory
2026-09-24T22:49:04 | INFO    | goodware.engine | component registered: config
2026-09-24T22:49:04 | INFO    | goodware.engine | component registered: behavior
2026-09-24T22:49:04 | INFO    | goodware.engine | component registered: quantum
2026-09-24T22:49:04 | INFO    | goodware.engine | component registered: filesystem
2026-09-24T22:49:04 | INFO    | goodware.engine | component registered: process
2026-09-24T22:49:04 | INFO    | goodware.engine | component registered: network
2026-09-24T22:49:04 | INFO    | goodware.engine | component registered: memory
2026-09-24T22:49:04 | INFO    | goodware.engine | component registered: config
2026-09-24T22:49:04 | INFO    | goodware.engine | component registered: behavior
2026-09-24T22:49:04 | INFO    | goodware.engine | component registered: quantum
2026-09-24T22:49:04 | INFO    | goodware.engine | component registered: filesystem
2026-09-24T22:49:04 | INFO    | goodware.engine | component registered: process
2026-09-24T22:49:04 | INFO    | goodware.engine | component registered: network
2026-09-24T22:49:04 | INFO    | goodware.engine | component registered: memory
2026-09-24T22:49:04 | INFO    | goodware.engine | component registered: config
2026-09-24T22:49:04 | INFO    | goodware.engine | component registered: behavior
2026-09-24T22:49:04 | INFO    | goodware.engine | component registered: quantum
2026-09-24T22:49:05 | INFO    | goodware.engine | component registered: filesystem
2026-09-24T22:49:05 | INFO    | goodware.engine | component registered: process
2026-09-24T22:49:05 | INFO    | goodware.engine | component registered: network
2026-09-24T22:49:05 | INFO    | goodware.engine | component registered: memory
2026-09-24T22:49:05 | INFO    | goodware.engine | component registered: config
2026-09-24T22:49:05 | INFO    | goodware.engine | component registered: behavior
2026-09-24T22:49:05 | INFO    | goodware.engine | component registered: quantum
2026-09-24T22:49:05 | INFO    | goodware.engine | component registered: filesystem
2026-09-24T22:49:05 | INFO    | goodware.engine | component registered: process
2026-09-24T22:49:05 | INFO    | goodware.engine | component registered: network
2026-09-24T22:49:05 | INFO    | goodware.engine | component registered: memory
2026-09-24T22:49:05 | INFO    | goodware.engine | component registered: config
2026-09-24T22:49:05 | INFO    | goodware.engine | component registered: behavior
2026-09-24T22:49:05 | INFO    | goodware.engine | component registered: quantum
2026-09-24T22:49:05 | INFO    | goodware.engine | component registered: filesystem
2026-09-24T22:49:05 | INFO    | goodware.engine | component registered: process
2026-09-24T22:49:05 | INFO    | goodware.engine | component registered: network
2026-09-24T22:49:05 | INFO    | goodware.engine | component registered: memory
2026-09-24T22:49:05 | INFO    | goodware.engine | component registered: config
2026-09-24T22:49:05 | INFO    | goodware.engine | component registered: behavior
2026-09-24T22:49:05 | INFO    | goodware.engine | component registered: quantum
2026-09-24T22:49:05 | INFO    | goodware.engine | component registered: filesystem
2026-09-24T22:49:05 | INFO    | goodware.engine | component registered: process
2026-09-24T22:49:05 | INFO    | goodware.engine | component registered: network
2026-09-24T22:49:05 | INFO    | goodware.engine | component registered: memory
2026-09-24T22:49:05 | INFO    | goodware.engine | component registered: config
2026-09-24T22:49:05 | INFO    | goodware.engine | component registered: behavior
2026-09-24T22:49:05 | INFO    | goodware.engine | component registered: quantum
2026-09-24T22:49:05 | INFO    | goodware.engine | component registered: filesystem
2026-09-24T22:49:05 | INFO    | goodware.engine | component registered: process
2026-09-24T22:49:05 | INFO    | goodware.engine | component registered: network
2026-09-24T22:49:05 | INFO    | goodware.engine | component registered: memory
2026-09-24T22:49:05 | INFO    | goodware.engine | component registered: config
2026-09-24T22:49:05 | INFO    | goodware.engine | component registered: behavior
2026-09-24T22:49:05 | INFO    | goodware.engine | component registered: quantum
2026-09-24T22:49:05 | INFO    | goodware.engine | component registered: filesystem
2026-09-24T22:49:05 | INFO    | goodware.engine | component registered: process
2026-09-24T22:49:05 | INFO    | goodware.engine | component registered: network
2026-09-24T22:49:05 | INFO    | goodware.engine | component registered: memory
2026-09-24T22:49:05 | INFO    | goodware.engine | component registered: config
2026-09-24T22:49:05 | INFO    | goodware.engine | component registered: behavior
2026-09-24T22:49:05 | INFO    | goodware.engine | component registered: quantum
2026-09-24T22:49:05 | INFO    | goodware.engine | component registered: filesystem
2026-09-24T22:49:05 | INFO    | goodware.engine | component registered: process
2026-09-24T22:49:05 | INFO    | goodware.engine | component registered: network
2026-09-24T22:49:05 | INFO    | goodware.engine | component registered: memory
2026-09-24T22:49:05 | INFO    | goodware.engine | component registered: config
2026-09-24T22:49:05 | INFO    | goodware.engine | component registered: behavior
2026-09-24T22:49:05 | INFO    | goodware.engine | component registered: quantum
2026-09-24T22:49:05 | INFO    | goodware.engine |   watching 2 paths: ['/etc', '/tmp']
2026-09-24T22:49:05 | INFO    | goodware.engine | component registered: filesystem
2026-09-24T22:49:05 | INFO    | goodware.engine | component registered: process
2026-09-24T22:49:05 | INFO    | goodware.engine | component registered: network
2026-09-24T22:49:05 | INFO    | goodware.engine | component registered: memory
2026-09-24T22:49:05 | INFO    | goodware.engine | component registered: config
2026-09-24T22:49:05 | INFO    | goodware.engine | component registered: behavior
2026-09-24T22:49:05 | INFO    | goodware.engine | component registered: quantum
2026-09-24T22:49:05 | INFO    | goodware.engine | component registered: filesystem
2026-09-24T22:49:05 | INFO    | goodware.engine | component registered: process
2026-09-24T22:49:05 | INFO    | goodware.engine | component registered: network
2026-09-24T22:49:05 | INFO    | goodware.engine | component registered: memory
2026-09-24T22:49:05 | INFO    | goodware.engine | component registered: config
2026-09-24T22:49:05 | INFO    | goodware.engine | component registered: behavior
2026-09-24T22:49:05 | INFO    | goodware.engine | component registered: quantum
2026-09-24T22:49:05 | INFO    | goodware.engine | component registered: filesystem
2026-09-24T22:49:05 | INFO    | goodware.engine | component registered: process
2026-09-24T22:49:05 | INFO    | goodware.engine | component registered: network
2026-09-24T22:49:05 | INFO    | goodware.engine | component registered: memory
2026-09-24T22:49:05 | INFO    | goodware.engine | component registered: config
2026-09-24T22:49:05 | INFO    | goodware.engine | component registered: behavior
2026-09-24T22:49:05 | INFO    | goodware.engine | component registered: quantum
2026-09-24T22:49:05 | INFO    | goodware.engine | component registered: filesystem
2026-09-24T22:49:05 | INFO    | goodware.engine | component registered: process
2026-09-24T22:49:05 | INFO    | goodware.engine | component registered: network
2026-09-24T22:49:05 | INFO    | goodware.engine | component registered: memory
2026-09-24T22:49:05 | INFO    | goodware.engine | component registered: config
2026-09-24T22:49:05 | INFO    | goodware.engine | component registered: behavior
2026-09-24T22:49:05 | INFO    | goodware.engine | component registered: quantum
2026-09-24T22:49:05 | INFO    | goodware.engine | component registered: filesystem
2026-09-24T22:49:05 | INFO    | goodware.engine | component registered: process
2026-09-24T22:49:05 | INFO    | goodware.engine | component registered: network
2026-09-24T22:49:05 | INFO    | goodware.engine | component registered: memory
2026-09-24T22:49:05 | INFO    | goodware.engine | component registered: config
2026-09-24T22:49:05 | INFO    | goodware.engine | component registered: behavior
2026-09-24T22:49:05 | INFO    | goodware.engine | component registered: quantum
2026-09-24T22:49:05 | INFO    | goodware.engine | component registered: filesystem
2026-09-24T22:49:05 | INFO    | goodware.engine | component registered: process
2026-09-24T22:49:05 | INFO    | goodware.engine | component registered: network
2026-09-24T22:49:05 | INFO    | goodware.engine | component registered: memory
2026-09-24T22:49:05 | INFO    | goodware.engine | component registered: config
2026-09-24T22:49:05 | INFO    | goodware.engine | component registered: behavior
2026-09-24T22:49:05 | INFO    | goodware.engine | component registered: quantum
2026-09-24T22:49:05 | INFO    | goodware.engine | component registered: filesystem
2026-09-24T22:49:05 | INFO    | goodware.engine | component registered: process
2026-09-24T22:49:05 | INFO    | goodware.engine | component registered: network
2026-09-24T22:49:05 | INFO    | goodware.engine | component registered: memory
2026-09-24T22:49:05 | INFO    | goodware.engine | component registered: config
2026-09-24T22:49:05 | INFO    | goodware.engine | component registered: behavior
2026-09-24T22:49:05 | INFO    | goodware.engine | component registered: quantum
2026-09-24T22:49:05 | INFO    | goodware.engine | component registered: filesystem
2026-09-24T22:49:05 | INFO    | goodware.engine | component registered: process
2026-09-24T22:49:05 | INFO    | goodware.engine | component registered: network
2026-09-24T22:49:05 | INFO    | goodware.engine | component registered: memory
2026-09-24T22:49:05 | INFO    | goodware.engine | component registered: config
2026-09-24T22:49:05 | INFO    | goodware.engine | component registered: behavior
2026-09-24T22:49:05 | INFO    | goodware.engine | component registered: quantum
2026-09-24T22:49:06 | INFO    | goodware.engine | component registered: filesystem
2026-09-24T22:49:06 | INFO    | goodware.engine | component registered: process
2026-09-24T22:49:06 | INFO    | goodware.engine | component registered: network
2026-09-24T22:49:06 | INFO    | goodware.engine | component registered: memory
2026-09-24T22:49:06 | INFO    | goodware.engine | component registered: config
2026-09-24T22:49:06 | INFO    | goodware.engine | component registered: behavior
2026-09-24T22:49:06 | INFO    | goodware.engine | component registered: quantum
2026-09-24T22:49:06 | INFO    | goodware.engine | component registered: filesystem
2026-09-24T22:49:06 | INFO    | goodware.engine | component registered: process
2026-09-24T22:49:06 | INFO    | goodware.engine | component registered: network
2026-09-24T22:49:06 | INFO    | goodware.engine | component registered: memory
2026-09-24T22:49:06 | INFO    | goodware.engine | component registered: config
2026-09-24T22:49:06 | INFO    | goodware.engine | component registered: behavior
2026-09-24T22:49:06 | INFO    | goodware.engine | component registered: quantum
2026-09-24T22:49:06 | INFO    | goodware.engine | component registered: filesystem
2026-09-24T22:49:06 | INFO    | goodware.engine | component registered: process
2026-09-24T22:49:06 | INFO    | goodware.engine | component registered: network
2026-09-24T22:49:06 | INFO    | goodware.engine | component registered: memory
2026-09-24T22:49:06 | INFO    | goodware.engine | component registered: config
2026-09-24T22:49:06 | INFO    | goodware.engine | component registered: behavior
2026-09-24T22:49:06 | INFO    | goodware.engine | component registered: quantum
2026-09-24T22:49:06 | INFO    | goodware.engine | component registered: filesystem
2026-09-24T22:49:06 | INFO    | goodware.engine | component registered: process
2026-09-24T22:49:06 | INFO    | goodware.engine | component registered: network
2026-09-24T22:49:06 | INFO    | goodware.engine | component registered: memory
2026-09-24T22:49:06 | INFO    | goodware.engine | component registered: config
2026-09-24T22:49:06 | INFO    | goodware.engine | component registered: behavior
2026-09-24T22:49:06 | INFO    | goodware.engine | component registered: quantum
2026-09-24T22:49:06 | INFO    | goodware.engine | component registered: filesystem
2026-09-24T22:49:06 | INFO    | goodware.engine | component registered: process
2026-09-24T22:49:06 | INFO    | goodware.engine | component registered: network
2026-09-24T22:49:06 | INFO    | goodware.engine | component registered: memory
2026-09-24T22:49:06 | INFO    | goodware.engine | component registered: config
2026-09-24T22:49:06 | INFO    | goodware.engine | component registered: behavior
2026-09-24T22:49:06 | INFO    | goodware.engine | component registered: quantum
2026-09-24T22:49:06 | INFO    | goodware.engine | component registered: filesystem
2026-09-24T22:49:06 | INFO    | goodware.engine | component registered: process
2026-09-24T22:49:06 | INFO    | goodware.engine | component registered: network
2026-09-24T22:49:06 | INFO    | goodware.engine | component registered: memory
2026-09-24T22:49:06 | INFO    | goodware.engine | component registered: config
2026-09-24T22:49:06 | INFO    | goodware.engine | component registered: behavior
2026-09-24T22:49:06 | INFO    | goodware.engine | component registered: quantum
2026-09-24T22:49:06 | INFO    | goodware.engine | component registered: filesystem
2026-09-24T22:49:06 | INFO    | goodware.engine | component registered: process
2026-09-24T22:49:06 | INFO    | goodware.engine | component registered: network
2026-09-24T22:49:06 | INFO    | goodware.engine | component registered: memory
2026-09-24T22:49:06 | INFO    | goodware.engine | component registered: config
2026-09-24T22:49:06 | INFO    | goodware.engine | component registered: behavior
2026-09-24T22:49:06 | INFO    | goodware.engine | component registered: quantum
2026-09-24T22:49:06 | INFO    | goodware.engine | component registered: filesystem
2026-09-24T22:49:06 | INFO    | goodware.engine | component registered: process
2026-09-24T22:49:06 | INFO    | goodware.engine | component registered: network
2026-09-24T22:49:06 | INFO    | goodware.engine | component registered: memory
2026-09-24T22:49:06 | INFO    | goodware.engine | component registered: config
2026-09-24T22:49:06 | INFO    | goodware.engine | component registered: behavior
2026-09-24T22:49:06 | INFO    | goodware.engine | component registered: quantum
2026-09-24T22:49:06 | INFO    | goodware.engine |   watching 2 paths: ['/etc', '/tmp']
2026-09-24T22:49:07 | INFO    | goodware.engine | component registered: filesystem
2026-09-24T22:49:07 | INFO    | goodware.engine | component registered: process
2026-09-24T22:49:07 | INFO    | goodware.engine | component registered: network
2026-09-24T22:49:07 | INFO    | goodware.engine | component registered: memory
2026-09-24T22:49:07 | INFO    | goodware.engine | component registered: config
2026-09-24T22:49:07 | INFO    | goodware.engine | component registered: behavior
2026-09-24T22:49:07 | INFO    | goodware.engine | component registered: quantum
2026-09-24T22:49:07 | INFO    | goodware.engine |   watching 2 paths: ['/etc', '/tmp']
2026-09-24T22:49:07 | INFO    | goodware.engine | ============================================================
2026-09-24T22:49:07 | INFO    | goodware.engine | Goodware v3.0 starting...
2026-09-24T22:49:07 | INFO    | goodware.engine |   node_id: None
2026-09-24T22:49:07 | INFO    | goodware.engine |   organization: None
2026-09-24T22:49:07 | INFO    | goodware.engine | ============================================================
2026-09-24T22:49:07 | INFO    | goodware.engine | Goodware stopped.
2026-09-24T22:49:07 | INFO    | goodware.engine | ============================================================
2026-09-24T22:49:07 | INFO    | goodware.engine | Goodware v3.0 starting...
2026-09-24T22:49:07 | INFO    | goodware.engine |   node_id: None
2026-09-24T22:49:07 | INFO    | goodware.engine |   organization: None
2026-09-24T22:49:07 | INFO    | goodware.engine | ============================================================
2026-09-24T22:49:08 | INFO    | goodware.engine | Goodware stopped.
2026-09-24T22:49:08 | INFO    | goodware.engine | ============================================================
2026-09-24T22:49:08 | INFO    | goodware.engine | Goodware v3.0 starting...
2026-09-24T22:49:08 | INFO    | goodware.engine |   node_id: None
2026-09-24T22:49:08 | INFO    | goodware.engine |   organization: None
2026-09-24T22:49:08 | INFO    | goodware.engine | ============================================================
2026-09-24T22:49:08 | INFO    | goodware.engine | Goodware stopped.
2026-09-24T22:49:08 | INFO    | goodware.engine | ============================================================
2026-09-24T22:49:08 | INFO    | goodware.engine | Goodware v3.0 starting...
2026-09-24T22:49:08 | INFO    | goodware.engine |   node_id: None
2026-09-24T22:49:08 | INFO    | goodware.engine |   organization: None
2026-09-24T22:49:08 | INFO    | goodware.engine | ============================================================
2026-09-24T22:49:08 | INFO    | goodware.engine | Goodware stopped.
2026-09-24T22:49:08 | INFO    | goodware.engine | ============================================================
2026-09-24T22:49:08 | INFO    | goodware.engine | Goodware v3.0 starting...
2026-09-24T22:49:08 | INFO    | goodware.engine |   node_id: None
2026-09-24T22:49:08 | INFO    | goodware.engine |   organization: None
2026-09-24T22:49:08 | INFO    | goodware.engine | ============================================================
2026-09-24T22:49:08 | INFO    | goodware.engine | Goodware stopped.
2026-09-24T22:49:08 | INFO    | goodware.engine | ============================================================
2026-09-24T22:49:08 | INFO    | goodware.engine | Goodware v3.0 starting...
2026-09-24T22:49:08 | INFO    | goodware.engine |   node_id: None
2026-09-24T22:49:08 | INFO    | goodware.engine |   organization: None
2026-09-24T22:49:08 | INFO    | goodware.engine | ============================================================
2026-09-24T22:49:09 | INFO    | goodware.engine | Goodware stopped.
2026-09-24T22:49:09 | INFO    | goodware.engine | ============================================================
2026-09-24T22:49:09 | INFO    | goodware.engine | Goodware v3.0 starting...
2026-09-24T22:49:09 | INFO    | goodware.engine |   node_id: None
2026-09-24T22:49:09 | INFO    | goodware.engine |   organization: None
2026-09-24T22:49:09 | INFO    | goodware.engine | ============================================================
2026-09-24T22:49:09 | INFO    | goodware.engine | Goodware stopped.
2026-09-24T22:49:09 | INFO    | goodware.engine | ============================================================
2026-09-24T22:49:09 | INFO    | goodware.engine | Goodware v3.0 starting...
2026-09-24T22:49:09 | INFO    | goodware.engine |   node_id: None
2026-09-24T22:49:09 | INFO    | goodware.engine |   organization: None
2026-09-24T22:49:09 | INFO    | goodware.engine | ============================================================
2026-09-24T22:49:09 | INFO    | goodware.engine | Goodware stopped.
2026-09-24T22:49:09 | INFO    | goodware.engine | ============================================================
2026-09-24T22:49:09 | INFO    | goodware.engine | Goodware v3.0 starting...
2026-09-24T22:49:09 | INFO    | goodware.engine |   node_id: None
2026-09-24T22:49:09 | INFO    | goodware.engine |   organization: None
2026-09-24T22:49:09 | INFO    | goodware.engine | ============================================================
2026-09-24T22:49:09 | INFO    | goodware.engine | Goodware stopped.
2026-09-24T22:49:09 | INFO    | goodware.engine | ============================================================
2026-09-24T22:49:09 | INFO    | goodware.engine | Goodware v3.0 starting...
2026-09-24T22:49:09 | INFO    | goodware.engine |   node_id: None
2026-09-24T22:49:09 | INFO    | goodware.engine |   organization: None
2026-09-24T22:49:09 | INFO    | goodware.engine | ============================================================
2026-09-24T22:49:10 | INFO    | goodware.engine | Goodware stopped.
2026-09-24T22:49:10 | INFO    | goodware.engine | ============================================================
2026-09-24T22:49:10 | INFO    | goodware.engine | Goodware v3.0 starting...
2026-09-24T22:49:10 | INFO    | goodware.engine |   node_id: None
2026-09-24T22:49:10 | INFO    | goodware.engine |   organization: None
2026-09-24T22:49:10 | INFO    | goodware.engine | ============================================================
2026-09-24T22:49:10 | INFO    | goodware.engine | Goodware stopped.
2026-09-24T22:49:10 | INFO    | goodware.engine | ============================================================
2026-09-24T22:49:10 | INFO    | goodware.engine | Goodware v3.0 starting...
2026-09-24T22:49:10 | INFO    | goodware.engine |   node_id: None
2026-09-24T22:49:10 | INFO    | goodware.engine |   organization: None
2026-09-24T22:49:10 | INFO    | goodware.engine | ============================================================
2026-09-24T22:49:10 | INFO    | goodware.engine | Goodware stopped.
2026-09-24T22:49:10 | INFO    | goodware.engine | ============================================================
2026-09-24T22:49:10 | INFO    | goodware.engine | Goodware v3.0 starting...
2026-09-24T22:49:10 | INFO    | goodware.engine |   node_id: None
2026-09-24T22:49:10 | INFO    | goodware.engine |   organization: None
2026-09-24T22:49:10 | INFO    | goodware.engine | ============================================================
2026-09-24T22:49:10 | INFO    | goodware.engine | Goodware stopped.
2026-09-24T22:49:10 | INFO    | goodware.engine | ============================================================
2026-09-24T22:49:10 | INFO    | goodware.engine | Goodware v3.0 starting...
2026-09-24T22:49:10 | INFO    | goodware.engine |   node_id: None
2026-09-24T22:49:10 | INFO    | goodware.engine |   organization: None
2026-09-24T22:49:10 | INFO    | goodware.engine | ============================================================
2026-09-24T22:49:10 | INFO    | goodware.engine | Goodware stopped.
2026-09-24T22:49:10 | INFO    | goodware.engine | ============================================================
2026-09-24T22:49:10 | INFO    | goodware.engine | Goodware v3.0 starting...
2026-09-24T22:49:10 | INFO    | goodware.engine |   node_id: None
2026-09-24T22:49:10 | INFO    | goodware.engine |   organization: None
2026-09-24T22:49:10 | INFO    | goodware.engine | ============================================================
2026-09-24T22:49:10 | INFO    | goodware.engine | Goodware stopped.
2026-09-24T22:49:10 | INFO    | goodware.engine | ============================================================
2026-09-24T22:49:10 | INFO    | goodware.engine | Goodware v3.0 starting...
2026-09-24T22:49:10 | INFO    | goodware.engine |   node_id: None
2026-09-24T22:49:10 | INFO    | goodware.engine |   organization: None
2026-09-24T22:49:10 | INFO    | goodware.engine | ============================================================
2026-09-24T22:49:10 | INFO    | goodware.engine | Goodware stopped.
2026-09-24T22:49:10 | INFO    | goodware.engine | ============================================================
2026-09-24T22:49:10 | INFO    | goodware.engine | Goodware v3.0 starting...
2026-09-24T22:49:10 | INFO    | goodware.engine |   node_id: None
2026-09-24T22:49:10 | INFO    | goodware.engine |   organization: None
2026-09-24T22:49:10 | INFO    | goodware.engine | ============================================================
2026-09-24T22:49:11 | INFO    | goodware.engine | Goodware stopped.
2026-09-24T22:49:11 | INFO    | goodware.engine | ============================================================
2026-09-24T22:49:11 | INFO    | goodware.engine | Goodware v3.0 starting...
2026-09-24T22:49:11 | INFO    | goodware.engine |   node_id: None
2026-09-24T22:49:11 | INFO    | goodware.engine |   organization: None
2026-09-24T22:49:11 | INFO    | goodware.engine | ============================================================
2026-09-24T22:49:11 | INFO    | goodware.engine | Goodware stopped.
2026-09-24T22:49:11 | INFO    | goodware.engine | ============================================================
2026-09-24T22:49:11 | INFO    | goodware.engine | Goodware v3.0 starting...
2026-09-24T22:49:11 | INFO    | goodware.engine |   node_id: None
2026-09-24T22:49:11 | INFO    | goodware.engine |   organization: None
2026-09-24T22:49:11 | INFO    | goodware.engine | ============================================================
2026-09-24T22:49:11 | INFO    | goodware.engine | Goodware stopped.
2026-09-24T22:49:11 | INFO    | goodware.engine | ============================================================
2026-09-24T22:49:11 | INFO    | goodware.engine | Goodware v3.0 starting...
2026-09-24T22:49:11 | INFO    | goodware.engine |   node_id: None
2026-09-24T22:49:11 | INFO    | goodware.engine |   organization: None
2026-09-24T22:49:11 | INFO    | goodware.engine | ============================================================
2026-09-24T22:49:11 | INFO    | goodware.engine | Goodware stopped.
2026-09-24T22:49:12 | INFO    | goodware.engine | ============================================================
2026-09-24T22:49:12 | INFO    | goodware.engine | Goodware v3.0 starting...
2026-09-24T22:49:12 | INFO    | goodware.engine |   node_id: None
2026-09-24T22:49:12 | INFO    | goodware.engine |   organization: None
2026-09-24T22:49:12 | INFO    | goodware.engine | ============================================================
2026-09-24T22:49:12 | INFO    | goodware.engine | Goodware stopped.
2026-09-24T22:49:12 | INFO    | goodware.engine | ============================================================
2026-09-24T22:49:12 | INFO    | goodware.engine | Goodware v3.0 starting...
2026-09-24T22:49:12 | INFO    | goodware.engine |   node_id: None
2026-09-24T22:49:12 | INFO    | goodware.engine |   organization: None
2026-09-24T22:49:12 | INFO    | goodware.engine | ============================================================
2026-09-24T22:49:12 | INFO    | goodware.engine | Goodware stopped.
2026-09-25T22:42:48 | INFO    | goodware.engine | component registered: filesystem
2026-09-25T22:42:48 | INFO    | goodware.engine | component registered: process
2026-09-25T22:42:48 | INFO    | goodware.engine | component registered: network
2026-09-25T22:42:48 | INFO    | goodware.engine | component registered: memory
2026-09-25T22:42:48 | INFO    | goodware.engine | component registered: config
2026-09-25T22:42:48 | INFO    | goodware.engine | component registered: behavior
2026-09-25T22:42:48 | INFO    | goodware.engine | component registered: quantum
2026-09-25T22:42:48 | INFO    | goodware.engine |   watching 4 paths: ['/etc', '/usr/local/bin', '/usr/bin', '/tmp']
2026-09-25T22:42:51 | INFO    | goodware.engine | component registered: threat
2026-09-25T22:42:51 | INFO    | goodware.engine | component registered: anomaly
2026-09-25T22:42:51 | INFO    | goodware.engine | component registered: simulator
2026-09-25T22:42:53 | INFO    | goodware.engine | component registered: federated-server
2026-09-25T22:42:53 | INFO    | goodware.engine | component registered: federated-client
2026-09-25T22:42:53 | INFO    | goodware.engine | federated server listening on 127.0.0.1:8443
2026-09-25T22:42:55 | INFO    | goodware.engine | component registered: decision-engine
2026-09-25T22:42:55 | INFO    | goodware.engine | component registered: adaptive
2026-09-25T22:42:55 | INFO    | goodware.engine | component registered: mutation
2026-09-25T22:42:55 | INFO    | goodware.engine | component registered: zero_day
2026-09-25T22:43:03 | INFO    | goodware.engine | component registered: decision-engine
2026-09-25T22:43:03 | INFO    | goodware.engine | component registered: adaptive
2026-09-25T22:43:03 | INFO    | goodware.engine | component registered: mutation
2026-09-25T22:43:03 | INFO    | goodware.engine | component registered: zero_day
2026-09-25T22:43:03 | INFO    | goodware.engine | component registered: crypto
2026-09-25T22:43:03 | INFO    | goodware.engine | component registered: human-factor
2026-09-25T22:43:03 | INFO    | goodware.engine | component registered: decision
2026-09-25T22:43:03 | INFO    | goodware.engine | component registered: effector
2026-09-25T22:43:03 | INFO    | goodware.engine | component registered: chainsaw
2026-09-25T22:43:06 | INFO    | goodware.engine | component registered: immune
2026-09-25T22:43:06 | INFO    | goodware.engine | component registered: physical
2026-09-25T22:43:06 | INFO    | goodware.engine | component registered: supply-chain
2026-09-25T22:43:10 | INFO    | goodware.engine | ============================================================
2026-09-25T22:43:10 | INFO    | goodware.engine | Goodware v3.0 starting...
2026-09-25T22:43:10 | INFO    | goodware.engine |   node_id: None
2026-09-25T22:43:10 | INFO    | goodware.engine |   organization: None
2026-09-25T22:43:10 | INFO    | goodware.engine | ============================================================
2026-09-25T22:43:10 | INFO    | goodware.engine | Goodware stopped.
2026-09-25T22:43:10 | INFO    | goodware.engine | ============================================================
2026-09-25T22:43:10 | INFO    | goodware.engine | Goodware v3.0 starting...
2026-09-25T22:43:10 | INFO    | goodware.engine |   node_id: None
2026-09-25T22:43:10 | INFO    | goodware.engine |   organization: None
2026-09-25T22:43:10 | INFO    | goodware.engine | ============================================================
2026-09-25T22:43:10 | INFO    | goodware.engine | Goodware stopped.
2026-09-25T22:43:10 | INFO    | goodware.engine | hunter2
2026-09-25T22:43:11 | INFO    | goodware.engine | component registered: dummy
2026-09-25T22:43:11 | INFO    | goodware.engine | test
2026-09-25T22:43:11 | WARNING | goodware.engine | warn
2026-09-25T22:43:11 | ERROR   | goodware.engine | err
2026-09-25T22:43:12 | INFO    | goodware.engine | component registered: with_attach
2026-09-25T22:43:12 | INFO    | goodware.engine | component registered: dummy
2026-09-25T22:43:12 | INFO    | goodware.engine | ============================================================
2026-09-25T22:43:12 | INFO    | goodware.engine | Goodware v3.0 starting...
2026-09-25T22:43:12 | INFO    | goodware.engine |   node_id: None
2026-09-25T22:43:12 | INFO    | goodware.engine |   organization: None
2026-09-25T22:43:12 | INFO    | goodware.engine | ============================================================
2026-09-25T22:43:12 | INFO    | goodware.engine |   ✓ dummy running
2026-09-25T22:43:12 | INFO    | goodware.engine | Goodware stopped.
2026-09-25T22:43:15 | INFO    | goodware.engine | component registered: threat
2026-09-25T22:43:15 | INFO    | goodware.engine | component registered: anomaly
2026-09-25T22:43:15 | INFO    | goodware.engine | component registered: simulator
2026-09-25T22:43:15 | INFO    | goodware.engine | component registered: filesystem
2026-09-25T22:43:15 | INFO    | goodware.engine | component registered: process
2026-09-25T22:43:15 | INFO    | goodware.engine | component registered: network
2026-09-25T22:43:15 | INFO    | goodware.engine | component registered: memory
2026-09-25T22:43:15 | INFO    | goodware.engine | component registered: config
2026-09-25T22:43:15 | INFO    | goodware.engine | component registered: behavior
2026-09-25T22:43:15 | INFO    | goodware.engine | component registered: quantum
2026-09-25T22:43:15 | INFO    | goodware.engine | component registered: filesystem
2026-09-25T22:43:15 | INFO    | goodware.engine | component registered: process
2026-09-25T22:43:15 | INFO    | goodware.engine | component registered: network
2026-09-25T22:43:15 | INFO    | goodware.engine | component registered: memory
2026-09-25T22:43:15 | INFO    | goodware.engine | component registered: config
2026-09-25T22:43:15 | INFO    | goodware.engine | component registered: behavior
2026-09-25T22:43:15 | INFO    | goodware.engine | component registered: quantum
2026-09-25T22:43:15 | INFO    | goodware.engine | component registered: filesystem
2026-09-25T22:43:15 | INFO    | goodware.engine | component registered: process
2026-09-25T22:43:15 | INFO    | goodware.engine | component registered: network
2026-09-25T22:43:15 | INFO    | goodware.engine | component registered: memory
2026-09-25T22:43:15 | INFO    | goodware.engine | component registered: config
2026-09-25T22:43:15 | INFO    | goodware.engine | component registered: behavior
2026-09-25T22:43:15 | INFO    | goodware.engine | component registered: quantum
2026-09-25T22:43:15 | INFO    | goodware.engine | component registered: filesystem
2026-09-25T22:43:15 | INFO    | goodware.engine | component registered: process
2026-09-25T22:43:15 | INFO    | goodware.engine | component registered: network
2026-09-25T22:43:15 | INFO    | goodware.engine | component registered: memory
2026-09-25T22:43:15 | INFO    | goodware.engine | component registered: config
2026-09-25T22:43:15 | INFO    | goodware.engine | component registered: behavior
2026-09-25T22:43:15 | INFO    | goodware.engine | component registered: quantum
2026-09-25T22:43:15 | INFO    | goodware.engine | component registered: filesystem
2026-09-25T22:43:15 | INFO    | goodware.engine | component registered: process
2026-09-25T22:43:15 | INFO    | goodware.engine | component registered: network
2026-09-25T22:43:15 | INFO    | goodware.engine | component registered: memory
2026-09-25T22:43:15 | INFO    | goodware.engine | component registered: config
2026-09-25T22:43:15 | INFO    | goodware.engine | component registered: behavior
2026-09-25T22:43:15 | INFO    | goodware.engine | component registered: quantum
2026-09-25T22:43:15 | INFO    | goodware.engine | component registered: filesystem
2026-09-25T22:43:15 | INFO    | goodware.engine | component registered: process
2026-09-25T22:43:15 | INFO    | goodware.engine | component registered: network
2026-09-25T22:43:15 | INFO    | goodware.engine | component registered: memory
2026-09-25T22:43:15 | INFO    | goodware.engine | component registered: config
2026-09-25T22:43:15 | INFO    | goodware.engine | component registered: behavior
2026-09-25T22:43:15 | INFO    | goodware.engine | component registered: quantum
2026-09-25T22:43:15 | INFO    | goodware.engine | component registered: filesystem
2026-09-25T22:43:15 | INFO    | goodware.engine | component registered: process
2026-09-25T22:43:15 | INFO    | goodware.engine | component registered: network
2026-09-25T22:43:15 | INFO    | goodware.engine | component registered: memory
2026-09-25T22:43:15 | INFO    | goodware.engine | component registered: config
2026-09-25T22:43:15 | INFO    | goodware.engine | component registered: behavior
2026-09-25T22:43:15 | INFO    | goodware.engine | component registered: quantum
2026-09-25T22:43:16 | INFO    | goodware.engine | component registered: filesystem
2026-09-25T22:43:16 | INFO    | goodware.engine | component registered: process
2026-09-25T22:43:16 | INFO    | goodware.engine | component registered: network
2026-09-25T22:43:16 | INFO    | goodware.engine | component registered: memory
2026-09-25T22:43:16 | INFO    | goodware.engine | component registered: config
2026-09-25T22:43:16 | INFO    | goodware.engine | component registered: behavior
2026-09-25T22:43:16 | INFO    | goodware.engine | component registered: quantum
2026-09-25T22:43:16 | INFO    | goodware.engine | component registered: filesystem
2026-09-25T22:43:16 | INFO    | goodware.engine | component registered: process
2026-09-25T22:43:16 | INFO    | goodware.engine | component registered: network
2026-09-25T22:43:16 | INFO    | goodware.engine | component registered: memory
2026-09-25T22:43:16 | INFO    | goodware.engine | component registered: config
2026-09-25T22:43:16 | INFO    | goodware.engine | component registered: behavior
2026-09-25T22:43:16 | INFO    | goodware.engine | component registered: quantum
2026-09-25T22:43:16 | INFO    | goodware.engine | component registered: filesystem
2026-09-25T22:43:16 | INFO    | goodware.engine | component registered: process
2026-09-25T22:43:16 | INFO    | goodware.engine | component registered: network
2026-09-25T22:43:16 | INFO    | goodware.engine | component registered: memory
2026-09-25T22:43:16 | INFO    | goodware.engine | component registered: config
2026-09-25T22:43:16 | INFO    | goodware.engine | component registered: behavior
2026-09-25T22:43:16 | INFO    | goodware.engine | component registered: quantum
2026-09-25T22:43:16 | INFO    | goodware.engine | component registered: filesystem
2026-09-25T22:43:16 | INFO    | goodware.engine | component registered: process
2026-09-25T22:43:16 | INFO    | goodware.engine | component registered: network
2026-09-25T22:43:16 | INFO    | goodware.engine | component registered: memory
2026-09-25T22:43:16 | INFO    | goodware.engine | component registered: config
2026-09-25T22:43:16 | INFO    | goodware.engine | component registered: behavior
2026-09-25T22:43:16 | INFO    | goodware.engine | component registered: quantum
2026-09-25T22:43:16 | INFO    | goodware.engine | component registered: filesystem
2026-09-25T22:43:16 | INFO    | goodware.engine | component registered: process
2026-09-25T22:43:16 | INFO    | goodware.engine | component registered: network
2026-09-25T22:43:16 | INFO    | goodware.engine | component registered: memory
2026-09-25T22:43:16 | INFO    | goodware.engine | component registered: config
2026-09-25T22:43:16 | INFO    | goodware.engine | component registered: behavior
2026-09-25T22:43:16 | INFO    | goodware.engine | component registered: quantum
2026-09-25T22:43:16 | INFO    | goodware.engine | component registered: filesystem
2026-09-25T22:43:16 | INFO    | goodware.engine | component registered: process
2026-09-25T22:43:16 | INFO    | goodware.engine | component registered: network
2026-09-25T22:43:16 | INFO    | goodware.engine | component registered: memory
2026-09-25T22:43:16 | INFO    | goodware.engine | component registered: config
2026-09-25T22:43:16 | INFO    | goodware.engine | component registered: behavior
2026-09-25T22:43:16 | INFO    | goodware.engine | component registered: quantum
2026-09-25T22:43:16 | INFO    | goodware.engine | component registered: filesystem
2026-09-25T22:43:16 | INFO    | goodware.engine | component registered: process
2026-09-25T22:43:16 | INFO    | goodware.engine | component registered: network
2026-09-25T22:43:16 | INFO    | goodware.engine | component registered: memory
2026-09-25T22:43:16 | INFO    | goodware.engine | component registered: config
2026-09-25T22:43:16 | INFO    | goodware.engine | component registered: behavior
2026-09-25T22:43:16 | INFO    | goodware.engine | component registered: quantum
2026-09-25T22:43:16 | INFO    | goodware.engine | component registered: filesystem
2026-09-25T22:43:16 | INFO    | goodware.engine | component registered: process
2026-09-25T22:43:16 | INFO    | goodware.engine | component registered: network
2026-09-25T22:43:16 | INFO    | goodware.engine | component registered: memory
2026-09-25T22:43:16 | INFO    | goodware.engine | component registered: config
2026-09-25T22:43:16 | INFO    | goodware.engine | component registered: behavior
2026-09-25T22:43:16 | INFO    | goodware.engine | component registered: quantum
2026-09-25T22:43:16 | INFO    | goodware.engine | component registered: filesystem
2026-09-25T22:43:16 | INFO    | goodware.engine | component registered: process
2026-09-25T22:43:16 | INFO    | goodware.engine | component registered: network
2026-09-25T22:43:16 | INFO    | goodware.engine | component registered: memory
2026-09-25T22:43:16 | INFO    | goodware.engine | component registered: config
2026-09-25T22:43:16 | INFO    | goodware.engine | component registered: behavior
2026-09-25T22:43:16 | INFO    | goodware.engine | component registered: quantum
2026-09-25T22:43:16 | INFO    | goodware.engine |   watching 2 paths: ['/etc', '/tmp']
2026-09-25T22:43:16 | INFO    | goodware.engine | component registered: filesystem
2026-09-25T22:43:16 | INFO    | goodware.engine | component registered: process
2026-09-25T22:43:16 | INFO    | goodware.engine | component registered: network
2026-09-25T22:43:16 | INFO    | goodware.engine | component registered: memory
2026-09-25T22:43:16 | INFO    | goodware.engine | component registered: config
2026-09-25T22:43:16 | INFO    | goodware.engine | component registered: behavior
2026-09-25T22:43:16 | INFO    | goodware.engine | component registered: quantum
2026-09-25T22:43:16 | INFO    | goodware.engine | component registered: filesystem
2026-09-25T22:43:16 | INFO    | goodware.engine | component registered: process
2026-09-25T22:43:16 | INFO    | goodware.engine | component registered: network
2026-09-25T22:43:16 | INFO    | goodware.engine | component registered: memory
2026-09-25T22:43:16 | INFO    | goodware.engine | component registered: config
2026-09-25T22:43:16 | INFO    | goodware.engine | component registered: behavior
2026-09-25T22:43:16 | INFO    | goodware.engine | component registered: quantum
2026-09-25T22:43:16 | INFO    | goodware.engine | component registered: filesystem
2026-09-25T22:43:16 | INFO    | goodware.engine | component registered: process
2026-09-25T22:43:16 | INFO    | goodware.engine | component registered: network
2026-09-25T22:43:16 | INFO    | goodware.engine | component registered: memory
2026-09-25T22:43:16 | INFO    | goodware.engine | component registered: config
2026-09-25T22:43:16 | INFO    | goodware.engine | component registered: behavior
2026-09-25T22:43:16 | INFO    | goodware.engine | component registered: quantum
2026-09-25T22:43:16 | INFO    | goodware.engine | component registered: filesystem
2026-09-25T22:43:16 | INFO    | goodware.engine | component registered: process
2026-09-25T22:43:16 | INFO    | goodware.engine | component registered: network
2026-09-25T22:43:16 | INFO    | goodware.engine | component registered: memory
2026-09-25T22:43:16 | INFO    | goodware.engine | component registered: config
2026-09-25T22:43:16 | INFO    | goodware.engine | component registered: behavior
2026-09-25T22:43:16 | INFO    | goodware.engine | component registered: quantum
2026-09-25T22:43:16 | INFO    | goodware.engine | component registered: filesystem
2026-09-25T22:43:16 | INFO    | goodware.engine | component registered: process
2026-09-25T22:43:16 | INFO    | goodware.engine | component registered: network
2026-09-25T22:43:16 | INFO    | goodware.engine | component registered: memory
2026-09-25T22:43:16 | INFO    | goodware.engine | component registered: config
2026-09-25T22:43:16 | INFO    | goodware.engine | component registered: behavior
2026-09-25T22:43:16 | INFO    | goodware.engine | component registered: quantum
2026-09-25T22:43:16 | INFO    | goodware.engine | component registered: filesystem
2026-09-25T22:43:16 | INFO    | goodware.engine | component registered: process
2026-09-25T22:43:16 | INFO    | goodware.engine | component registered: network
2026-09-25T22:43:16 | INFO    | goodware.engine | component registered: memory
2026-09-25T22:43:16 | INFO    | goodware.engine | component registered: config
2026-09-25T22:43:16 | INFO    | goodware.engine | component registered: behavior
2026-09-25T22:43:16 | INFO    | goodware.engine | component registered: quantum
2026-09-25T22:43:17 | INFO    | goodware.engine | component registered: filesystem
2026-09-25T22:43:17 | INFO    | goodware.engine | component registered: process
2026-09-25T22:43:17 | INFO    | goodware.engine | component registered: network
2026-09-25T22:43:17 | INFO    | goodware.engine | component registered: memory
2026-09-25T22:43:17 | INFO    | goodware.engine | component registered: config
2026-09-25T22:43:17 | INFO    | goodware.engine | component registered: behavior
2026-09-25T22:43:17 | INFO    | goodware.engine | component registered: quantum
2026-09-25T22:43:17 | INFO    | goodware.engine | component registered: filesystem
2026-09-25T22:43:17 | INFO    | goodware.engine | component registered: process
2026-09-25T22:43:17 | INFO    | goodware.engine | component registered: network
2026-09-25T22:43:17 | INFO    | goodware.engine | component registered: memory
2026-09-25T22:43:17 | INFO    | goodware.engine | component registered: config
2026-09-25T22:43:17 | INFO    | goodware.engine | component registered: behavior
2026-09-25T22:43:17 | INFO    | goodware.engine | component registered: quantum
2026-09-25T22:43:17 | INFO    | goodware.engine | component registered: filesystem
2026-09-25T22:43:17 | INFO    | goodware.engine | component registered: process
2026-09-25T22:43:17 | INFO    | goodware.engine | component registered: network
2026-09-25T22:43:17 | INFO    | goodware.engine | component registered: memory
2026-09-25T22:43:17 | INFO    | goodware.engine | component registered: config
2026-09-25T22:43:17 | INFO    | goodware.engine | component registered: behavior
2026-09-25T22:43:17 | INFO    | goodware.engine | component registered: quantum
2026-09-25T22:43:17 | INFO    | goodware.engine | component registered: filesystem
2026-09-25T22:43:17 | INFO    | goodware.engine | component registered: process
2026-09-25T22:43:17 | INFO    | goodware.engine | component registered: network
2026-09-25T22:43:17 | INFO    | goodware.engine | component registered: memory
2026-09-25T22:43:17 | INFO    | goodware.engine | component registered: config
2026-09-25T22:43:17 | INFO    | goodware.engine | component registered: behavior
2026-09-25T22:43:17 | INFO    | goodware.engine | component registered: quantum
2026-09-25T22:43:17 | INFO    | goodware.engine | component registered: filesystem
2026-09-25T22:43:17 | INFO    | goodware.engine | component registered: process
2026-09-25T22:43:17 | INFO    | goodware.engine | component registered: network
2026-09-25T22:43:17 | INFO    | goodware.engine | component registered: memory
2026-09-25T22:43:17 | INFO    | goodware.engine | component registered: config
2026-09-25T22:43:17 | INFO    | goodware.engine | component registered: behavior
2026-09-25T22:43:17 | INFO    | goodware.engine | component registered: quantum
2026-09-25T22:43:17 | INFO    | goodware.engine | component registered: filesystem
2026-09-25T22:43:17 | INFO    | goodware.engine | component registered: process
2026-09-25T22:43:17 | INFO    | goodware.engine | component registered: network
2026-09-25T22:43:17 | INFO    | goodware.engine | component registered: memory
2026-09-25T22:43:17 | INFO    | goodware.engine | component registered: config
2026-09-25T22:43:17 | INFO    | goodware.engine | component registered: behavior
2026-09-25T22:43:17 | INFO    | goodware.engine | component registered: quantum
2026-09-25T22:43:17 | INFO    | goodware.engine | component registered: filesystem
2026-09-25T22:43:17 | INFO    | goodware.engine | component registered: process
2026-09-25T22:43:17 | INFO    | goodware.engine | component registered: network
2026-09-25T22:43:17 | INFO    | goodware.engine | component registered: memory
2026-09-25T22:43:17 | INFO    | goodware.engine | component registered: config
2026-09-25T22:43:17 | INFO    | goodware.engine | component registered: behavior
2026-09-25T22:43:17 | INFO    | goodware.engine | component registered: quantum
2026-09-25T22:43:17 | INFO    | goodware.engine | component registered: filesystem
2026-09-25T22:43:17 | INFO    | goodware.engine | component registered: process
2026-09-25T22:43:17 | INFO    | goodware.engine | component registered: network
2026-09-25T22:43:17 | INFO    | goodware.engine | component registered: memory
2026-09-25T22:43:17 | INFO    | goodware.engine | component registered: config
2026-09-25T22:43:17 | INFO    | goodware.engine | component registered: behavior
2026-09-25T22:43:17 | INFO    | goodware.engine | component registered: quantum
2026-09-25T22:43:17 | INFO    | goodware.engine | component registered: filesystem
2026-09-25T22:43:17 | INFO    | goodware.engine | component registered: process
2026-09-25T22:43:17 | INFO    | goodware.engine | component registered: network
2026-09-25T22:43:17 | INFO    | goodware.engine | component registered: memory
2026-09-25T22:43:17 | INFO    | goodware.engine | component registered: config
2026-09-25T22:43:17 | INFO    | goodware.engine | component registered: behavior
2026-09-25T22:43:17 | INFO    | goodware.engine | component registered: quantum
2026-09-25T22:43:17 | INFO    | goodware.engine | component registered: filesystem
2026-09-25T22:43:17 | INFO    | goodware.engine | component registered: process
2026-09-25T22:43:17 | INFO    | goodware.engine | component registered: network
2026-09-25T22:43:17 | INFO    | goodware.engine | component registered: memory
2026-09-25T22:43:17 | INFO    | goodware.engine | component registered: config
2026-09-25T22:43:17 | INFO    | goodware.engine | component registered: behavior
2026-09-25T22:43:17 | INFO    | goodware.engine | component registered: quantum
2026-09-25T22:43:17 | INFO    | goodware.engine |   watching 2 paths: ['/etc', '/tmp']
2026-09-25T22:43:18 | INFO    | goodware.engine | component registered: filesystem
2026-09-25T22:43:18 | INFO    | goodware.engine | component registered: process
2026-09-25T22:43:18 | INFO    | goodware.engine | component registered: network
2026-09-25T22:43:18 | INFO    | goodware.engine | component registered: memory
2026-09-25T22:43:18 | INFO    | goodware.engine | component registered: config
2026-09-25T22:43:18 | INFO    | goodware.engine | component registered: behavior
2026-09-25T22:43:18 | INFO    | goodware.engine | component registered: quantum
2026-09-25T22:43:18 | INFO    | goodware.engine |   watching 2 paths: ['/etc', '/tmp']
2026-09-25T22:43:19 | INFO    | goodware.engine | ============================================================
2026-09-25T22:43:19 | INFO    | goodware.engine | Goodware v3.0 starting...
2026-09-25T22:43:19 | INFO    | goodware.engine |   node_id: None
2026-09-25T22:43:19 | INFO    | goodware.engine |   organization: None
2026-09-25T22:43:19 | INFO    | goodware.engine | ============================================================
2026-09-25T22:43:19 | INFO    | goodware.engine | Goodware stopped.
2026-09-25T22:43:19 | INFO    | goodware.engine | ============================================================
2026-09-25T22:43:19 | INFO    | goodware.engine | Goodware v3.0 starting...
2026-09-25T22:43:19 | INFO    | goodware.engine |   node_id: None
2026-09-25T22:43:19 | INFO    | goodware.engine |   organization: None
2026-09-25T22:43:19 | INFO    | goodware.engine | ============================================================
2026-09-25T22:43:19 | INFO    | goodware.engine | Goodware stopped.
2026-09-25T22:43:19 | INFO    | goodware.engine | ============================================================
2026-09-25T22:43:19 | INFO    | goodware.engine | Goodware v3.0 starting...
2026-09-25T22:43:19 | INFO    | goodware.engine |   node_id: None
2026-09-25T22:43:19 | INFO    | goodware.engine |   organization: None
2026-09-25T22:43:19 | INFO    | goodware.engine | ============================================================
2026-09-25T22:43:19 | INFO    | goodware.engine | Goodware stopped.
2026-09-25T22:43:19 | INFO    | goodware.engine | ============================================================
2026-09-25T22:43:19 | INFO    | goodware.engine | Goodware v3.0 starting...
2026-09-25T22:43:19 | INFO    | goodware.engine |   node_id: None
2026-09-25T22:43:19 | INFO    | goodware.engine |   organization: None
2026-09-25T22:43:19 | INFO    | goodware.engine | ============================================================
2026-09-25T22:43:20 | INFO    | goodware.engine | Goodware stopped.
2026-09-25T22:43:20 | INFO    | goodware.engine | ============================================================
2026-09-25T22:43:20 | INFO    | goodware.engine | Goodware v3.0 starting...
2026-09-25T22:43:20 | INFO    | goodware.engine |   node_id: None
2026-09-25T22:43:20 | INFO    | goodware.engine |   organization: None
2026-09-25T22:43:20 | INFO    | goodware.engine | ============================================================
2026-09-25T22:43:21 | INFO    | goodware.engine | Goodware stopped.
2026-09-25T22:43:21 | INFO    | goodware.engine | ============================================================
2026-09-25T22:43:21 | INFO    | goodware.engine | Goodware v3.0 starting...
2026-09-25T22:43:21 | INFO    | goodware.engine |   node_id: None
2026-09-25T22:43:21 | INFO    | goodware.engine |   organization: None
2026-09-25T22:43:21 | INFO    | goodware.engine | ============================================================
2026-09-25T22:43:21 | INFO    | goodware.engine | Goodware stopped.
2026-09-25T22:43:21 | INFO    | goodware.engine | ============================================================
2026-09-25T22:43:21 | INFO    | goodware.engine | Goodware v3.0 starting...
2026-09-25T22:43:21 | INFO    | goodware.engine |   node_id: None
2026-09-25T22:43:21 | INFO    | goodware.engine |   organization: None
2026-09-25T22:43:21 | INFO    | goodware.engine | ============================================================
2026-09-25T22:43:21 | INFO    | goodware.engine | Goodware stopped.
2026-09-25T22:43:21 | INFO    | goodware.engine | ============================================================
2026-09-25T22:43:21 | INFO    | goodware.engine | Goodware v3.0 starting...
2026-09-25T22:43:21 | INFO    | goodware.engine |   node_id: None
2026-09-25T22:43:21 | INFO    | goodware.engine |   organization: None
2026-09-25T22:43:21 | INFO    | goodware.engine | ============================================================
2026-09-25T22:43:21 | INFO    | goodware.engine | Goodware stopped.
2026-09-25T22:43:21 | INFO    | goodware.engine | ============================================================
2026-09-25T22:43:21 | INFO    | goodware.engine | Goodware v3.0 starting...
2026-09-25T22:43:21 | INFO    | goodware.engine |   node_id: None
2026-09-25T22:43:21 | INFO    | goodware.engine |   organization: None
2026-09-25T22:43:21 | INFO    | goodware.engine | ============================================================
2026-09-25T22:43:21 | INFO    | goodware.engine | Goodware stopped.
2026-09-25T22:43:21 | INFO    | goodware.engine | ============================================================
2026-09-25T22:43:21 | INFO    | goodware.engine | Goodware v3.0 starting...
2026-09-25T22:43:22 | INFO    | goodware.engine |   node_id: None
2026-09-25T22:43:22 | INFO    | goodware.engine |   organization: None
2026-09-25T22:43:22 | INFO    | goodware.engine | ============================================================
2026-09-25T22:43:22 | INFO    | goodware.engine | Goodware stopped.
2026-09-25T22:43:22 | INFO    | goodware.engine | ============================================================
2026-09-25T22:43:22 | INFO    | goodware.engine | Goodware v3.0 starting...
2026-09-25T22:43:22 | INFO    | goodware.engine |   node_id: None
2026-09-25T22:43:22 | INFO    | goodware.engine |   organization: None
2026-09-25T22:43:22 | INFO    | goodware.engine | ============================================================
2026-09-25T22:43:22 | INFO    | goodware.engine | Goodware stopped.
2026-09-25T22:43:22 | INFO    | goodware.engine | ============================================================
2026-09-25T22:43:22 | INFO    | goodware.engine | Goodware v3.0 starting...
2026-09-25T22:43:22 | INFO    | goodware.engine |   node_id: None
2026-09-25T22:43:22 | INFO    | goodware.engine |   organization: None
2026-09-25T22:43:22 | INFO    | goodware.engine | ============================================================
2026-09-25T22:43:22 | INFO    | goodware.engine | Goodware stopped.
2026-09-25T22:43:22 | INFO    | goodware.engine | ============================================================
2026-09-25T22:43:22 | INFO    | goodware.engine | Goodware v3.0 starting...
2026-09-25T22:43:22 | INFO    | goodware.engine |   node_id: None
2026-09-25T22:43:22 | INFO    | goodware.engine |   organization: None
2026-09-25T22:43:22 | INFO    | goodware.engine | ============================================================
2026-09-25T22:43:22 | INFO    | goodware.engine | Goodware stopped.
2026-09-25T22:43:22 | INFO    | goodware.engine | ============================================================
2026-09-25T22:43:22 | INFO    | goodware.engine | Goodware v3.0 starting...
2026-09-25T22:43:22 | INFO    | goodware.engine |   node_id: None
2026-09-25T22:43:22 | INFO    | goodware.engine |   organization: None
2026-09-25T22:43:22 | INFO    | goodware.engine | ============================================================
2026-09-25T22:43:22 | INFO    | goodware.engine | Goodware stopped.
2026-09-25T22:43:22 | INFO    | goodware.engine | ============================================================
2026-09-25T22:43:22 | INFO    | goodware.engine | Goodware v3.0 starting...
2026-09-25T22:43:22 | INFO    | goodware.engine |   node_id: None
2026-09-25T22:43:22 | INFO    | goodware.engine |   organization: None
2026-09-25T22:43:22 | INFO    | goodware.engine | ============================================================
2026-09-25T22:43:22 | INFO    | goodware.engine | Goodware stopped.
2026-09-25T22:43:22 | INFO    | goodware.engine | ============================================================
2026-09-25T22:43:22 | INFO    | goodware.engine | Goodware v3.0 starting...
2026-09-25T22:43:22 | INFO    | goodware.engine |   node_id: None
2026-09-25T22:43:22 | INFO    | goodware.engine |   organization: None
2026-09-25T22:43:22 | INFO    | goodware.engine | ============================================================
2026-09-25T22:43:22 | INFO    | goodware.engine | Goodware stopped.
2026-09-25T22:43:22 | INFO    | goodware.engine | ============================================================
2026-09-25T22:43:22 | INFO    | goodware.engine | Goodware v3.0 starting...
2026-09-25T22:43:22 | INFO    | goodware.engine |   node_id: None
2026-09-25T22:43:22 | INFO    | goodware.engine |   organization: None
2026-09-25T22:43:22 | INFO    | goodware.engine | ============================================================
2026-09-25T22:43:23 | INFO    | goodware.engine | Goodware stopped.
2026-09-25T22:43:23 | INFO    | goodware.engine | ============================================================
2026-09-25T22:43:23 | INFO    | goodware.engine | Goodware v3.0 starting...
2026-09-25T22:43:23 | INFO    | goodware.engine |   node_id: None
2026-09-25T22:43:23 | INFO    | goodware.engine |   organization: None
2026-09-25T22:43:23 | INFO    | goodware.engine | ============================================================
2026-09-25T22:43:23 | INFO    | goodware.engine | Goodware stopped.
2026-09-25T22:43:23 | INFO    | goodware.engine | ============================================================
2026-09-25T22:43:23 | INFO    | goodware.engine | Goodware v3.0 starting...
2026-09-25T22:43:23 | INFO    | goodware.engine |   node_id: None
2026-09-25T22:43:23 | INFO    | goodware.engine |   organization: None
2026-09-25T22:43:23 | INFO    | goodware.engine | ============================================================
2026-09-25T22:43:23 | INFO    | goodware.engine | Goodware stopped.
2026-09-25T22:43:23 | INFO    | goodware.engine | ============================================================
2026-09-25T22:43:23 | INFO    | goodware.engine | Goodware v3.0 starting...
2026-09-25T22:43:23 | INFO    | goodware.engine |   node_id: None
2026-09-25T22:43:23 | INFO    | goodware.engine |   organization: None
2026-09-25T22:43:23 | INFO    | goodware.engine | ============================================================
2026-09-25T22:43:23 | INFO    | goodware.engine | Goodware stopped.
2026-09-25T22:43:24 | INFO    | goodware.engine | ============================================================
2026-09-25T22:43:24 | INFO    | goodware.engine | Goodware v3.0 starting...
2026-09-25T22:43:24 | INFO    | goodware.engine |   node_id: None
2026-09-25T22:43:24 | INFO    | goodware.engine |   organization: None
2026-09-25T22:43:24 | INFO    | goodware.engine | ============================================================
2026-09-25T22:43:24 | INFO    | goodware.engine | Goodware stopped.
2026-09-25T22:43:24 | INFO    | goodware.engine | ============================================================
2026-09-25T22:43:24 | INFO    | goodware.engine | Goodware v3.0 starting...
2026-09-25T22:43:24 | INFO    | goodware.engine |   node_id: None
2026-09-25T22:43:24 | INFO    | goodware.engine |   organization: None
2026-09-25T22:43:24 | INFO    | goodware.engine | ============================================================
2026-09-25T22:43:24 | INFO    | goodware.engine | Goodware stopped.
2026-09-25T22:43:46 | INFO    | goodware.engine | component registered: filesystem
2026-09-25T22:43:46 | INFO    | goodware.engine | component registered: process
2026-09-25T22:43:46 | INFO    | goodware.engine | component registered: network
2026-09-25T22:43:46 | INFO    | goodware.engine | component registered: memory
2026-09-25T22:43:46 | INFO    | goodware.engine | component registered: config
2026-09-25T22:43:46 | INFO    | goodware.engine | component registered: behavior
2026-09-25T22:43:46 | INFO    | goodware.engine | component registered: quantum
2026-09-25T22:43:46 | INFO    | goodware.engine |   watching 4 paths: ['/etc', '/usr/local/bin', '/usr/bin', '/tmp']
2026-09-25T22:43:49 | INFO    | goodware.engine | component registered: threat
2026-09-25T22:43:49 | INFO    | goodware.engine | component registered: anomaly
2026-09-25T22:43:49 | INFO    | goodware.engine | component registered: simulator
2026-09-25T22:43:50 | INFO    | goodware.engine | component registered: federated-server
2026-09-25T22:43:50 | INFO    | goodware.engine | component registered: federated-client
2026-09-25T22:43:50 | INFO    | goodware.engine | federated server listening on 127.0.0.1:8443
2026-09-25T22:43:51 | INFO    | goodware.engine | component registered: decision-engine
2026-09-25T22:43:52 | INFO    | goodware.engine | component registered: adaptive
2026-09-25T22:43:52 | INFO    | goodware.engine | component registered: mutation
2026-09-25T22:43:52 | INFO    | goodware.engine | component registered: zero_day
2026-09-25T22:43:59 | INFO    | goodware.engine | component registered: decision-engine
2026-09-25T22:43:59 | INFO    | goodware.engine | component registered: adaptive
2026-09-25T22:43:59 | INFO    | goodware.engine | component registered: mutation
2026-09-25T22:43:59 | INFO    | goodware.engine | component registered: zero_day
2026-09-25T22:43:59 | INFO    | goodware.engine | component registered: crypto
2026-09-25T22:43:59 | INFO    | goodware.engine | component registered: human-factor
2026-09-25T22:43:59 | INFO    | goodware.engine | component registered: decision
2026-09-25T22:43:59 | INFO    | goodware.engine | component registered: effector
2026-09-25T22:43:59 | INFO    | goodware.engine | component registered: chainsaw
2026-09-25T22:44:02 | INFO    | goodware.engine | component registered: immune
2026-09-25T22:44:02 | INFO    | goodware.engine | component registered: physical
2026-09-25T22:44:02 | INFO    | goodware.engine | component registered: supply-chain
2026-09-25T22:44:06 | INFO    | goodware.engine | ============================================================
2026-09-25T22:44:06 | INFO    | goodware.engine | Goodware v3.0 starting...
2026-09-25T22:44:06 | INFO    | goodware.engine |   node_id: None
2026-09-25T22:44:06 | INFO    | goodware.engine |   organization: None
2026-09-25T22:44:06 | INFO    | goodware.engine | ============================================================
2026-09-25T22:44:06 | INFO    | goodware.engine | Goodware stopped.
2026-09-25T22:44:06 | INFO    | goodware.engine | ============================================================
2026-09-25T22:44:06 | INFO    | goodware.engine | Goodware v3.0 starting...
2026-09-25T22:44:06 | INFO    | goodware.engine |   node_id: None
2026-09-25T22:44:06 | INFO    | goodware.engine |   organization: None
2026-09-25T22:44:06 | INFO    | goodware.engine | ============================================================
2026-09-25T22:44:06 | INFO    | goodware.engine | Goodware stopped.
2026-09-25T22:44:06 | INFO    | goodware.engine | hunter2
2026-09-25T22:44:07 | INFO    | goodware.engine | component registered: dummy
2026-09-25T22:44:07 | INFO    | goodware.engine | test
2026-09-25T22:44:07 | WARNING | goodware.engine | warn
2026-09-25T22:44:07 | ERROR   | goodware.engine | err
2026-09-25T22:44:08 | INFO    | goodware.engine | component registered: with_attach
2026-09-25T22:44:08 | INFO    | goodware.engine | component registered: dummy
2026-09-25T22:44:08 | INFO    | goodware.engine | ============================================================
2026-09-25T22:44:08 | INFO    | goodware.engine | Goodware v3.0 starting...
2026-09-25T22:44:08 | INFO    | goodware.engine |   node_id: None
2026-09-25T22:44:08 | INFO    | goodware.engine |   organization: None
2026-09-25T22:44:08 | INFO    | goodware.engine | ============================================================
2026-09-25T22:44:08 | INFO    | goodware.engine |   ✓ dummy running
2026-09-25T22:44:08 | INFO    | goodware.engine | Goodware stopped.
2026-09-25T22:44:10 | INFO    | goodware.engine | component registered: threat
2026-09-25T22:44:10 | INFO    | goodware.engine | component registered: anomaly
2026-09-25T22:44:10 | INFO    | goodware.engine | component registered: simulator
2026-09-25T22:44:10 | INFO    | goodware.engine | component registered: filesystem
2026-09-25T22:44:10 | INFO    | goodware.engine | component registered: process
2026-09-25T22:44:10 | INFO    | goodware.engine | component registered: network
2026-09-25T22:44:10 | INFO    | goodware.engine | component registered: memory
2026-09-25T22:44:10 | INFO    | goodware.engine | component registered: config
2026-09-25T22:44:10 | INFO    | goodware.engine | component registered: behavior
2026-09-25T22:44:10 | INFO    | goodware.engine | component registered: quantum
2026-09-25T22:44:10 | INFO    | goodware.engine | component registered: filesystem
2026-09-25T22:44:10 | INFO    | goodware.engine | component registered: process
2026-09-25T22:44:10 | INFO    | goodware.engine | component registered: network
2026-09-25T22:44:10 | INFO    | goodware.engine | component registered: memory
2026-09-25T22:44:10 | INFO    | goodware.engine | component registered: config
2026-09-25T22:44:10 | INFO    | goodware.engine | component registered: behavior
2026-09-25T22:44:10 | INFO    | goodware.engine | component registered: quantum
2026-09-25T22:44:10 | INFO    | goodware.engine | component registered: filesystem
2026-09-25T22:44:10 | INFO    | goodware.engine | component registered: process
2026-09-25T22:44:10 | INFO    | goodware.engine | component registered: network
2026-09-25T22:44:10 | INFO    | goodware.engine | component registered: memory
2026-09-25T22:44:10 | INFO    | goodware.engine | component registered: config
2026-09-25T22:44:10 | INFO    | goodware.engine | component registered: behavior
2026-09-25T22:44:10 | INFO    | goodware.engine | component registered: quantum
2026-09-25T22:44:10 | INFO    | goodware.engine | component registered: filesystem
2026-09-25T22:44:10 | INFO    | goodware.engine | component registered: process
2026-09-25T22:44:10 | INFO    | goodware.engine | component registered: network
2026-09-25T22:44:10 | INFO    | goodware.engine | component registered: memory
2026-09-25T22:44:10 | INFO    | goodware.engine | component registered: config
2026-09-25T22:44:10 | INFO    | goodware.engine | component registered: behavior
2026-09-25T22:44:10 | INFO    | goodware.engine | component registered: quantum
2026-09-25T22:44:10 | INFO    | goodware.engine | component registered: filesystem
2026-09-25T22:44:10 | INFO    | goodware.engine | component registered: process
2026-09-25T22:44:10 | INFO    | goodware.engine | component registered: network
2026-09-25T22:44:10 | INFO    | goodware.engine | component registered: memory
2026-09-25T22:44:10 | INFO    | goodware.engine | component registered: config
2026-09-25T22:44:10 | INFO    | goodware.engine | component registered: behavior
2026-09-25T22:44:10 | INFO    | goodware.engine | component registered: quantum
2026-09-25T22:44:10 | INFO    | goodware.engine | component registered: filesystem
2026-09-25T22:44:10 | INFO    | goodware.engine | component registered: process
2026-09-25T22:44:10 | INFO    | goodware.engine | component registered: network
2026-09-25T22:44:10 | INFO    | goodware.engine | component registered: memory
2026-09-25T22:44:10 | INFO    | goodware.engine | component registered: config
2026-09-25T22:44:10 | INFO    | goodware.engine | component registered: behavior
2026-09-25T22:44:10 | INFO    | goodware.engine | component registered: quantum
2026-09-25T22:44:10 | INFO    | goodware.engine | component registered: filesystem
2026-09-25T22:44:10 | INFO    | goodware.engine | component registered: process
2026-09-25T22:44:10 | INFO    | goodware.engine | component registered: network
2026-09-25T22:44:10 | INFO    | goodware.engine | component registered: memory
2026-09-25T22:44:10 | INFO    | goodware.engine | component registered: config
2026-09-25T22:44:10 | INFO    | goodware.engine | component registered: behavior
2026-09-25T22:44:10 | INFO    | goodware.engine | component registered: quantum
2026-09-25T22:44:10 | INFO    | goodware.engine | component registered: filesystem
2026-09-25T22:44:10 | INFO    | goodware.engine | component registered: process
2026-09-25T22:44:10 | INFO    | goodware.engine | component registered: network
2026-09-25T22:44:10 | INFO    | goodware.engine | component registered: memory
2026-09-25T22:44:10 | INFO    | goodware.engine | component registered: config
2026-09-25T22:44:10 | INFO    | goodware.engine | component registered: behavior
2026-09-25T22:44:10 | INFO    | goodware.engine | component registered: quantum
2026-09-25T22:44:11 | INFO    | goodware.engine | component registered: filesystem
2026-09-25T22:44:11 | INFO    | goodware.engine | component registered: process
2026-09-25T22:44:11 | INFO    | goodware.engine | component registered: network
2026-09-25T22:44:11 | INFO    | goodware.engine | component registered: memory
2026-09-25T22:44:11 | INFO    | goodware.engine | component registered: config
2026-09-25T22:44:11 | INFO    | goodware.engine | component registered: behavior
2026-09-25T22:44:11 | INFO    | goodware.engine | component registered: quantum
2026-09-25T22:44:11 | INFO    | goodware.engine | component registered: filesystem
2026-09-25T22:44:11 | INFO    | goodware.engine | component registered: process
2026-09-25T22:44:11 | INFO    | goodware.engine | component registered: network
2026-09-25T22:44:11 | INFO    | goodware.engine | component registered: memory
2026-09-25T22:44:11 | INFO    | goodware.engine | component registered: config
2026-09-25T22:44:11 | INFO    | goodware.engine | component registered: behavior
2026-09-25T22:44:11 | INFO    | goodware.engine | component registered: quantum
2026-09-25T22:44:11 | INFO    | goodware.engine | component registered: filesystem
2026-09-25T22:44:11 | INFO    | goodware.engine | component registered: process
2026-09-25T22:44:11 | INFO    | goodware.engine | component registered: network
2026-09-25T22:44:11 | INFO    | goodware.engine | component registered: memory
2026-09-25T22:44:11 | INFO    | goodware.engine | component registered: config
2026-09-25T22:44:11 | INFO    | goodware.engine | component registered: behavior
2026-09-25T22:44:11 | INFO    | goodware.engine | component registered: quantum
2026-09-25T22:44:11 | INFO    | goodware.engine | component registered: filesystem
2026-09-25T22:44:11 | INFO    | goodware.engine | component registered: process
2026-09-25T22:44:11 | INFO    | goodware.engine | component registered: network
2026-09-25T22:44:11 | INFO    | goodware.engine | component registered: memory
2026-09-25T22:44:11 | INFO    | goodware.engine | component registered: config
2026-09-25T22:44:11 | INFO    | goodware.engine | component registered: behavior
2026-09-25T22:44:11 | INFO    | goodware.engine | component registered: quantum
2026-09-25T22:44:11 | INFO    | goodware.engine | component registered: filesystem
2026-09-25T22:44:11 | INFO    | goodware.engine | component registered: process
2026-09-25T22:44:11 | INFO    | goodware.engine | component registered: network
2026-09-25T22:44:11 | INFO    | goodware.engine | component registered: memory
2026-09-25T22:44:11 | INFO    | goodware.engine | component registered: config
2026-09-25T22:44:11 | INFO    | goodware.engine | component registered: behavior
2026-09-25T22:44:11 | INFO    | goodware.engine | component registered: quantum
2026-09-25T22:44:11 | INFO    | goodware.engine | component registered: filesystem
2026-09-25T22:44:11 | INFO    | goodware.engine | component registered: process
2026-09-25T22:44:11 | INFO    | goodware.engine | component registered: network
2026-09-25T22:44:11 | INFO    | goodware.engine | component registered: memory
2026-09-25T22:44:11 | INFO    | goodware.engine | component registered: config
2026-09-25T22:44:11 | INFO    | goodware.engine | component registered: behavior
2026-09-25T22:44:11 | INFO    | goodware.engine | component registered: quantum
2026-09-25T22:44:11 | INFO    | goodware.engine | component registered: filesystem
2026-09-25T22:44:11 | INFO    | goodware.engine | component registered: process
2026-09-25T22:44:11 | INFO    | goodware.engine | component registered: network
2026-09-25T22:44:11 | INFO    | goodware.engine | component registered: memory
2026-09-25T22:44:11 | INFO    | goodware.engine | component registered: config
2026-09-25T22:44:11 | INFO    | goodware.engine | component registered: behavior
2026-09-25T22:44:11 | INFO    | goodware.engine | component registered: quantum
2026-09-25T22:44:11 | INFO    | goodware.engine | component registered: filesystem
2026-09-25T22:44:11 | INFO    | goodware.engine | component registered: process
2026-09-25T22:44:11 | INFO    | goodware.engine | component registered: network
2026-09-25T22:44:11 | INFO    | goodware.engine | component registered: memory
2026-09-25T22:44:11 | INFO    | goodware.engine | component registered: config
2026-09-25T22:44:11 | INFO    | goodware.engine | component registered: behavior
2026-09-25T22:44:11 | INFO    | goodware.engine | component registered: quantum
2026-09-25T22:44:11 | INFO    | goodware.engine |   watching 2 paths: ['/etc', '/tmp']
2026-09-25T22:44:11 | INFO    | goodware.engine | component registered: filesystem
2026-09-25T22:44:11 | INFO    | goodware.engine | component registered: process
2026-09-25T22:44:11 | INFO    | goodware.engine | component registered: network
2026-09-25T22:44:11 | INFO    | goodware.engine | component registered: memory
2026-09-25T22:44:11 | INFO    | goodware.engine | component registered: config
2026-09-25T22:44:11 | INFO    | goodware.engine | component registered: behavior
2026-09-25T22:44:11 | INFO    | goodware.engine | component registered: quantum
2026-09-25T22:44:11 | INFO    | goodware.engine | component registered: filesystem
2026-09-25T22:44:11 | INFO    | goodware.engine | component registered: process
2026-09-25T22:44:11 | INFO    | goodware.engine | component registered: network
2026-09-25T22:44:11 | INFO    | goodware.engine | component registered: memory
2026-09-25T22:44:11 | INFO    | goodware.engine | component registered: config
2026-09-25T22:44:11 | INFO    | goodware.engine | component registered: behavior
2026-09-25T22:44:11 | INFO    | goodware.engine | component registered: quantum
2026-09-25T22:44:11 | INFO    | goodware.engine | component registered: filesystem
2026-09-25T22:44:11 | INFO    | goodware.engine | component registered: process
2026-09-25T22:44:11 | INFO    | goodware.engine | component registered: network
2026-09-25T22:44:11 | INFO    | goodware.engine | component registered: memory
2026-09-25T22:44:11 | INFO    | goodware.engine | component registered: config
2026-09-25T22:44:11 | INFO    | goodware.engine | component registered: behavior
2026-09-25T22:44:11 | INFO    | goodware.engine | component registered: quantum
2026-09-25T22:44:11 | INFO    | goodware.engine | component registered: filesystem
2026-09-25T22:44:11 | INFO    | goodware.engine | component registered: process
2026-09-25T22:44:11 | INFO    | goodware.engine | component registered: network
2026-09-25T22:44:11 | INFO    | goodware.engine | component registered: memory
2026-09-25T22:44:11 | INFO    | goodware.engine | component registered: config
2026-09-25T22:44:11 | INFO    | goodware.engine | component registered: behavior
2026-09-25T22:44:11 | INFO    | goodware.engine | component registered: quantum
2026-09-25T22:44:11 | INFO    | goodware.engine | component registered: filesystem
2026-09-25T22:44:11 | INFO    | goodware.engine | component registered: process
2026-09-25T22:44:11 | INFO    | goodware.engine | component registered: network
2026-09-25T22:44:11 | INFO    | goodware.engine | component registered: memory
2026-09-25T22:44:11 | INFO    | goodware.engine | component registered: config
2026-09-25T22:44:11 | INFO    | goodware.engine | component registered: behavior
2026-09-25T22:44:11 | INFO    | goodware.engine | component registered: quantum
2026-09-25T22:44:11 | INFO    | goodware.engine | component registered: filesystem
2026-09-25T22:44:11 | INFO    | goodware.engine | component registered: process
2026-09-25T22:44:11 | INFO    | goodware.engine | component registered: network
2026-09-25T22:44:11 | INFO    | goodware.engine | component registered: memory
2026-09-25T22:44:11 | INFO    | goodware.engine | component registered: config
2026-09-25T22:44:11 | INFO    | goodware.engine | component registered: behavior
2026-09-25T22:44:11 | INFO    | goodware.engine | component registered: quantum
2026-09-25T22:44:11 | INFO    | goodware.engine | component registered: filesystem
2026-09-25T22:44:11 | INFO    | goodware.engine | component registered: process
2026-09-25T22:44:11 | INFO    | goodware.engine | component registered: network
2026-09-25T22:44:11 | INFO    | goodware.engine | component registered: memory
2026-09-25T22:44:11 | INFO    | goodware.engine | component registered: config
2026-09-25T22:44:11 | INFO    | goodware.engine | component registered: behavior
2026-09-25T22:44:11 | INFO    | goodware.engine | component registered: quantum
2026-09-25T22:44:11 | INFO    | goodware.engine | component registered: filesystem
2026-09-25T22:44:11 | INFO    | goodware.engine | component registered: process
2026-09-25T22:44:11 | INFO    | goodware.engine | component registered: network
2026-09-25T22:44:11 | INFO    | goodware.engine | component registered: memory
2026-09-25T22:44:11 | INFO    | goodware.engine | component registered: config
2026-09-25T22:44:11 | INFO    | goodware.engine | component registered: behavior
2026-09-25T22:44:11 | INFO    | goodware.engine | component registered: quantum
2026-09-25T22:44:12 | INFO    | goodware.engine | component registered: filesystem
2026-09-25T22:44:12 | INFO    | goodware.engine | component registered: process
2026-09-25T22:44:12 | INFO    | goodware.engine | component registered: network
2026-09-25T22:44:12 | INFO    | goodware.engine | component registered: memory
2026-09-25T22:44:12 | INFO    | goodware.engine | component registered: config
2026-09-25T22:44:12 | INFO    | goodware.engine | component registered: behavior
2026-09-25T22:44:12 | INFO    | goodware.engine | component registered: quantum
2026-09-25T22:44:12 | INFO    | goodware.engine | component registered: filesystem
2026-09-25T22:44:12 | INFO    | goodware.engine | component registered: process
2026-09-25T22:44:12 | INFO    | goodware.engine | component registered: network
2026-09-25T22:44:12 | INFO    | goodware.engine | component registered: memory
2026-09-25T22:44:12 | INFO    | goodware.engine | component registered: config
2026-09-25T22:44:12 | INFO    | goodware.engine | component registered: behavior
2026-09-25T22:44:12 | INFO    | goodware.engine | component registered: quantum
2026-09-25T22:44:12 | INFO    | goodware.engine | component registered: filesystem
2026-09-25T22:44:12 | INFO    | goodware.engine | component registered: process
2026-09-25T22:44:12 | INFO    | goodware.engine | component registered: network
2026-09-25T22:44:12 | INFO    | goodware.engine | component registered: memory
2026-09-25T22:44:12 | INFO    | goodware.engine | component registered: config
2026-09-25T22:44:12 | INFO    | goodware.engine | component registered: behavior
2026-09-25T22:44:12 | INFO    | goodware.engine | component registered: quantum
2026-09-25T22:44:12 | INFO    | goodware.engine | component registered: filesystem
2026-09-25T22:44:12 | INFO    | goodware.engine | component registered: process
2026-09-25T22:44:12 | INFO    | goodware.engine | component registered: network
2026-09-25T22:44:12 | INFO    | goodware.engine | component registered: memory
2026-09-25T22:44:12 | INFO    | goodware.engine | component registered: config
2026-09-25T22:44:12 | INFO    | goodware.engine | component registered: behavior
2026-09-25T22:44:12 | INFO    | goodware.engine | component registered: quantum
2026-09-25T22:44:12 | INFO    | goodware.engine | component registered: filesystem
2026-09-25T22:44:12 | INFO    | goodware.engine | component registered: process
2026-09-25T22:44:12 | INFO    | goodware.engine | component registered: network
2026-09-25T22:44:12 | INFO    | goodware.engine | component registered: memory
2026-09-25T22:44:12 | INFO    | goodware.engine | component registered: config
2026-09-25T22:44:12 | INFO    | goodware.engine | component registered: behavior
2026-09-25T22:44:12 | INFO    | goodware.engine | component registered: quantum
2026-09-25T22:44:12 | INFO    | goodware.engine | component registered: filesystem
2026-09-25T22:44:12 | INFO    | goodware.engine | component registered: process
2026-09-25T22:44:12 | INFO    | goodware.engine | component registered: network
2026-09-25T22:44:12 | INFO    | goodware.engine | component registered: memory
2026-09-25T22:44:12 | INFO    | goodware.engine | component registered: config
2026-09-25T22:44:12 | INFO    | goodware.engine | component registered: behavior
2026-09-25T22:44:12 | INFO    | goodware.engine | component registered: quantum
2026-09-25T22:44:12 | INFO    | goodware.engine | component registered: filesystem
2026-09-25T22:44:12 | INFO    | goodware.engine | component registered: process
2026-09-25T22:44:12 | INFO    | goodware.engine | component registered: network
2026-09-25T22:44:12 | INFO    | goodware.engine | component registered: memory
2026-09-25T22:44:12 | INFO    | goodware.engine | component registered: config
2026-09-25T22:44:12 | INFO    | goodware.engine | component registered: behavior
2026-09-25T22:44:12 | INFO    | goodware.engine | component registered: quantum
2026-09-25T22:44:12 | INFO    | goodware.engine | component registered: filesystem
2026-09-25T22:44:12 | INFO    | goodware.engine | component registered: process
2026-09-25T22:44:12 | INFO    | goodware.engine | component registered: network
2026-09-25T22:44:12 | INFO    | goodware.engine | component registered: memory
2026-09-25T22:44:12 | INFO    | goodware.engine | component registered: config
2026-09-25T22:44:12 | INFO    | goodware.engine | component registered: behavior
2026-09-25T22:44:12 | INFO    | goodware.engine | component registered: quantum
2026-09-25T22:44:12 | INFO    | goodware.engine |   watching 2 paths: ['/etc', '/tmp']
2026-09-25T22:44:12 | INFO    | goodware.engine | component registered: filesystem
2026-09-25T22:44:13 | INFO    | goodware.engine | component registered: process
2026-09-25T22:44:13 | INFO    | goodware.engine | component registered: network
2026-09-25T22:44:13 | INFO    | goodware.engine | component registered: memory
2026-09-25T22:44:13 | INFO    | goodware.engine | component registered: config
2026-09-25T22:44:13 | INFO    | goodware.engine | component registered: behavior
2026-09-25T22:44:13 | INFO    | goodware.engine | component registered: quantum
2026-09-25T22:44:13 | INFO    | goodware.engine |   watching 2 paths: ['/etc', '/tmp']
2026-09-25T22:44:13 | INFO    | goodware.engine | ============================================================
2026-09-25T22:44:13 | INFO    | goodware.engine | Goodware v3.0 starting...
2026-09-25T22:44:13 | INFO    | goodware.engine |   node_id: None
2026-09-25T22:44:13 | INFO    | goodware.engine |   organization: None
2026-09-25T22:44:13 | INFO    | goodware.engine | ============================================================
2026-09-25T22:44:13 | INFO    | goodware.engine | Goodware stopped.
2026-09-25T22:44:13 | INFO    | goodware.engine | ============================================================
2026-09-25T22:44:13 | INFO    | goodware.engine | Goodware v3.0 starting...
2026-09-25T22:44:13 | INFO    | goodware.engine |   node_id: None
2026-09-25T22:44:13 | INFO    | goodware.engine |   organization: None
2026-09-25T22:44:13 | INFO    | goodware.engine | ============================================================
2026-09-25T22:44:13 | INFO    | goodware.engine | Goodware stopped.
2026-09-25T22:44:13 | INFO    | goodware.engine | ============================================================
2026-09-25T22:44:13 | INFO    | goodware.engine | Goodware v3.0 starting...
2026-09-25T22:44:13 | INFO    | goodware.engine |   node_id: None
2026-09-25T22:44:13 | INFO    | goodware.engine |   organization: None
2026-09-25T22:44:13 | INFO    | goodware.engine | ============================================================
2026-09-25T22:44:14 | INFO    | goodware.engine | Goodware stopped.
2026-09-25T22:44:14 | INFO    | goodware.engine | ============================================================
2026-09-25T22:44:14 | INFO    | goodware.engine | Goodware v3.0 starting...
2026-09-25T22:44:14 | INFO    | goodware.engine |   node_id: None
2026-09-25T22:44:14 | INFO    | goodware.engine |   organization: None
2026-09-25T22:44:14 | INFO    | goodware.engine | ============================================================
2026-09-25T22:44:15 | INFO    | goodware.engine | Goodware stopped.
2026-09-25T22:44:15 | INFO    | goodware.engine | ============================================================
2026-09-25T22:44:15 | INFO    | goodware.engine | Goodware v3.0 starting...
2026-09-25T22:44:15 | INFO    | goodware.engine |   node_id: None
2026-09-25T22:44:15 | INFO    | goodware.engine |   organization: None
2026-09-25T22:44:15 | INFO    | goodware.engine | ============================================================
2026-09-25T22:44:15 | INFO    | goodware.engine | Goodware stopped.
2026-09-25T22:44:15 | INFO    | goodware.engine | ============================================================
2026-09-25T22:44:15 | INFO    | goodware.engine | Goodware v3.0 starting...
2026-09-25T22:44:15 | INFO    | goodware.engine |   node_id: None
2026-09-25T22:44:15 | INFO    | goodware.engine |   organization: None
2026-09-25T22:44:15 | INFO    | goodware.engine | ============================================================
2026-09-25T22:44:15 | INFO    | goodware.engine | Goodware stopped.
2026-09-25T22:44:15 | INFO    | goodware.engine | ============================================================
2026-09-25T22:44:15 | INFO    | goodware.engine | Goodware v3.0 starting...
2026-09-25T22:44:15 | INFO    | goodware.engine |   node_id: None
2026-09-25T22:44:15 | INFO    | goodware.engine |   organization: None
2026-09-25T22:44:15 | INFO    | goodware.engine | ============================================================
2026-09-25T22:44:15 | INFO    | goodware.engine | Goodware stopped.
2026-09-25T22:44:15 | INFO    | goodware.engine | ============================================================
2026-09-25T22:44:15 | INFO    | goodware.engine | Goodware v3.0 starting...
2026-09-25T22:44:15 | INFO    | goodware.engine |   node_id: None
2026-09-25T22:44:16 | INFO    | goodware.engine |   organization: None
2026-09-25T22:44:16 | INFO    | goodware.engine | ============================================================
2026-09-25T22:44:17 | INFO    | goodware.engine | Goodware stopped.
2026-09-25T22:44:17 | INFO    | goodware.engine | ============================================================
2026-09-25T22:44:17 | INFO    | goodware.engine | Goodware v3.0 starting...
2026-09-25T22:44:17 | INFO    | goodware.engine |   node_id: None
2026-09-25T22:44:17 | INFO    | goodware.engine |   organization: None
2026-09-25T22:44:17 | INFO    | goodware.engine | ============================================================
2026-09-25T22:44:17 | INFO    | goodware.engine | Goodware stopped.
2026-09-25T22:44:17 | INFO    | goodware.engine | ============================================================
2026-09-25T22:44:17 | INFO    | goodware.engine | Goodware v3.0 starting...
2026-09-25T22:44:17 | INFO    | goodware.engine |   node_id: None
2026-09-25T22:44:17 | INFO    | goodware.engine |   organization: None
2026-09-25T22:44:17 | INFO    | goodware.engine | ============================================================
2026-09-25T22:44:17 | INFO    | goodware.engine | Goodware stopped.
2026-09-25T22:44:17 | INFO    | goodware.engine | ============================================================
2026-09-25T22:44:17 | INFO    | goodware.engine | Goodware v3.0 starting...
2026-09-25T22:44:17 | INFO    | goodware.engine |   node_id: None
2026-09-25T22:44:17 | INFO    | goodware.engine |   organization: None
2026-09-25T22:44:17 | INFO    | goodware.engine | ============================================================
2026-09-25T22:44:17 | INFO    | goodware.engine | Goodware stopped.
2026-09-25T22:44:17 | INFO    | goodware.engine | ============================================================
2026-09-25T22:44:17 | INFO    | goodware.engine | Goodware v3.0 starting...
2026-09-25T22:44:17 | INFO    | goodware.engine |   node_id: None
2026-09-25T22:44:17 | INFO    | goodware.engine |   organization: None
2026-09-25T22:44:17 | INFO    | goodware.engine | ============================================================
2026-09-25T22:44:17 | INFO    | goodware.engine | Goodware stopped.
2026-09-25T22:44:17 | INFO    | goodware.engine | ============================================================
2026-09-25T22:44:17 | INFO    | goodware.engine | Goodware v3.0 starting...
2026-09-25T22:44:17 | INFO    | goodware.engine |   node_id: None
2026-09-25T22:44:17 | INFO    | goodware.engine |   organization: None
2026-09-25T22:44:17 | INFO    | goodware.engine | ============================================================
2026-09-25T22:44:17 | INFO    | goodware.engine | Goodware stopped.
2026-09-25T22:44:17 | INFO    | goodware.engine | ============================================================
2026-09-25T22:44:17 | INFO    | goodware.engine | Goodware v3.0 starting...
2026-09-25T22:44:17 | INFO    | goodware.engine |   node_id: None
2026-09-25T22:44:17 | INFO    | goodware.engine |   organization: None
2026-09-25T22:44:17 | INFO    | goodware.engine | ============================================================
2026-09-25T22:44:17 | INFO    | goodware.engine | Goodware stopped.
2026-09-25T22:44:17 | INFO    | goodware.engine | ============================================================
2026-09-25T22:44:17 | INFO    | goodware.engine | Goodware v3.0 starting...
2026-09-25T22:44:17 | INFO    | goodware.engine |   node_id: None
2026-09-25T22:44:17 | INFO    | goodware.engine |   organization: None
2026-09-25T22:44:17 | INFO    | goodware.engine | ============================================================
2026-09-25T22:44:17 | INFO    | goodware.engine | Goodware stopped.
2026-09-25T22:44:17 | INFO    | goodware.engine | ============================================================
2026-09-25T22:44:17 | INFO    | goodware.engine | Goodware v3.0 starting...
2026-09-25T22:44:17 | INFO    | goodware.engine |   node_id: None
2026-09-25T22:44:17 | INFO    | goodware.engine |   organization: None
2026-09-25T22:44:17 | INFO    | goodware.engine | ============================================================
2026-09-25T22:44:18 | INFO    | goodware.engine | Goodware stopped.
2026-09-25T22:44:18 | INFO    | goodware.engine | ============================================================
2026-09-25T22:44:18 | INFO    | goodware.engine | Goodware v3.0 starting...
2026-09-25T22:44:18 | INFO    | goodware.engine |   node_id: None
2026-09-25T22:44:18 | INFO    | goodware.engine |   organization: None
2026-09-25T22:44:18 | INFO    | goodware.engine | ============================================================
2026-09-25T22:44:18 | INFO    | goodware.engine | Goodware stopped.
2026-09-25T22:44:18 | INFO    | goodware.engine | ============================================================
2026-09-25T22:44:18 | INFO    | goodware.engine | Goodware v3.0 starting...
2026-09-25T22:44:18 | INFO    | goodware.engine |   node_id: None
2026-09-25T22:44:18 | INFO    | goodware.engine |   organization: None
2026-09-25T22:44:18 | INFO    | goodware.engine | ============================================================
2026-09-25T22:44:18 | INFO    | goodware.engine | Goodware stopped.
2026-09-25T22:44:18 | INFO    | goodware.engine | ============================================================
2026-09-25T22:44:18 | INFO    | goodware.engine | Goodware v3.0 starting...
2026-09-25T22:44:18 | INFO    | goodware.engine |   node_id: None
2026-09-25T22:44:18 | INFO    | goodware.engine |   organization: None
2026-09-25T22:44:18 | INFO    | goodware.engine | ============================================================
2026-09-25T22:44:18 | INFO    | goodware.engine | Goodware stopped.
2026-09-25T22:44:18 | INFO    | goodware.engine | ============================================================
2026-09-25T22:44:18 | INFO    | goodware.engine | Goodware v3.0 starting...
2026-09-25T22:44:18 | INFO    | goodware.engine |   node_id: None
2026-09-25T22:44:18 | INFO    | goodware.engine |   organization: None
2026-09-25T22:44:18 | INFO    | goodware.engine | ============================================================
2026-09-25T22:44:18 | INFO    | goodware.engine | Goodware stopped.
2026-09-25T22:44:19 | INFO    | goodware.engine | ============================================================
2026-09-25T22:44:19 | INFO    | goodware.engine | Goodware v3.0 starting...
2026-09-25T22:44:19 | INFO    | goodware.engine |   node_id: None
2026-09-25T22:44:19 | INFO    | goodware.engine |   organization: None
2026-09-25T22:44:19 | INFO    | goodware.engine | ============================================================
2026-09-25T22:44:19 | INFO    | goodware.engine | Goodware stopped.
2026-09-25T22:44:19 | INFO    | goodware.engine | ============================================================
2026-09-25T22:44:19 | INFO    | goodware.engine | Goodware v3.0 starting...
2026-09-25T22:44:19 | INFO    | goodware.engine |   node_id: None
2026-09-25T22:44:19 | INFO    | goodware.engine |   organization: None
2026-09-25T22:44:19 | INFO    | goodware.engine | ============================================================
2026-09-25T22:44:19 | INFO    | goodware.engine | Goodware stopped.
2026-09-25T22:44:48 | INFO    | goodware.engine | ============================================================
2026-09-25T22:44:48 | INFO    | goodware.engine | Goodware v3.0 starting...
2026-09-25T22:44:48 | INFO    | goodware.engine |   node_id: None
2026-09-25T22:44:48 | INFO    | goodware.engine |   organization: None
2026-09-25T22:44:48 | INFO    | goodware.engine | ============================================================
2026-09-25T22:45:29 | INFO    | goodware.engine | component registered: filesystem
2026-09-25T22:45:29 | INFO    | goodware.engine | component registered: process
2026-09-25T22:45:29 | INFO    | goodware.engine | component registered: network
2026-09-25T22:45:29 | INFO    | goodware.engine | component registered: memory
2026-09-25T22:45:29 | INFO    | goodware.engine | component registered: config
2026-09-25T22:45:29 | INFO    | goodware.engine | component registered: behavior
2026-09-25T22:45:29 | INFO    | goodware.engine | component registered: quantum
2026-09-25T22:45:29 | INFO    | goodware.engine |   watching 4 paths: ['/etc', '/usr/local/bin', '/usr/bin', '/tmp']
2026-09-25T22:45:32 | INFO    | goodware.engine | component registered: threat
2026-09-25T22:45:32 | INFO    | goodware.engine | component registered: anomaly
2026-09-25T22:45:32 | INFO    | goodware.engine | component registered: simulator
2026-09-25T22:45:33 | INFO    | goodware.engine | component registered: federated-server
2026-09-25T22:45:33 | INFO    | goodware.engine | component registered: federated-client
2026-09-25T22:45:33 | INFO    | goodware.engine | federated server listening on 127.0.0.1:8443
2026-09-25T22:45:35 | INFO    | goodware.engine | component registered: decision-engine
2026-09-25T22:45:35 | INFO    | goodware.engine | component registered: adaptive
2026-09-25T22:45:35 | INFO    | goodware.engine | component registered: mutation
2026-09-25T22:45:35 | INFO    | goodware.engine | component registered: zero_day
2026-09-25T22:45:43 | INFO    | goodware.engine | component registered: decision-engine
2026-09-25T22:45:43 | INFO    | goodware.engine | component registered: adaptive
2026-09-25T22:45:43 | INFO    | goodware.engine | component registered: mutation
2026-09-25T22:45:43 | INFO    | goodware.engine | component registered: zero_day
2026-09-25T22:45:43 | INFO    | goodware.engine | component registered: crypto
2026-09-25T22:45:43 | INFO    | goodware.engine | component registered: human-factor
2026-09-25T22:45:43 | INFO    | goodware.engine | component registered: decision
2026-09-25T22:45:43 | INFO    | goodware.engine | component registered: effector
2026-09-25T22:45:43 | INFO    | goodware.engine | component registered: chainsaw
2026-09-25T22:45:46 | INFO    | goodware.engine | component registered: immune
2026-09-25T22:45:46 | INFO    | goodware.engine | component registered: physical
2026-09-25T22:45:46 | INFO    | goodware.engine | component registered: supply-chain
2026-09-25T22:45:50 | INFO    | goodware.engine | ============================================================
2026-09-25T22:45:50 | INFO    | goodware.engine | Goodware v3.0 starting...
2026-09-25T22:45:50 | INFO    | goodware.engine |   node_id: None
2026-09-25T22:45:50 | INFO    | goodware.engine |   organization: None
2026-09-25T22:45:50 | INFO    | goodware.engine | ============================================================
2026-09-25T22:45:50 | INFO    | goodware.engine | Goodware stopped.
2026-09-25T22:45:50 | INFO    | goodware.engine | ============================================================
2026-09-25T22:45:50 | INFO    | goodware.engine | Goodware v3.0 starting...
2026-09-25T22:45:50 | INFO    | goodware.engine |   node_id: None
2026-09-25T22:45:50 | INFO    | goodware.engine |   organization: None
2026-09-25T22:45:50 | INFO    | goodware.engine | ============================================================
2026-09-25T22:45:50 | INFO    | goodware.engine | Goodware stopped.
2026-09-25T22:45:50 | INFO    | goodware.engine | hunter2
2026-09-25T22:45:51 | INFO    | goodware.engine | component registered: dummy
2026-09-25T22:45:51 | INFO    | goodware.engine | test
2026-09-25T22:45:51 | WARNING | goodware.engine | warn
2026-09-25T22:45:51 | ERROR   | goodware.engine | err
2026-09-25T22:45:52 | INFO    | goodware.engine | component registered: with_attach
2026-09-25T22:45:52 | INFO    | goodware.engine | component registered: dummy
2026-09-25T22:45:52 | INFO    | goodware.engine | ============================================================
2026-09-25T22:45:52 | INFO    | goodware.engine | Goodware v3.0 starting...
2026-09-25T22:45:52 | INFO    | goodware.engine |   node_id: None
2026-09-25T22:45:52 | INFO    | goodware.engine |   organization: None
2026-09-25T22:45:52 | INFO    | goodware.engine | ============================================================
2026-09-25T22:45:52 | INFO    | goodware.engine |   ✓ dummy running
2026-09-25T22:45:52 | INFO    | goodware.engine | Goodware stopped.
2026-09-25T22:45:54 | INFO    | goodware.engine | component registered: threat
2026-09-25T22:45:54 | INFO    | goodware.engine | component registered: anomaly
2026-09-25T22:45:54 | INFO    | goodware.engine | component registered: simulator
2026-09-25T22:45:54 | INFO    | goodware.engine | component registered: filesystem
2026-09-25T22:45:54 | INFO    | goodware.engine | component registered: process
2026-09-25T22:45:54 | INFO    | goodware.engine | component registered: network
2026-09-25T22:45:54 | INFO    | goodware.engine | component registered: memory
2026-09-25T22:45:54 | INFO    | goodware.engine | component registered: config
2026-09-25T22:45:54 | INFO    | goodware.engine | component registered: behavior
2026-09-25T22:45:54 | INFO    | goodware.engine | component registered: quantum
2026-09-25T22:45:54 | INFO    | goodware.engine | component registered: filesystem
2026-09-25T22:45:54 | INFO    | goodware.engine | component registered: process
2026-09-25T22:45:54 | INFO    | goodware.engine | component registered: network
2026-09-25T22:45:54 | INFO    | goodware.engine | component registered: memory
2026-09-25T22:45:54 | INFO    | goodware.engine | component registered: config
2026-09-25T22:45:54 | INFO    | goodware.engine | component registered: behavior
2026-09-25T22:45:54 | INFO    | goodware.engine | component registered: quantum
2026-09-25T22:45:54 | INFO    | goodware.engine | component registered: filesystem
2026-09-25T22:45:54 | INFO    | goodware.engine | component registered: process
2026-09-25T22:45:54 | INFO    | goodware.engine | component registered: network
2026-09-25T22:45:54 | INFO    | goodware.engine | component registered: memory
2026-09-25T22:45:54 | INFO    | goodware.engine | component registered: config
2026-09-25T22:45:54 | INFO    | goodware.engine | component registered: behavior
2026-09-25T22:45:54 | INFO    | goodware.engine | component registered: quantum
2026-09-25T22:45:54 | INFO    | goodware.engine | component registered: filesystem
2026-09-25T22:45:54 | INFO    | goodware.engine | component registered: process
2026-09-25T22:45:54 | INFO    | goodware.engine | component registered: network
2026-09-25T22:45:54 | INFO    | goodware.engine | component registered: memory
2026-09-25T22:45:54 | INFO    | goodware.engine | component registered: config
2026-09-25T22:45:54 | INFO    | goodware.engine | component registered: behavior
2026-09-25T22:45:54 | INFO    | goodware.engine | component registered: quantum
2026-09-25T22:45:54 | INFO    | goodware.engine | component registered: filesystem
2026-09-25T22:45:54 | INFO    | goodware.engine | component registered: process
2026-09-25T22:45:54 | INFO    | goodware.engine | component registered: network
2026-09-25T22:45:54 | INFO    | goodware.engine | component registered: memory
2026-09-25T22:45:54 | INFO    | goodware.engine | component registered: config
2026-09-25T22:45:54 | INFO    | goodware.engine | component registered: behavior
2026-09-25T22:45:54 | INFO    | goodware.engine | component registered: quantum
2026-09-25T22:45:54 | INFO    | goodware.engine | component registered: filesystem
2026-09-25T22:45:54 | INFO    | goodware.engine | component registered: process
2026-09-25T22:45:54 | INFO    | goodware.engine | component registered: network
2026-09-25T22:45:54 | INFO    | goodware.engine | component registered: memory
2026-09-25T22:45:54 | INFO    | goodware.engine | component registered: config
2026-09-25T22:45:55 | INFO    | goodware.engine | component registered: behavior
2026-09-25T22:45:55 | INFO    | goodware.engine | component registered: quantum
2026-09-25T22:45:55 | INFO    | goodware.engine | component registered: filesystem
2026-09-25T22:45:55 | INFO    | goodware.engine | component registered: process
2026-09-25T22:45:55 | INFO    | goodware.engine | component registered: network
2026-09-25T22:45:55 | INFO    | goodware.engine | component registered: memory
2026-09-25T22:45:55 | INFO    | goodware.engine | component registered: config
2026-09-25T22:45:55 | INFO    | goodware.engine | component registered: behavior
2026-09-25T22:45:55 | INFO    | goodware.engine | component registered: quantum
2026-09-25T22:45:55 | INFO    | goodware.engine | component registered: filesystem
2026-09-25T22:45:55 | INFO    | goodware.engine | component registered: process
2026-09-25T22:45:55 | INFO    | goodware.engine | component registered: network
2026-09-25T22:45:55 | INFO    | goodware.engine | component registered: memory
2026-09-25T22:45:55 | INFO    | goodware.engine | component registered: config
2026-09-25T22:45:55 | INFO    | goodware.engine | component registered: behavior
2026-09-25T22:45:55 | INFO    | goodware.engine | component registered: quantum
2026-09-25T22:45:55 | INFO    | goodware.engine | component registered: filesystem
2026-09-25T22:45:55 | INFO    | goodware.engine | component registered: process
2026-09-25T22:45:55 | INFO    | goodware.engine | component registered: network
2026-09-25T22:45:55 | INFO    | goodware.engine | component registered: memory
2026-09-25T22:45:55 | INFO    | goodware.engine | component registered: config
2026-09-25T22:45:55 | INFO    | goodware.engine | component registered: behavior
2026-09-25T22:45:55 | INFO    | goodware.engine | component registered: quantum
2026-09-25T22:45:55 | INFO    | goodware.engine | component registered: filesystem
2026-09-25T22:45:55 | INFO    | goodware.engine | component registered: process
2026-09-25T22:45:55 | INFO    | goodware.engine | component registered: network
2026-09-25T22:45:55 | INFO    | goodware.engine | component registered: memory
2026-09-25T22:45:55 | INFO    | goodware.engine | component registered: config
2026-09-25T22:45:55 | INFO    | goodware.engine | component registered: behavior
2026-09-25T22:45:55 | INFO    | goodware.engine | component registered: quantum
2026-09-25T22:45:55 | INFO    | goodware.engine | component registered: filesystem
2026-09-25T22:45:55 | INFO    | goodware.engine | component registered: process
2026-09-25T22:45:55 | INFO    | goodware.engine | component registered: network
2026-09-25T22:45:55 | INFO    | goodware.engine | component registered: memory
2026-09-25T22:45:55 | INFO    | goodware.engine | component registered: config
2026-09-25T22:45:55 | INFO    | goodware.engine | component registered: behavior
2026-09-25T22:45:55 | INFO    | goodware.engine | component registered: quantum
2026-09-25T22:45:55 | INFO    | goodware.engine | component registered: filesystem
2026-09-25T22:45:55 | INFO    | goodware.engine | component registered: process
2026-09-25T22:45:55 | INFO    | goodware.engine | component registered: network
2026-09-25T22:45:55 | INFO    | goodware.engine | component registered: memory
2026-09-25T22:45:55 | INFO    | goodware.engine | component registered: config
2026-09-25T22:45:55 | INFO    | goodware.engine | component registered: behavior
2026-09-25T22:45:55 | INFO    | goodware.engine | component registered: quantum
2026-09-25T22:45:55 | INFO    | goodware.engine | component registered: filesystem
2026-09-25T22:45:55 | INFO    | goodware.engine | component registered: process
2026-09-25T22:45:55 | INFO    | goodware.engine | component registered: network
2026-09-25T22:45:55 | INFO    | goodware.engine | component registered: memory
2026-09-25T22:45:55 | INFO    | goodware.engine | component registered: config
2026-09-25T22:45:55 | INFO    | goodware.engine | component registered: behavior
2026-09-25T22:45:55 | INFO    | goodware.engine | component registered: quantum
2026-09-25T22:45:55 | INFO    | goodware.engine | component registered: filesystem
2026-09-25T22:45:55 | INFO    | goodware.engine | component registered: process
2026-09-25T22:45:55 | INFO    | goodware.engine | component registered: network
2026-09-25T22:45:55 | INFO    | goodware.engine | component registered: memory
2026-09-25T22:45:55 | INFO    | goodware.engine | component registered: config
2026-09-25T22:45:55 | INFO    | goodware.engine | component registered: behavior
2026-09-25T22:45:55 | INFO    | goodware.engine | component registered: quantum
2026-09-25T22:45:55 | INFO    | goodware.engine | component registered: filesystem
2026-09-25T22:45:55 | INFO    | goodware.engine | component registered: process
2026-09-25T22:45:55 | INFO    | goodware.engine | component registered: network
2026-09-25T22:45:55 | INFO    | goodware.engine | component registered: memory
2026-09-25T22:45:55 | INFO    | goodware.engine | component registered: config
2026-09-25T22:45:55 | INFO    | goodware.engine | component registered: behavior
2026-09-25T22:45:55 | INFO    | goodware.engine | component registered: quantum
2026-09-25T22:45:55 | INFO    | goodware.engine | component registered: filesystem
2026-09-25T22:45:55 | INFO    | goodware.engine | component registered: process
2026-09-25T22:45:55 | INFO    | goodware.engine | component registered: network
2026-09-25T22:45:55 | INFO    | goodware.engine | component registered: memory
2026-09-25T22:45:55 | INFO    | goodware.engine | component registered: config
2026-09-25T22:45:55 | INFO    | goodware.engine | component registered: behavior
2026-09-25T22:45:55 | INFO    | goodware.engine | component registered: quantum
2026-09-25T22:45:55 | INFO    | goodware.engine |   watching 2 paths: ['/etc', '/tmp']
2026-09-25T22:45:56 | INFO    | goodware.engine | component registered: filesystem
2026-09-25T22:45:56 | INFO    | goodware.engine | component registered: process
2026-09-25T22:45:56 | INFO    | goodware.engine | component registered: network
2026-09-25T22:45:56 | INFO    | goodware.engine | component registered: memory
2026-09-25T22:45:56 | INFO    | goodware.engine | component registered: config
2026-09-25T22:45:56 | INFO    | goodware.engine | component registered: behavior
2026-09-25T22:45:56 | INFO    | goodware.engine | component registered: quantum
2026-09-25T22:45:56 | INFO    | goodware.engine | component registered: filesystem
2026-09-25T22:45:56 | INFO    | goodware.engine | component registered: process
2026-09-25T22:45:56 | INFO    | goodware.engine | component registered: network
2026-09-25T22:45:56 | INFO    | goodware.engine | component registered: memory
2026-09-25T22:45:56 | INFO    | goodware.engine | component registered: config
2026-09-25T22:45:56 | INFO    | goodware.engine | component registered: behavior
2026-09-25T22:45:56 | INFO    | goodware.engine | component registered: quantum
2026-09-25T22:45:56 | INFO    | goodware.engine | component registered: filesystem
2026-09-25T22:45:56 | INFO    | goodware.engine | component registered: process
2026-09-25T22:45:56 | INFO    | goodware.engine | component registered: network
2026-09-25T22:45:56 | INFO    | goodware.engine | component registered: memory
2026-09-25T22:45:56 | INFO    | goodware.engine | component registered: config
2026-09-25T22:45:56 | INFO    | goodware.engine | component registered: behavior
2026-09-25T22:45:56 | INFO    | goodware.engine | component registered: quantum
2026-09-25T22:45:56 | INFO    | goodware.engine | component registered: filesystem
2026-09-25T22:45:56 | INFO    | goodware.engine | component registered: process
2026-09-25T22:45:56 | INFO    | goodware.engine | component registered: network
2026-09-25T22:45:56 | INFO    | goodware.engine | component registered: memory
2026-09-25T22:45:56 | INFO    | goodware.engine | component registered: config
2026-09-25T22:45:56 | INFO    | goodware.engine | component registered: behavior
2026-09-25T22:45:56 | INFO    | goodware.engine | component registered: quantum
2026-09-25T22:45:56 | INFO    | goodware.engine | component registered: filesystem
2026-09-25T22:45:56 | INFO    | goodware.engine | component registered: process
2026-09-25T22:45:56 | INFO    | goodware.engine | component registered: network
2026-09-25T22:45:56 | INFO    | goodware.engine | component registered: memory
2026-09-25T22:45:56 | INFO    | goodware.engine | component registered: config
2026-09-25T22:45:56 | INFO    | goodware.engine | component registered: behavior
2026-09-25T22:45:56 | INFO    | goodware.engine | component registered: quantum
2026-09-25T22:45:56 | INFO    | goodware.engine | component registered: filesystem
2026-09-25T22:45:56 | INFO    | goodware.engine | component registered: process
2026-09-25T22:45:56 | INFO    | goodware.engine | component registered: network
2026-09-25T22:45:56 | INFO    | goodware.engine | component registered: memory
2026-09-25T22:45:56 | INFO    | goodware.engine | component registered: config
2026-09-25T22:45:56 | INFO    | goodware.engine | component registered: behavior
2026-09-25T22:45:56 | INFO    | goodware.engine | component registered: quantum
2026-09-25T22:45:56 | INFO    | goodware.engine | component registered: filesystem
2026-09-25T22:45:56 | INFO    | goodware.engine | component registered: process
2026-09-25T22:45:56 | INFO    | goodware.engine | component registered: network
2026-09-25T22:45:56 | INFO    | goodware.engine | component registered: memory
2026-09-25T22:45:56 | INFO    | goodware.engine | component registered: config
2026-09-25T22:45:56 | INFO    | goodware.engine | component registered: behavior
2026-09-25T22:45:56 | INFO    | goodware.engine | component registered: quantum
2026-09-25T22:45:56 | INFO    | goodware.engine | component registered: filesystem
2026-09-25T22:45:56 | INFO    | goodware.engine | component registered: process
2026-09-25T22:45:56 | INFO    | goodware.engine | component registered: network
2026-09-25T22:45:56 | INFO    | goodware.engine | component registered: memory
2026-09-25T22:45:56 | INFO    | goodware.engine | component registered: config
2026-09-25T22:45:56 | INFO    | goodware.engine | component registered: behavior
2026-09-25T22:45:56 | INFO    | goodware.engine | component registered: quantum
2026-09-25T22:45:56 | INFO    | goodware.engine | component registered: filesystem
2026-09-25T22:45:56 | INFO    | goodware.engine | component registered: process
2026-09-25T22:45:56 | INFO    | goodware.engine | component registered: network
2026-09-25T22:45:56 | INFO    | goodware.engine | component registered: memory
2026-09-25T22:45:56 | INFO    | goodware.engine | component registered: config
2026-09-25T22:45:56 | INFO    | goodware.engine | component registered: behavior
2026-09-25T22:45:56 | INFO    | goodware.engine | component registered: quantum
2026-09-25T22:45:56 | INFO    | goodware.engine | component registered: filesystem
2026-09-25T22:45:56 | INFO    | goodware.engine | component registered: process
2026-09-25T22:45:56 | INFO    | goodware.engine | component registered: network
2026-09-25T22:45:56 | INFO    | goodware.engine | component registered: memory
2026-09-25T22:45:56 | INFO    | goodware.engine | component registered: config
2026-09-25T22:45:56 | INFO    | goodware.engine | component registered: behavior
2026-09-25T22:45:56 | INFO    | goodware.engine | component registered: quantum
2026-09-25T22:45:56 | INFO    | goodware.engine | component registered: filesystem
2026-09-25T22:45:56 | INFO    | goodware.engine | component registered: process
2026-09-25T22:45:56 | INFO    | goodware.engine | component registered: network
2026-09-25T22:45:56 | INFO    | goodware.engine | component registered: memory
2026-09-25T22:45:56 | INFO    | goodware.engine | component registered: config
2026-09-25T22:45:56 | INFO    | goodware.engine | component registered: behavior
2026-09-25T22:45:56 | INFO    | goodware.engine | component registered: quantum
2026-09-25T22:45:56 | INFO    | goodware.engine | component registered: filesystem
2026-09-25T22:45:56 | INFO    | goodware.engine | component registered: process
2026-09-25T22:45:56 | INFO    | goodware.engine | component registered: network
2026-09-25T22:45:56 | INFO    | goodware.engine | component registered: memory
2026-09-25T22:45:56 | INFO    | goodware.engine | component registered: config
2026-09-25T22:45:56 | INFO    | goodware.engine | component registered: behavior
2026-09-25T22:45:56 | INFO    | goodware.engine | component registered: quantum
2026-09-25T22:45:56 | INFO    | goodware.engine | component registered: filesystem
2026-09-25T22:45:56 | INFO    | goodware.engine | component registered: process
2026-09-25T22:45:56 | INFO    | goodware.engine | component registered: network
2026-09-25T22:45:56 | INFO    | goodware.engine | component registered: memory
2026-09-25T22:45:56 | INFO    | goodware.engine | component registered: config
2026-09-25T22:45:56 | INFO    | goodware.engine | component registered: behavior
2026-09-25T22:45:56 | INFO    | goodware.engine | component registered: quantum
2026-09-25T22:45:57 | INFO    | goodware.engine | component registered: filesystem
2026-09-25T22:45:57 | INFO    | goodware.engine | component registered: process
2026-09-25T22:45:57 | INFO    | goodware.engine | component registered: network
2026-09-25T22:45:57 | INFO    | goodware.engine | component registered: memory
2026-09-25T22:45:57 | INFO    | goodware.engine | component registered: config
2026-09-25T22:45:57 | INFO    | goodware.engine | component registered: behavior
2026-09-25T22:45:57 | INFO    | goodware.engine | component registered: quantum
2026-09-25T22:45:57 | INFO    | goodware.engine | component registered: filesystem
2026-09-25T22:45:57 | INFO    | goodware.engine | component registered: process
2026-09-25T22:45:57 | INFO    | goodware.engine | component registered: network
2026-09-25T22:45:57 | INFO    | goodware.engine | component registered: memory
2026-09-25T22:45:57 | INFO    | goodware.engine | component registered: config
2026-09-25T22:45:57 | INFO    | goodware.engine | component registered: behavior
2026-09-25T22:45:57 | INFO    | goodware.engine | component registered: quantum
2026-09-25T22:45:57 | INFO    | goodware.engine | component registered: filesystem
2026-09-25T22:45:57 | INFO    | goodware.engine | component registered: process
2026-09-25T22:45:57 | INFO    | goodware.engine | component registered: network
2026-09-25T22:45:57 | INFO    | goodware.engine | component registered: memory
2026-09-25T22:45:57 | INFO    | goodware.engine | component registered: config
2026-09-25T22:45:57 | INFO    | goodware.engine | component registered: behavior
2026-09-25T22:45:57 | INFO    | goodware.engine | component registered: quantum
2026-09-25T22:45:57 | INFO    | goodware.engine |   watching 2 paths: ['/etc', '/tmp']
2026-09-25T22:45:57 | INFO    | goodware.engine | component registered: filesystem
2026-09-25T22:45:57 | INFO    | goodware.engine | component registered: process
2026-09-25T22:45:57 | INFO    | goodware.engine | component registered: network
2026-09-25T22:45:57 | INFO    | goodware.engine | component registered: memory
2026-09-25T22:45:57 | INFO    | goodware.engine | component registered: config
2026-09-25T22:45:57 | INFO    | goodware.engine | component registered: behavior
2026-09-25T22:45:57 | INFO    | goodware.engine | component registered: quantum
2026-09-25T22:45:57 | INFO    | goodware.engine |   watching 2 paths: ['/etc', '/tmp']
2026-09-25T22:45:58 | INFO    | goodware.engine | ============================================================
2026-09-25T22:45:58 | INFO    | goodware.engine | Goodware v3.0 starting...
2026-09-25T22:45:58 | INFO    | goodware.engine |   node_id: None
2026-09-25T22:45:58 | INFO    | goodware.engine |   organization: None
2026-09-25T22:45:58 | INFO    | goodware.engine | ============================================================
2026-09-25T22:45:58 | INFO    | goodware.engine | Goodware stopped.
2026-09-25T22:45:58 | INFO    | goodware.engine | ============================================================
2026-09-25T22:45:58 | INFO    | goodware.engine | Goodware v3.0 starting...
2026-09-25T22:45:58 | INFO    | goodware.engine |   node_id: None
2026-09-25T22:45:58 | INFO    | goodware.engine |   organization: None
2026-09-25T22:45:58 | INFO    | goodware.engine | ============================================================
2026-09-25T22:45:59 | INFO    | goodware.engine | Goodware stopped.
2026-09-25T22:45:59 | INFO    | goodware.engine | ============================================================
2026-09-25T22:45:59 | INFO    | goodware.engine | Goodware v3.0 starting...
2026-09-25T22:45:59 | INFO    | goodware.engine |   node_id: None
2026-09-25T22:45:59 | INFO    | goodware.engine |   organization: None
2026-09-25T22:45:59 | INFO    | goodware.engine | ============================================================
2026-09-25T22:45:59 | INFO    | goodware.engine | Goodware stopped.
2026-09-25T22:45:59 | INFO    | goodware.engine | ============================================================
2026-09-25T22:45:59 | INFO    | goodware.engine | Goodware v3.0 starting...
2026-09-25T22:45:59 | INFO    | goodware.engine |   node_id: None
2026-09-25T22:45:59 | INFO    | goodware.engine |   organization: None
2026-09-25T22:45:59 | INFO    | goodware.engine | ============================================================
2026-09-25T22:45:59 | INFO    | goodware.engine | Goodware stopped.
2026-09-25T22:45:59 | INFO    | goodware.engine | ============================================================
2026-09-25T22:45:59 | INFO    | goodware.engine | Goodware v3.0 starting...
2026-09-25T22:45:59 | INFO    | goodware.engine |   node_id: None
2026-09-25T22:45:59 | INFO    | goodware.engine |   organization: None
2026-09-25T22:45:59 | INFO    | goodware.engine | ============================================================
2026-09-25T22:45:59 | INFO    | goodware.engine | Goodware stopped.
2026-09-25T22:45:59 | INFO    | goodware.engine | ============================================================
2026-09-25T22:45:59 | INFO    | goodware.engine | Goodware v3.0 starting...
2026-09-25T22:45:59 | INFO    | goodware.engine |   node_id: None
2026-09-25T22:45:59 | INFO    | goodware.engine |   organization: None
2026-09-25T22:45:59 | INFO    | goodware.engine | ============================================================
2026-09-25T22:46:00 | INFO    | goodware.engine | Goodware stopped.
2026-09-25T22:46:00 | INFO    | goodware.engine | ============================================================
2026-09-25T22:46:00 | INFO    | goodware.engine | Goodware v3.0 starting...
2026-09-25T22:46:00 | INFO    | goodware.engine |   node_id: None
2026-09-25T22:46:00 | INFO    | goodware.engine |   organization: None
2026-09-25T22:46:00 | INFO    | goodware.engine | ============================================================
2026-09-25T22:46:00 | INFO    | goodware.engine | Goodware stopped.
2026-09-25T22:46:00 | INFO    | goodware.engine | ============================================================
2026-09-25T22:46:00 | INFO    | goodware.engine | Goodware v3.0 starting...
2026-09-25T22:46:00 | INFO    | goodware.engine |   node_id: None
2026-09-25T22:46:00 | INFO    | goodware.engine |   organization: None
2026-09-25T22:46:00 | INFO    | goodware.engine | ============================================================
2026-09-25T22:46:00 | INFO    | goodware.engine | Goodware stopped.
2026-09-25T22:46:00 | INFO    | goodware.engine | ============================================================
2026-09-25T22:46:00 | INFO    | goodware.engine | Goodware v3.0 starting...
2026-09-25T22:46:00 | INFO    | goodware.engine |   node_id: None
2026-09-25T22:46:00 | INFO    | goodware.engine |   organization: None
2026-09-25T22:46:00 | INFO    | goodware.engine | ============================================================
2026-09-25T22:46:00 | INFO    | goodware.engine | Goodware stopped.
2026-09-25T22:46:00 | INFO    | goodware.engine | ============================================================
2026-09-25T22:46:00 | INFO    | goodware.engine | Goodware v3.0 starting...
2026-09-25T22:46:00 | INFO    | goodware.engine |   node_id: None
2026-09-25T22:46:00 | INFO    | goodware.engine |   organization: None
2026-09-25T22:46:00 | INFO    | goodware.engine | ============================================================
2026-09-25T22:46:00 | INFO    | goodware.engine | Goodware stopped.
2026-09-25T22:46:00 | INFO    | goodware.engine | ============================================================
2026-09-25T22:46:00 | INFO    | goodware.engine | Goodware v3.0 starting...
2026-09-25T22:46:00 | INFO    | goodware.engine |   node_id: None
2026-09-25T22:46:00 | INFO    | goodware.engine |   organization: None
2026-09-25T22:46:00 | INFO    | goodware.engine | ============================================================
2026-09-25T22:46:01 | INFO    | goodware.engine | Goodware stopped.
2026-09-25T22:46:01 | INFO    | goodware.engine | ============================================================
2026-09-25T22:46:01 | INFO    | goodware.engine | Goodware v3.0 starting...
2026-09-25T22:46:01 | INFO    | goodware.engine |   node_id: None
2026-09-25T22:46:01 | INFO    | goodware.engine |   organization: None
2026-09-25T22:46:01 | INFO    | goodware.engine | ============================================================
2026-09-25T22:46:01 | INFO    | goodware.engine | Goodware stopped.
2026-09-25T22:46:01 | INFO    | goodware.engine | ============================================================
2026-09-25T22:46:01 | INFO    | goodware.engine | Goodware v3.0 starting...
2026-09-25T22:46:01 | INFO    | goodware.engine |   node_id: None
2026-09-25T22:46:01 | INFO    | goodware.engine |   organization: None
2026-09-25T22:46:01 | INFO    | goodware.engine | ============================================================
2026-09-25T22:46:01 | INFO    | goodware.engine | Goodware stopped.
2026-09-25T22:46:01 | INFO    | goodware.engine | ============================================================
2026-09-25T22:46:01 | INFO    | goodware.engine | Goodware v3.0 starting...
2026-09-25T22:46:01 | INFO    | goodware.engine |   node_id: None
2026-09-25T22:46:01 | INFO    | goodware.engine |   organization: None
2026-09-25T22:46:01 | INFO    | goodware.engine | ============================================================
2026-09-25T22:46:01 | INFO    | goodware.engine | Goodware stopped.
2026-09-25T22:46:01 | INFO    | goodware.engine | ============================================================
2026-09-25T22:46:01 | INFO    | goodware.engine | Goodware v3.0 starting...
2026-09-25T22:46:01 | INFO    | goodware.engine |   node_id: None
2026-09-25T22:46:01 | INFO    | goodware.engine |   organization: None
2026-09-25T22:46:01 | INFO    | goodware.engine | ============================================================
2026-09-25T22:46:01 | INFO    | goodware.engine | Goodware stopped.
2026-09-25T22:46:01 | INFO    | goodware.engine | ============================================================
2026-09-25T22:46:01 | INFO    | goodware.engine | Goodware v3.0 starting...
2026-09-25T22:46:01 | INFO    | goodware.engine |   node_id: None
2026-09-25T22:46:01 | INFO    | goodware.engine |   organization: None
2026-09-25T22:46:01 | INFO    | goodware.engine | ============================================================
2026-09-25T22:46:01 | INFO    | goodware.engine | Goodware stopped.
2026-09-25T22:46:01 | INFO    | goodware.engine | ============================================================
2026-09-25T22:46:01 | INFO    | goodware.engine | Goodware v3.0 starting...
2026-09-25T22:46:01 | INFO    | goodware.engine |   node_id: None
2026-09-25T22:46:01 | INFO    | goodware.engine |   organization: None
2026-09-25T22:46:01 | INFO    | goodware.engine | ============================================================
2026-09-25T22:46:01 | INFO    | goodware.engine | Goodware stopped.
2026-09-25T22:46:01 | INFO    | goodware.engine | ============================================================
2026-09-25T22:46:01 | INFO    | goodware.engine | Goodware v3.0 starting...
2026-09-25T22:46:01 | INFO    | goodware.engine |   node_id: None
2026-09-25T22:46:01 | INFO    | goodware.engine |   organization: None
2026-09-25T22:46:01 | INFO    | goodware.engine | ============================================================
2026-09-25T22:46:01 | INFO    | goodware.engine | Goodware stopped.
2026-09-25T22:46:01 | INFO    | goodware.engine | ============================================================
2026-09-25T22:46:01 | INFO    | goodware.engine | Goodware v3.0 starting...
2026-09-25T22:46:01 | INFO    | goodware.engine |   node_id: None
2026-09-25T22:46:01 | INFO    | goodware.engine |   organization: None
2026-09-25T22:46:01 | INFO    | goodware.engine | ============================================================
2026-09-25T22:46:02 | INFO    | goodware.engine | Goodware stopped.
2026-09-25T22:46:02 | INFO    | goodware.engine | ============================================================
2026-09-25T22:46:02 | INFO    | goodware.engine | Goodware v3.0 starting...
2026-09-25T22:46:02 | INFO    | goodware.engine |   node_id: None
2026-09-25T22:46:02 | INFO    | goodware.engine |   organization: None
2026-09-25T22:46:02 | INFO    | goodware.engine | ============================================================
2026-09-25T22:46:02 | INFO    | goodware.engine | Goodware stopped.
2026-09-25T22:46:02 | INFO    | goodware.engine | ============================================================
2026-09-25T22:46:02 | INFO    | goodware.engine | Goodware v3.0 starting...
2026-09-25T22:46:02 | INFO    | goodware.engine |   node_id: None
2026-09-25T22:46:02 | INFO    | goodware.engine |   organization: None
2026-09-25T22:46:02 | INFO    | goodware.engine | ============================================================
2026-09-25T22:46:02 | INFO    | goodware.engine | Goodware stopped.
2026-09-25T22:46:02 | INFO    | goodware.engine | ============================================================
2026-09-25T22:46:02 | INFO    | goodware.engine | Goodware v3.0 starting...
2026-09-25T22:46:02 | INFO    | goodware.engine |   node_id: None
2026-09-25T22:46:02 | INFO    | goodware.engine |   organization: None
2026-09-25T22:46:02 | INFO    | goodware.engine | ============================================================
2026-09-25T22:46:03 | INFO    | goodware.engine | Goodware stopped.
2026-09-25T23:02:54 | INFO    | goodware.engine | component registered: decision-engine
2026-09-25T23:02:54 | INFO    | goodware.engine | component registered: adaptive
2026-09-25T23:02:54 | INFO    | goodware.engine | component registered: mutation
2026-09-25T23:02:54 | INFO    | goodware.engine | component registered: zero_day
2026-09-25T23:02:54 | INFO    | goodware.engine | component registered: crypto
2026-09-25T23:02:54 | INFO    | goodware.engine | component registered: human-factor
2026-09-25T23:02:54 | INFO    | goodware.engine | component registered: decision
2026-09-25T23:02:54 | INFO    | goodware.engine | component registered: effector
2026-09-25T23:02:54 | INFO    | goodware.engine | component registered: chainsaw
2026-09-25T23:02:57 | INFO    | goodware.engine | component registered: immune
2026-09-25T23:02:57 | INFO    | goodware.engine | component registered: physical
2026-09-25T23:02:57 | INFO    | goodware.engine | component registered: supply-chain
2026-09-25T23:03:00 | INFO    | goodware.engine | ============================================================
2026-09-25T23:03:00 | INFO    | goodware.engine | Goodware v3.0 starting...
2026-09-25T23:03:01 | INFO    | goodware.engine |   node_id: None
2026-09-25T23:03:01 | INFO    | goodware.engine |   organization: None
2026-09-25T23:03:01 | INFO    | goodware.engine | ============================================================
2026-09-25T23:03:01 | INFO    | goodware.engine | Goodware stopped.
2026-09-25T23:03:01 | INFO    | goodware.engine | ============================================================
2026-09-25T23:03:01 | INFO    | goodware.engine | Goodware v3.0 starting...
2026-09-25T23:03:01 | INFO    | goodware.engine |   node_id: None
2026-09-25T23:03:01 | INFO    | goodware.engine |   organization: None
2026-09-25T23:03:01 | INFO    | goodware.engine | ============================================================
2026-09-25T23:03:01 | INFO    | goodware.engine | Goodware stopped.
2026-09-25T23:03:01 | INFO    | goodware.engine | hunter2
2026-09-25T23:03:02 | INFO    | goodware.engine | component registered: dummy
2026-09-25T23:03:03 | INFO    | goodware.engine | test
2026-09-25T23:03:03 | WARNING | goodware.engine | warn
2026-09-25T23:03:03 | ERROR   | goodware.engine | err
2026-09-25T23:03:03 | INFO    | goodware.engine | component registered: with_attach
2026-09-25T23:03:03 | INFO    | goodware.engine | component registered: dummy
2026-09-25T23:03:03 | INFO    | goodware.engine | ============================================================
2026-09-25T23:03:03 | INFO    | goodware.engine | Goodware v3.0 starting...
2026-09-25T23:03:03 | INFO    | goodware.engine |   node_id: None
2026-09-25T23:03:03 | INFO    | goodware.engine |   organization: None
2026-09-25T23:03:03 | INFO    | goodware.engine | ============================================================
2026-09-25T23:03:03 | INFO    | goodware.engine |   ✓ dummy running
2026-09-25T23:03:03 | INFO    | goodware.engine | Goodware stopped.
2026-09-25T23:03:06 | INFO    | goodware.engine | component registered: threat
2026-09-25T23:03:06 | INFO    | goodware.engine | component registered: anomaly
2026-09-25T23:03:06 | INFO    | goodware.engine | component registered: simulator
2026-09-25T23:03:06 | INFO    | goodware.engine | component registered: filesystem
2026-09-25T23:03:06 | INFO    | goodware.engine | component registered: process
2026-09-25T23:03:06 | INFO    | goodware.engine | component registered: network
2026-09-25T23:03:06 | INFO    | goodware.engine | component registered: memory
2026-09-25T23:03:06 | INFO    | goodware.engine | component registered: config
2026-09-25T23:03:06 | INFO    | goodware.engine | component registered: behavior
2026-09-25T23:03:06 | INFO    | goodware.engine | component registered: quantum
2026-09-25T23:03:06 | INFO    | goodware.engine | component registered: filesystem
2026-09-25T23:03:06 | INFO    | goodware.engine | component registered: process
2026-09-25T23:03:06 | INFO    | goodware.engine | component registered: network
2026-09-25T23:03:06 | INFO    | goodware.engine | component registered: memory
2026-09-25T23:03:06 | INFO    | goodware.engine | component registered: config
2026-09-25T23:03:06 | INFO    | goodware.engine | component registered: behavior
2026-09-25T23:03:06 | INFO    | goodware.engine | component registered: quantum
2026-09-25T23:03:06 | INFO    | goodware.engine | component registered: filesystem
2026-09-25T23:03:06 | INFO    | goodware.engine | component registered: process
2026-09-25T23:03:06 | INFO    | goodware.engine | component registered: network
2026-09-25T23:03:06 | INFO    | goodware.engine | component registered: memory
2026-09-25T23:03:06 | INFO    | goodware.engine | component registered: config
2026-09-25T23:03:06 | INFO    | goodware.engine | component registered: behavior
2026-09-25T23:03:06 | INFO    | goodware.engine | component registered: quantum
2026-09-25T23:03:06 | INFO    | goodware.engine | component registered: filesystem
2026-09-25T23:03:06 | INFO    | goodware.engine | component registered: process
2026-09-25T23:03:06 | INFO    | goodware.engine | component registered: network
2026-09-25T23:03:06 | INFO    | goodware.engine | component registered: memory
2026-09-25T23:03:06 | INFO    | goodware.engine | component registered: config
2026-09-25T23:03:06 | INFO    | goodware.engine | component registered: behavior
2026-09-25T23:03:06 | INFO    | goodware.engine | component registered: quantum
2026-09-25T23:03:06 | INFO    | goodware.engine | component registered: filesystem
2026-09-25T23:03:06 | INFO    | goodware.engine | component registered: process
2026-09-25T23:03:06 | INFO    | goodware.engine | component registered: network
2026-09-25T23:03:06 | INFO    | goodware.engine | component registered: memory
2026-09-25T23:03:06 | INFO    | goodware.engine | component registered: config
2026-09-25T23:03:06 | INFO    | goodware.engine | component registered: behavior
2026-09-25T23:03:06 | INFO    | goodware.engine | component registered: quantum
2026-09-25T23:03:06 | INFO    | goodware.engine | component registered: filesystem
2026-09-25T23:03:06 | INFO    | goodware.engine | component registered: process
2026-09-25T23:03:06 | INFO    | goodware.engine | component registered: network
2026-09-25T23:03:06 | INFO    | goodware.engine | component registered: memory
2026-09-25T23:03:06 | INFO    | goodware.engine | component registered: config
2026-09-25T23:03:06 | INFO    | goodware.engine | component registered: behavior
2026-09-25T23:03:06 | INFO    | goodware.engine | component registered: quantum
2026-09-25T23:03:06 | INFO    | goodware.engine | component registered: filesystem
2026-09-25T23:03:06 | INFO    | goodware.engine | component registered: process
2026-09-25T23:03:06 | INFO    | goodware.engine | component registered: network
2026-09-25T23:03:06 | INFO    | goodware.engine | component registered: memory
2026-09-25T23:03:06 | INFO    | goodware.engine | component registered: config
2026-09-25T23:03:06 | INFO    | goodware.engine | component registered: behavior
2026-09-25T23:03:06 | INFO    | goodware.engine | component registered: quantum
2026-09-25T23:03:06 | INFO    | goodware.engine | component registered: filesystem
2026-09-25T23:03:06 | INFO    | goodware.engine | component registered: process
2026-09-25T23:03:06 | INFO    | goodware.engine | component registered: network
2026-09-25T23:03:06 | INFO    | goodware.engine | component registered: memory
2026-09-25T23:03:06 | INFO    | goodware.engine | component registered: config
2026-09-25T23:03:06 | INFO    | goodware.engine | component registered: behavior
2026-09-25T23:03:06 | INFO    | goodware.engine | component registered: quantum
2026-09-25T23:03:06 | INFO    | goodware.engine | component registered: filesystem
2026-09-25T23:03:06 | INFO    | goodware.engine | component registered: process
2026-09-25T23:03:06 | INFO    | goodware.engine | component registered: network
2026-09-25T23:03:06 | INFO    | goodware.engine | component registered: memory
2026-09-25T23:03:06 | INFO    | goodware.engine | component registered: config
2026-09-25T23:03:06 | INFO    | goodware.engine | component registered: behavior
2026-09-25T23:03:06 | INFO    | goodware.engine | component registered: quantum
2026-09-25T23:03:06 | INFO    | goodware.engine | component registered: filesystem
2026-09-25T23:03:06 | INFO    | goodware.engine | component registered: process
2026-09-25T23:03:06 | INFO    | goodware.engine | component registered: network
2026-09-25T23:03:06 | INFO    | goodware.engine | component registered: memory
2026-09-25T23:03:06 | INFO    | goodware.engine | component registered: config
2026-09-25T23:03:06 | INFO    | goodware.engine | component registered: behavior
2026-09-25T23:03:06 | INFO    | goodware.engine | component registered: quantum
2026-09-25T23:03:06 | INFO    | goodware.engine | component registered: filesystem
2026-09-25T23:03:06 | INFO    | goodware.engine | component registered: process
2026-09-25T23:03:06 | INFO    | goodware.engine | component registered: network
2026-09-25T23:03:06 | INFO    | goodware.engine | component registered: memory
2026-09-25T23:03:06 | INFO    | goodware.engine | component registered: config
2026-09-25T23:03:06 | INFO    | goodware.engine | component registered: behavior
2026-09-25T23:03:06 | INFO    | goodware.engine | component registered: quantum
2026-09-25T23:03:06 | INFO    | goodware.engine | component registered: filesystem
2026-09-25T23:03:06 | INFO    | goodware.engine | component registered: process
2026-09-25T23:03:06 | INFO    | goodware.engine | component registered: network
2026-09-25T23:03:06 | INFO    | goodware.engine | component registered: memory
2026-09-25T23:03:06 | INFO    | goodware.engine | component registered: config
2026-09-25T23:03:06 | INFO    | goodware.engine | component registered: behavior
2026-09-25T23:03:06 | INFO    | goodware.engine | component registered: quantum
2026-09-25T23:03:06 | INFO    | goodware.engine | component registered: filesystem
2026-09-25T23:03:06 | INFO    | goodware.engine | component registered: process
2026-09-25T23:03:06 | INFO    | goodware.engine | component registered: network
2026-09-25T23:03:06 | INFO    | goodware.engine | component registered: memory
2026-09-25T23:03:06 | INFO    | goodware.engine | component registered: config
2026-09-25T23:03:06 | INFO    | goodware.engine | component registered: behavior
2026-09-25T23:03:06 | INFO    | goodware.engine | component registered: quantum
2026-09-25T23:03:06 | INFO    | goodware.engine | component registered: filesystem
2026-09-25T23:03:06 | INFO    | goodware.engine | component registered: process
2026-09-25T23:03:06 | INFO    | goodware.engine | component registered: network
2026-09-25T23:03:06 | INFO    | goodware.engine | component registered: memory
2026-09-25T23:03:06 | INFO    | goodware.engine | component registered: config
2026-09-25T23:03:06 | INFO    | goodware.engine | component registered: behavior
2026-09-25T23:03:06 | INFO    | goodware.engine | component registered: quantum
2026-09-25T23:03:07 | INFO    | goodware.engine | component registered: filesystem
2026-09-25T23:03:07 | INFO    | goodware.engine | component registered: process
2026-09-25T23:03:07 | INFO    | goodware.engine | component registered: network
2026-09-25T23:03:07 | INFO    | goodware.engine | component registered: memory
2026-09-25T23:03:07 | INFO    | goodware.engine | component registered: config
2026-09-25T23:03:07 | INFO    | goodware.engine | component registered: behavior
2026-09-25T23:03:07 | INFO    | goodware.engine | component registered: quantum
2026-09-25T23:03:07 | INFO    | goodware.engine | component registered: filesystem
2026-09-25T23:03:07 | INFO    | goodware.engine | component registered: process
2026-09-25T23:03:07 | INFO    | goodware.engine | component registered: network
2026-09-25T23:03:07 | INFO    | goodware.engine | component registered: memory
2026-09-25T23:03:07 | INFO    | goodware.engine | component registered: config
2026-09-25T23:03:07 | INFO    | goodware.engine | component registered: behavior
2026-09-25T23:03:07 | INFO    | goodware.engine | component registered: quantum
2026-09-25T23:03:07 | INFO    | goodware.engine |   watching 2 paths: ['/etc', '/tmp']
2026-09-25T23:03:07 | INFO    | goodware.engine | component registered: filesystem
2026-09-25T23:03:07 | INFO    | goodware.engine | component registered: process
2026-09-25T23:03:07 | INFO    | goodware.engine | component registered: network
2026-09-25T23:03:07 | INFO    | goodware.engine | component registered: memory
2026-09-25T23:03:07 | INFO    | goodware.engine | component registered: config
2026-09-25T23:03:07 | INFO    | goodware.engine | component registered: behavior
2026-09-25T23:03:07 | INFO    | goodware.engine | component registered: quantum
2026-09-25T23:03:07 | INFO    | goodware.engine | component registered: filesystem
2026-09-25T23:03:07 | INFO    | goodware.engine | component registered: process
2026-09-25T23:03:07 | INFO    | goodware.engine | component registered: network
2026-09-25T23:03:07 | INFO    | goodware.engine | component registered: memory
2026-09-25T23:03:07 | INFO    | goodware.engine | component registered: config
2026-09-25T23:03:07 | INFO    | goodware.engine | component registered: behavior
2026-09-25T23:03:07 | INFO    | goodware.engine | component registered: quantum
2026-09-25T23:03:07 | INFO    | goodware.engine | component registered: filesystem
2026-09-25T23:03:07 | INFO    | goodware.engine | component registered: process
2026-09-25T23:03:07 | INFO    | goodware.engine | component registered: network
2026-09-25T23:03:07 | INFO    | goodware.engine | component registered: memory
2026-09-25T23:03:07 | INFO    | goodware.engine | component registered: config
2026-09-25T23:03:07 | INFO    | goodware.engine | component registered: behavior
2026-09-25T23:03:07 | INFO    | goodware.engine | component registered: quantum
2026-09-25T23:03:07 | INFO    | goodware.engine | component registered: filesystem
2026-09-25T23:03:07 | INFO    | goodware.engine | component registered: process
2026-09-25T23:03:07 | INFO    | goodware.engine | component registered: network
2026-09-25T23:03:07 | INFO    | goodware.engine | component registered: memory
2026-09-25T23:03:07 | INFO    | goodware.engine | component registered: config
2026-09-25T23:03:07 | INFO    | goodware.engine | component registered: behavior
2026-09-25T23:03:07 | INFO    | goodware.engine | component registered: quantum
2026-09-25T23:03:07 | INFO    | goodware.engine | component registered: filesystem
2026-09-25T23:03:07 | INFO    | goodware.engine | component registered: process
2026-09-25T23:03:07 | INFO    | goodware.engine | component registered: network
2026-09-25T23:03:07 | INFO    | goodware.engine | component registered: memory
2026-09-25T23:03:07 | INFO    | goodware.engine | component registered: config
2026-09-25T23:03:07 | INFO    | goodware.engine | component registered: behavior
2026-09-25T23:03:07 | INFO    | goodware.engine | component registered: quantum
2026-09-25T23:03:07 | INFO    | goodware.engine | component registered: filesystem
2026-09-25T23:03:07 | INFO    | goodware.engine | component registered: process
2026-09-25T23:03:07 | INFO    | goodware.engine | component registered: network
2026-09-25T23:03:07 | INFO    | goodware.engine | component registered: memory
2026-09-25T23:03:07 | INFO    | goodware.engine | component registered: config
2026-09-25T23:03:07 | INFO    | goodware.engine | component registered: behavior
2026-09-25T23:03:07 | INFO    | goodware.engine | component registered: quantum
2026-09-25T23:03:07 | INFO    | goodware.engine | component registered: filesystem
2026-09-25T23:03:07 | INFO    | goodware.engine | component registered: process
2026-09-25T23:03:07 | INFO    | goodware.engine | component registered: network
2026-09-25T23:03:07 | INFO    | goodware.engine | component registered: memory
2026-09-25T23:03:07 | INFO    | goodware.engine | component registered: config
2026-09-25T23:03:07 | INFO    | goodware.engine | component registered: behavior
2026-09-25T23:03:07 | INFO    | goodware.engine | component registered: quantum
2026-09-25T23:03:07 | INFO    | goodware.engine | component registered: filesystem
2026-09-25T23:03:07 | INFO    | goodware.engine | component registered: process
2026-09-25T23:03:07 | INFO    | goodware.engine | component registered: network
2026-09-25T23:03:07 | INFO    | goodware.engine | component registered: memory
2026-09-25T23:03:07 | INFO    | goodware.engine | component registered: config
2026-09-25T23:03:07 | INFO    | goodware.engine | component registered: behavior
2026-09-25T23:03:07 | INFO    | goodware.engine | component registered: quantum
2026-09-25T23:03:07 | INFO    | goodware.engine | component registered: filesystem
2026-09-25T23:03:07 | INFO    | goodware.engine | component registered: process
2026-09-25T23:03:07 | INFO    | goodware.engine | component registered: network
2026-09-25T23:03:07 | INFO    | goodware.engine | component registered: memory
2026-09-25T23:03:07 | INFO    | goodware.engine | component registered: config
2026-09-25T23:03:07 | INFO    | goodware.engine | component registered: behavior
2026-09-25T23:03:07 | INFO    | goodware.engine | component registered: quantum
2026-09-25T23:03:07 | INFO    | goodware.engine | component registered: filesystem
2026-09-25T23:03:07 | INFO    | goodware.engine | component registered: process
2026-09-25T23:03:07 | INFO    | goodware.engine | component registered: network
2026-09-25T23:03:07 | INFO    | goodware.engine | component registered: memory
2026-09-25T23:03:07 | INFO    | goodware.engine | component registered: config
2026-09-25T23:03:07 | INFO    | goodware.engine | component registered: behavior
2026-09-25T23:03:07 | INFO    | goodware.engine | component registered: quantum
2026-09-25T23:03:07 | INFO    | goodware.engine | component registered: filesystem
2026-09-25T23:03:07 | INFO    | goodware.engine | component registered: process
2026-09-25T23:03:07 | INFO    | goodware.engine | component registered: network
2026-09-25T23:03:07 | INFO    | goodware.engine | component registered: memory
2026-09-25T23:03:07 | INFO    | goodware.engine | component registered: config
2026-09-25T23:03:07 | INFO    | goodware.engine | component registered: behavior
2026-09-25T23:03:07 | INFO    | goodware.engine | component registered: quantum
2026-09-25T23:03:07 | INFO    | goodware.engine | component registered: filesystem
2026-09-25T23:03:07 | INFO    | goodware.engine | component registered: process
2026-09-25T23:03:07 | INFO    | goodware.engine | component registered: network
2026-09-25T23:03:07 | INFO    | goodware.engine | component registered: memory
2026-09-25T23:03:07 | INFO    | goodware.engine | component registered: config
2026-09-25T23:03:07 | INFO    | goodware.engine | component registered: behavior
2026-09-25T23:03:07 | INFO    | goodware.engine | component registered: quantum
2026-09-25T23:03:07 | INFO    | goodware.engine | component registered: filesystem
2026-09-25T23:03:07 | INFO    | goodware.engine | component registered: process
2026-09-25T23:03:07 | INFO    | goodware.engine | component registered: network
2026-09-25T23:03:07 | INFO    | goodware.engine | component registered: memory
2026-09-25T23:03:07 | INFO    | goodware.engine | component registered: config
2026-09-25T23:03:07 | INFO    | goodware.engine | component registered: behavior
2026-09-25T23:03:07 | INFO    | goodware.engine | component registered: quantum
2026-09-25T23:03:07 | INFO    | goodware.engine | component registered: filesystem
2026-09-25T23:03:07 | INFO    | goodware.engine | component registered: process
2026-09-25T23:03:07 | INFO    | goodware.engine | component registered: network
2026-09-25T23:03:07 | INFO    | goodware.engine | component registered: memory
2026-09-25T23:03:08 | INFO    | goodware.engine | component registered: config
2026-09-25T23:03:08 | INFO    | goodware.engine | component registered: behavior
2026-09-25T23:03:08 | INFO    | goodware.engine | component registered: quantum
2026-09-25T23:03:08 | INFO    | goodware.engine | component registered: filesystem
2026-09-25T23:03:08 | INFO    | goodware.engine | component registered: process
2026-09-25T23:03:08 | INFO    | goodware.engine | component registered: network
2026-09-25T23:03:08 | INFO    | goodware.engine | component registered: memory
2026-09-25T23:03:08 | INFO    | goodware.engine | component registered: config
2026-09-25T23:03:08 | INFO    | goodware.engine | component registered: behavior
2026-09-25T23:03:08 | INFO    | goodware.engine | component registered: quantum
2026-09-25T23:03:08 | INFO    | goodware.engine | component registered: filesystem
2026-09-25T23:03:08 | INFO    | goodware.engine | component registered: process
2026-09-25T23:03:08 | INFO    | goodware.engine | component registered: network
2026-09-25T23:03:08 | INFO    | goodware.engine | component registered: memory
2026-09-25T23:03:08 | INFO    | goodware.engine | component registered: config
2026-09-25T23:03:08 | INFO    | goodware.engine | component registered: behavior
2026-09-25T23:03:08 | INFO    | goodware.engine | component registered: quantum
2026-09-25T23:03:08 | INFO    | goodware.engine |   watching 2 paths: ['/etc', '/tmp']
2026-09-25T23:03:08 | INFO    | goodware.engine | component registered: filesystem
2026-09-25T23:03:08 | INFO    | goodware.engine | component registered: process
2026-09-25T23:03:08 | INFO    | goodware.engine | component registered: network
2026-09-25T23:03:08 | INFO    | goodware.engine | component registered: memory
2026-09-25T23:03:08 | INFO    | goodware.engine | component registered: config
2026-09-25T23:03:08 | INFO    | goodware.engine | component registered: behavior
2026-09-25T23:03:08 | INFO    | goodware.engine | component registered: quantum
2026-09-25T23:03:08 | INFO    | goodware.engine |   watching 2 paths: ['/etc', '/tmp']
2026-09-25T23:03:09 | INFO    | goodware.engine | ============================================================
2026-09-25T23:03:09 | INFO    | goodware.engine | Goodware v3.0 starting...
2026-09-25T23:03:09 | INFO    | goodware.engine |   node_id: None
2026-09-25T23:03:09 | INFO    | goodware.engine |   organization: None
2026-09-25T23:03:09 | INFO    | goodware.engine | ============================================================
2026-09-25T23:03:09 | INFO    | goodware.engine | Goodware stopped.
2026-09-25T23:03:09 | INFO    | goodware.engine | ============================================================
2026-09-25T23:03:09 | INFO    | goodware.engine | Goodware v3.0 starting...
2026-09-25T23:03:09 | INFO    | goodware.engine |   node_id: None
2026-09-25T23:03:09 | INFO    | goodware.engine |   organization: None
2026-09-25T23:03:09 | INFO    | goodware.engine | ============================================================
2026-09-25T23:03:09 | INFO    | goodware.engine | Goodware stopped.
2026-09-25T23:03:09 | INFO    | goodware.engine | ============================================================
2026-09-25T23:03:09 | INFO    | goodware.engine | Goodware v3.0 starting...
2026-09-25T23:03:09 | INFO    | goodware.engine |   node_id: None
2026-09-25T23:03:09 | INFO    | goodware.engine |   organization: None
2026-09-25T23:03:09 | INFO    | goodware.engine | ============================================================
2026-09-25T23:03:10 | INFO    | goodware.engine | Goodware stopped.
2026-09-25T23:03:10 | INFO    | goodware.engine | ============================================================
2026-09-25T23:03:10 | INFO    | goodware.engine | Goodware v3.0 starting...
2026-09-25T23:03:10 | INFO    | goodware.engine |   node_id: None
2026-09-25T23:03:10 | INFO    | goodware.engine |   organization: None
2026-09-25T23:03:10 | INFO    | goodware.engine | ============================================================
2026-09-25T23:03:11 | INFO    | goodware.engine | Goodware stopped.
2026-09-25T23:03:11 | INFO    | goodware.engine | ============================================================
2026-09-25T23:03:11 | INFO    | goodware.engine | Goodware v3.0 starting...
2026-09-25T23:03:11 | INFO    | goodware.engine |   node_id: None
2026-09-25T23:03:11 | INFO    | goodware.engine |   organization: None
2026-09-25T23:03:11 | INFO    | goodware.engine | ============================================================
2026-09-25T23:03:11 | INFO    | goodware.engine | Goodware stopped.
2026-09-25T23:03:11 | INFO    | goodware.engine | ============================================================
2026-09-25T23:03:11 | INFO    | goodware.engine | Goodware v3.0 starting...
2026-09-25T23:03:11 | INFO    | goodware.engine |   node_id: None
2026-09-25T23:03:11 | INFO    | goodware.engine |   organization: None
2026-09-25T23:03:11 | INFO    | goodware.engine | ============================================================
2026-09-25T23:03:11 | INFO    | goodware.engine | Goodware stopped.
2026-09-25T23:03:11 | INFO    | goodware.engine | ============================================================
2026-09-25T23:03:11 | INFO    | goodware.engine | Goodware v3.0 starting...
2026-09-25T23:03:11 | INFO    | goodware.engine |   node_id: None
2026-09-25T23:03:11 | INFO    | goodware.engine |   organization: None
2026-09-25T23:03:11 | INFO    | goodware.engine | ============================================================
2026-09-25T23:03:11 | INFO    | goodware.engine | Goodware stopped.
2026-09-25T23:03:11 | INFO    | goodware.engine | ============================================================
2026-09-25T23:03:11 | INFO    | goodware.engine | Goodware v3.0 starting...
2026-09-25T23:03:11 | INFO    | goodware.engine |   node_id: None
2026-09-25T23:03:11 | INFO    | goodware.engine |   organization: None
2026-09-25T23:03:11 | INFO    | goodware.engine | ============================================================
2026-09-25T23:03:12 | INFO    | goodware.engine | Goodware stopped.
2026-09-25T23:03:12 | INFO    | goodware.engine | ============================================================
2026-09-25T23:03:12 | INFO    | goodware.engine | Goodware v3.0 starting...
2026-09-25T23:03:12 | INFO    | goodware.engine |   node_id: None
2026-09-25T23:03:12 | INFO    | goodware.engine |   organization: None
2026-09-25T23:03:12 | INFO    | goodware.engine | ============================================================
2026-09-25T23:03:12 | INFO    | goodware.engine | Goodware stopped.
2026-09-25T23:03:12 | INFO    | goodware.engine | ============================================================
2026-09-25T23:03:12 | INFO    | goodware.engine | Goodware v3.0 starting...
2026-09-25T23:03:12 | INFO    | goodware.engine |   node_id: None
2026-09-25T23:03:12 | INFO    | goodware.engine |   organization: None
2026-09-25T23:03:12 | INFO    | goodware.engine | ============================================================
2026-09-25T23:03:12 | INFO    | goodware.engine | Goodware stopped.
2026-09-25T23:03:12 | INFO    | goodware.engine | ============================================================
2026-09-25T23:03:12 | INFO    | goodware.engine | Goodware v3.0 starting...
2026-09-25T23:03:12 | INFO    | goodware.engine |   node_id: None
2026-09-25T23:03:12 | INFO    | goodware.engine |   organization: None
2026-09-25T23:03:12 | INFO    | goodware.engine | ============================================================
2026-09-25T23:03:12 | INFO    | goodware.engine | Goodware stopped.
2026-09-25T23:03:12 | INFO    | goodware.engine | ============================================================
2026-09-25T23:03:12 | INFO    | goodware.engine | Goodware v3.0 starting...
2026-09-25T23:03:12 | INFO    | goodware.engine |   node_id: None
2026-09-25T23:03:12 | INFO    | goodware.engine |   organization: None
2026-09-25T23:03:12 | INFO    | goodware.engine | ============================================================
2026-09-25T23:03:12 | INFO    | goodware.engine | Goodware stopped.
2026-09-25T23:03:12 | INFO    | goodware.engine | ============================================================
2026-09-25T23:03:12 | INFO    | goodware.engine | Goodware v3.0 starting...
2026-09-25T23:03:12 | INFO    | goodware.engine |   node_id: None
2026-09-25T23:03:12 | INFO    | goodware.engine |   organization: None
2026-09-25T23:03:12 | INFO    | goodware.engine | ============================================================
2026-09-25T23:03:12 | INFO    | goodware.engine | Goodware stopped.
2026-09-25T23:03:12 | INFO    | goodware.engine | ============================================================
2026-09-25T23:03:12 | INFO    | goodware.engine | Goodware v3.0 starting...
2026-09-25T23:03:12 | INFO    | goodware.engine |   node_id: None
2026-09-25T23:03:12 | INFO    | goodware.engine |   organization: None
2026-09-25T23:03:12 | INFO    | goodware.engine | ============================================================
2026-09-25T23:03:13 | INFO    | goodware.engine | Goodware stopped.
2026-09-25T23:03:13 | INFO    | goodware.engine | ============================================================
2026-09-25T23:03:13 | INFO    | goodware.engine | Goodware v3.0 starting...
2026-09-25T23:03:13 | INFO    | goodware.engine |   node_id: None
2026-09-25T23:03:13 | INFO    | goodware.engine |   organization: None
2026-09-25T23:03:13 | INFO    | goodware.engine | ============================================================
2026-09-25T23:03:13 | INFO    | goodware.engine | Goodware stopped.
2026-09-25T23:03:13 | INFO    | goodware.engine | ============================================================
2026-09-25T23:03:13 | INFO    | goodware.engine | Goodware v3.0 starting...
2026-09-25T23:03:13 | INFO    | goodware.engine |   node_id: None
2026-09-25T23:03:13 | INFO    | goodware.engine |   organization: None
2026-09-25T23:03:13 | INFO    | goodware.engine | ============================================================
2026-09-25T23:03:13 | INFO    | goodware.engine | Goodware stopped.
2026-09-25T23:03:13 | INFO    | goodware.engine | ============================================================
2026-09-25T23:03:13 | INFO    | goodware.engine | Goodware v3.0 starting...
2026-09-25T23:03:13 | INFO    | goodware.engine |   node_id: None
2026-09-25T23:03:13 | INFO    | goodware.engine |   organization: None
2026-09-25T23:03:13 | INFO    | goodware.engine | ============================================================
2026-09-25T23:03:13 | INFO    | goodware.engine | Goodware stopped.
2026-09-25T23:03:13 | INFO    | goodware.engine | ============================================================
2026-09-25T23:03:13 | INFO    | goodware.engine | Goodware v3.0 starting...
2026-09-25T23:03:13 | INFO    | goodware.engine |   node_id: None
2026-09-25T23:03:13 | INFO    | goodware.engine |   organization: None
2026-09-25T23:03:13 | INFO    | goodware.engine | ============================================================
2026-09-25T23:03:13 | INFO    | goodware.engine | Goodware stopped.
2026-09-25T23:03:13 | INFO    | goodware.engine | ============================================================
2026-09-25T23:03:13 | INFO    | goodware.engine | Goodware v3.0 starting...
2026-09-25T23:03:13 | INFO    | goodware.engine |   node_id: None
2026-09-25T23:03:13 | INFO    | goodware.engine |   organization: None
2026-09-25T23:03:13 | INFO    | goodware.engine | ============================================================
2026-09-25T23:03:13 | INFO    | goodware.engine | Goodware stopped.
2026-09-25T23:03:13 | INFO    | goodware.engine | ============================================================
2026-09-25T23:03:13 | INFO    | goodware.engine | Goodware v3.0 starting...
2026-09-25T23:03:13 | INFO    | goodware.engine |   node_id: None
2026-09-25T23:03:13 | INFO    | goodware.engine |   organization: None
2026-09-25T23:03:13 | INFO    | goodware.engine | ============================================================
2026-09-25T23:03:13 | INFO    | goodware.engine | Goodware stopped.
2026-09-25T23:03:14 | INFO    | goodware.engine | ============================================================
2026-09-25T23:03:14 | INFO    | goodware.engine | Goodware v3.0 starting...
2026-09-25T23:03:14 | INFO    | goodware.engine |   node_id: None
2026-09-25T23:03:14 | INFO    | goodware.engine |   organization: None
2026-09-25T23:03:14 | INFO    | goodware.engine | ============================================================
2026-09-25T23:03:14 | INFO    | goodware.engine | Goodware stopped.
2026-09-25T23:03:14 | INFO    | goodware.engine | ============================================================
2026-09-25T23:03:14 | INFO    | goodware.engine | Goodware v3.0 starting...
2026-09-25T23:03:14 | INFO    | goodware.engine |   node_id: None
2026-09-25T23:03:14 | INFO    | goodware.engine |   organization: None
2026-09-25T23:03:14 | INFO    | goodware.engine | ============================================================
2026-09-25T23:03:15 | INFO    | goodware.engine | Goodware stopped.
2026-09-25T23:03:44 | INFO    | goodware.engine | ============================================================
2026-09-25T23:03:44 | INFO    | goodware.engine | Goodware v3.0 starting...
2026-09-25T23:03:44 | INFO    | goodware.engine |   node_id: None
2026-09-25T23:03:44 | INFO    | goodware.engine |   organization: None
2026-09-25T23:03:44 | INFO    | goodware.engine | ============================================================
2026-09-26T23:59:09 | INFO    | goodware.engine | component registered: filesystem
2026-09-26T23:59:09 | INFO    | goodware.engine | component registered: process
2026-09-26T23:59:09 | INFO    | goodware.engine | component registered: network
2026-09-26T23:59:09 | INFO    | goodware.engine | component registered: memory
2026-09-26T23:59:09 | INFO    | goodware.engine | component registered: config
2026-09-26T23:59:09 | INFO    | goodware.engine | component registered: behavior
2026-09-26T23:59:09 | INFO    | goodware.engine | component registered: quantum
2026-09-26T23:59:09 | INFO    | goodware.engine |   watching 4 paths: ['/etc', '/usr/local/bin', '/usr/bin', '/tmp']
2026-09-26T23:59:12 | INFO    | goodware.engine | component registered: threat
2026-09-26T23:59:12 | INFO    | goodware.engine | component registered: anomaly
2026-09-26T23:59:12 | INFO    | goodware.engine | component registered: simulator
2026-09-26T23:59:13 | INFO    | goodware.engine | component registered: federated-server
2026-09-26T23:59:13 | INFO    | goodware.engine | component registered: federated-client
2026-09-26T23:59:13 | INFO    | goodware.engine | federated server listening on 127.0.0.1:8443
2026-09-26T23:59:15 | INFO    | goodware.engine | component registered: decision-engine
2026-09-26T23:59:15 | INFO    | goodware.engine | component registered: adaptive
2026-09-26T23:59:15 | INFO    | goodware.engine | component registered: mutation
2026-09-26T23:59:15 | INFO    | goodware.engine | component registered: zero_day
2026-09-26T23:59:23 | INFO    | goodware.engine | component registered: decision-engine
2026-09-26T23:59:23 | INFO    | goodware.engine | component registered: adaptive
2026-09-26T23:59:23 | INFO    | goodware.engine | component registered: mutation
2026-09-26T23:59:23 | INFO    | goodware.engine | component registered: zero_day
2026-09-26T23:59:23 | INFO    | goodware.engine | component registered: crypto
2026-09-26T23:59:23 | INFO    | goodware.engine | component registered: human-factor
2026-09-26T23:59:23 | INFO    | goodware.engine | component registered: decision
2026-09-26T23:59:23 | INFO    | goodware.engine | component registered: effector
2026-09-26T23:59:23 | INFO    | goodware.engine | component registered: chainsaw
2026-09-26T23:59:26 | INFO    | goodware.engine | component registered: immune
2026-09-26T23:59:26 | INFO    | goodware.engine | component registered: physical
2026-09-26T23:59:27 | INFO    | goodware.engine | component registered: supply-chain
2026-09-26T23:59:30 | INFO    | goodware.engine | ============================================================
2026-09-26T23:59:30 | INFO    | goodware.engine | Goodware v3.0 starting...
2026-09-26T23:59:30 | INFO    | goodware.engine |   node_id: None
2026-09-26T23:59:30 | INFO    | goodware.engine |   organization: None
2026-09-26T23:59:30 | INFO    | goodware.engine | ============================================================
2026-09-26T23:59:30 | INFO    | goodware.engine | Goodware stopped.
2026-09-26T23:59:30 | INFO    | goodware.engine | ============================================================
2026-09-26T23:59:30 | INFO    | goodware.engine | Goodware v3.0 starting...
2026-09-26T23:59:30 | INFO    | goodware.engine |   node_id: None
2026-09-26T23:59:30 | INFO    | goodware.engine |   organization: None
2026-09-26T23:59:30 | INFO    | goodware.engine | ============================================================
2026-09-26T23:59:30 | INFO    | goodware.engine | Goodware stopped.
2026-09-26T23:59:31 | INFO    | goodware.engine | hunter2
2026-09-26T23:59:31 | INFO    | goodware.engine | component registered: dummy
2026-09-26T23:59:32 | INFO    | goodware.engine | test
2026-09-26T23:59:32 | WARNING | goodware.engine | warn
2026-09-26T23:59:32 | ERROR   | goodware.engine | err
2026-09-26T23:59:32 | INFO    | goodware.engine | component registered: with_attach
2026-09-26T23:59:32 | INFO    | goodware.engine | component registered: dummy
2026-09-26T23:59:32 | INFO    | goodware.engine | ============================================================
2026-09-26T23:59:32 | INFO    | goodware.engine | Goodware v3.0 starting...
2026-09-26T23:59:32 | INFO    | goodware.engine |   node_id: None
2026-09-26T23:59:32 | INFO    | goodware.engine |   organization: None
2026-09-26T23:59:32 | INFO    | goodware.engine | ============================================================
2026-09-26T23:59:32 | INFO    | goodware.engine |   ✓ dummy running
2026-09-26T23:59:32 | INFO    | goodware.engine | Goodware stopped.
2026-09-26T23:59:34 | INFO    | goodware.engine | component registered: threat
2026-09-26T23:59:34 | INFO    | goodware.engine | component registered: anomaly
2026-09-26T23:59:34 | INFO    | goodware.engine | component registered: simulator
2026-09-26T23:59:34 | INFO    | goodware.engine | component registered: filesystem
2026-09-26T23:59:34 | INFO    | goodware.engine | component registered: process
2026-09-26T23:59:34 | INFO    | goodware.engine | component registered: network
2026-09-26T23:59:34 | INFO    | goodware.engine | component registered: memory
2026-09-26T23:59:34 | INFO    | goodware.engine | component registered: config
2026-09-26T23:59:34 | INFO    | goodware.engine | component registered: behavior
2026-09-26T23:59:34 | INFO    | goodware.engine | component registered: quantum
2026-09-26T23:59:34 | INFO    | goodware.engine | component registered: filesystem
2026-09-26T23:59:35 | INFO    | goodware.engine | component registered: process
2026-09-26T23:59:35 | INFO    | goodware.engine | component registered: network
2026-09-26T23:59:35 | INFO    | goodware.engine | component registered: memory
2026-09-26T23:59:35 | INFO    | goodware.engine | component registered: config
2026-09-26T23:59:35 | INFO    | goodware.engine | component registered: behavior
2026-09-26T23:59:35 | INFO    | goodware.engine | component registered: quantum
2026-09-26T23:59:35 | INFO    | goodware.engine | component registered: filesystem
2026-09-26T23:59:35 | INFO    | goodware.engine | component registered: process
2026-09-26T23:59:35 | INFO    | goodware.engine | component registered: network
2026-09-26T23:59:35 | INFO    | goodware.engine | component registered: memory
2026-09-26T23:59:35 | INFO    | goodware.engine | component registered: config
2026-09-26T23:59:35 | INFO    | goodware.engine | component registered: behavior
2026-09-26T23:59:35 | INFO    | goodware.engine | component registered: quantum
2026-09-26T23:59:35 | INFO    | goodware.engine | component registered: filesystem
2026-09-26T23:59:35 | INFO    | goodware.engine | component registered: process
2026-09-26T23:59:35 | INFO    | goodware.engine | component registered: network
2026-09-26T23:59:35 | INFO    | goodware.engine | component registered: memory
2026-09-26T23:59:35 | INFO    | goodware.engine | component registered: config
2026-09-26T23:59:35 | INFO    | goodware.engine | component registered: behavior
2026-09-26T23:59:35 | INFO    | goodware.engine | component registered: quantum
2026-09-26T23:59:35 | INFO    | goodware.engine | component registered: filesystem
2026-09-26T23:59:35 | INFO    | goodware.engine | component registered: process
2026-09-26T23:59:35 | INFO    | goodware.engine | component registered: network
2026-09-26T23:59:35 | INFO    | goodware.engine | component registered: memory
2026-09-26T23:59:35 | INFO    | goodware.engine | component registered: config
2026-09-26T23:59:35 | INFO    | goodware.engine | component registered: behavior
2026-09-26T23:59:35 | INFO    | goodware.engine | component registered: quantum
2026-09-26T23:59:35 | INFO    | goodware.engine | component registered: filesystem
2026-09-26T23:59:35 | INFO    | goodware.engine | component registered: process
2026-09-26T23:59:35 | INFO    | goodware.engine | component registered: network
2026-09-26T23:59:35 | INFO    | goodware.engine | component registered: memory
2026-09-26T23:59:35 | INFO    | goodware.engine | component registered: config
2026-09-26T23:59:35 | INFO    | goodware.engine | component registered: behavior
2026-09-26T23:59:35 | INFO    | goodware.engine | component registered: quantum
2026-09-26T23:59:35 | INFO    | goodware.engine | component registered: filesystem
2026-09-26T23:59:35 | INFO    | goodware.engine | component registered: process
2026-09-26T23:59:35 | INFO    | goodware.engine | component registered: network
2026-09-26T23:59:35 | INFO    | goodware.engine | component registered: memory
2026-09-26T23:59:35 | INFO    | goodware.engine | component registered: config
2026-09-26T23:59:35 | INFO    | goodware.engine | component registered: behavior
2026-09-26T23:59:35 | INFO    | goodware.engine | component registered: quantum
2026-09-26T23:59:35 | INFO    | goodware.engine | component registered: filesystem
2026-09-26T23:59:35 | INFO    | goodware.engine | component registered: process
2026-09-26T23:59:35 | INFO    | goodware.engine | component registered: network
2026-09-26T23:59:35 | INFO    | goodware.engine | component registered: memory
2026-09-26T23:59:35 | INFO    | goodware.engine | component registered: config
2026-09-26T23:59:35 | INFO    | goodware.engine | component registered: behavior
2026-09-26T23:59:35 | INFO    | goodware.engine | component registered: quantum
2026-09-26T23:59:35 | INFO    | goodware.engine | component registered: filesystem
2026-09-26T23:59:35 | INFO    | goodware.engine | component registered: process
2026-09-26T23:59:35 | INFO    | goodware.engine | component registered: network
2026-09-26T23:59:35 | INFO    | goodware.engine | component registered: memory
2026-09-26T23:59:35 | INFO    | goodware.engine | component registered: config
2026-09-26T23:59:35 | INFO    | goodware.engine | component registered: behavior
2026-09-26T23:59:35 | INFO    | goodware.engine | component registered: quantum
2026-09-26T23:59:35 | INFO    | goodware.engine | component registered: filesystem
2026-09-26T23:59:35 | INFO    | goodware.engine | component registered: process
2026-09-26T23:59:35 | INFO    | goodware.engine | component registered: network
2026-09-26T23:59:35 | INFO    | goodware.engine | component registered: memory
2026-09-26T23:59:35 | INFO    | goodware.engine | component registered: config
2026-09-26T23:59:35 | INFO    | goodware.engine | component registered: behavior
2026-09-26T23:59:35 | INFO    | goodware.engine | component registered: quantum
2026-09-26T23:59:35 | INFO    | goodware.engine | component registered: filesystem
2026-09-26T23:59:35 | INFO    | goodware.engine | component registered: process
2026-09-26T23:59:35 | INFO    | goodware.engine | component registered: network
2026-09-26T23:59:35 | INFO    | goodware.engine | component registered: memory
2026-09-26T23:59:35 | INFO    | goodware.engine | component registered: config
2026-09-26T23:59:35 | INFO    | goodware.engine | component registered: behavior
2026-09-26T23:59:35 | INFO    | goodware.engine | component registered: quantum
2026-09-26T23:59:35 | INFO    | goodware.engine | component registered: filesystem
2026-09-26T23:59:35 | INFO    | goodware.engine | component registered: process
2026-09-26T23:59:35 | INFO    | goodware.engine | component registered: network
2026-09-26T23:59:35 | INFO    | goodware.engine | component registered: memory
2026-09-26T23:59:35 | INFO    | goodware.engine | component registered: config
2026-09-26T23:59:35 | INFO    | goodware.engine | component registered: behavior
2026-09-26T23:59:35 | INFO    | goodware.engine | component registered: quantum
2026-09-26T23:59:35 | INFO    | goodware.engine | component registered: filesystem
2026-09-26T23:59:35 | INFO    | goodware.engine | component registered: process
2026-09-26T23:59:35 | INFO    | goodware.engine | component registered: network
2026-09-26T23:59:35 | INFO    | goodware.engine | component registered: memory
2026-09-26T23:59:35 | INFO    | goodware.engine | component registered: config
2026-09-26T23:59:35 | INFO    | goodware.engine | component registered: behavior
2026-09-26T23:59:35 | INFO    | goodware.engine | component registered: quantum
2026-09-26T23:59:35 | INFO    | goodware.engine | component registered: filesystem
2026-09-26T23:59:35 | INFO    | goodware.engine | component registered: process
2026-09-26T23:59:35 | INFO    | goodware.engine | component registered: network
2026-09-26T23:59:35 | INFO    | goodware.engine | component registered: memory
2026-09-26T23:59:35 | INFO    | goodware.engine | component registered: config
2026-09-26T23:59:35 | INFO    | goodware.engine | component registered: behavior
2026-09-26T23:59:35 | INFO    | goodware.engine | component registered: quantum
2026-09-26T23:59:35 | INFO    | goodware.engine | component registered: filesystem
2026-09-26T23:59:35 | INFO    | goodware.engine | component registered: process
2026-09-26T23:59:35 | INFO    | goodware.engine | component registered: network
2026-09-26T23:59:35 | INFO    | goodware.engine | component registered: memory
2026-09-26T23:59:35 | INFO    | goodware.engine | component registered: config
2026-09-26T23:59:35 | INFO    | goodware.engine | component registered: behavior
2026-09-26T23:59:35 | INFO    | goodware.engine | component registered: quantum
2026-09-26T23:59:35 | INFO    | goodware.engine | component registered: filesystem
2026-09-26T23:59:35 | INFO    | goodware.engine | component registered: process
2026-09-26T23:59:35 | INFO    | goodware.engine | component registered: network
2026-09-26T23:59:35 | INFO    | goodware.engine | component registered: memory
2026-09-26T23:59:35 | INFO    | goodware.engine | component registered: config
2026-09-26T23:59:35 | INFO    | goodware.engine | component registered: behavior
2026-09-26T23:59:35 | INFO    | goodware.engine | component registered: quantum
2026-09-26T23:59:35 | INFO    | goodware.engine |   watching 2 paths: ['/etc', '/tmp']
2026-09-26T23:59:35 | INFO    | goodware.engine | component registered: filesystem
2026-09-26T23:59:35 | INFO    | goodware.engine | component registered: process
2026-09-26T23:59:35 | INFO    | goodware.engine | component registered: network
2026-09-26T23:59:35 | INFO    | goodware.engine | component registered: memory
2026-09-26T23:59:35 | INFO    | goodware.engine | component registered: config
2026-09-26T23:59:35 | INFO    | goodware.engine | component registered: behavior
2026-09-26T23:59:35 | INFO    | goodware.engine | component registered: quantum
2026-09-26T23:59:35 | INFO    | goodware.engine | component registered: filesystem
2026-09-26T23:59:35 | INFO    | goodware.engine | component registered: process
2026-09-26T23:59:35 | INFO    | goodware.engine | component registered: network
2026-09-26T23:59:35 | INFO    | goodware.engine | component registered: memory
2026-09-26T23:59:35 | INFO    | goodware.engine | component registered: config
2026-09-26T23:59:35 | INFO    | goodware.engine | component registered: behavior
2026-09-26T23:59:35 | INFO    | goodware.engine | component registered: quantum
2026-09-26T23:59:36 | INFO    | goodware.engine | component registered: filesystem
2026-09-26T23:59:36 | INFO    | goodware.engine | component registered: process
2026-09-26T23:59:36 | INFO    | goodware.engine | component registered: network
2026-09-26T23:59:36 | INFO    | goodware.engine | component registered: memory
2026-09-26T23:59:36 | INFO    | goodware.engine | component registered: config
2026-09-26T23:59:36 | INFO    | goodware.engine | component registered: behavior
2026-09-26T23:59:36 | INFO    | goodware.engine | component registered: quantum
2026-09-26T23:59:36 | INFO    | goodware.engine | component registered: filesystem
2026-09-26T23:59:36 | INFO    | goodware.engine | component registered: process
2026-09-26T23:59:36 | INFO    | goodware.engine | component registered: network
2026-09-26T23:59:36 | INFO    | goodware.engine | component registered: memory
2026-09-26T23:59:36 | INFO    | goodware.engine | component registered: config
2026-09-26T23:59:36 | INFO    | goodware.engine | component registered: behavior
2026-09-26T23:59:36 | INFO    | goodware.engine | component registered: quantum
2026-09-26T23:59:36 | INFO    | goodware.engine | component registered: filesystem
2026-09-26T23:59:36 | INFO    | goodware.engine | component registered: process
2026-09-26T23:59:36 | INFO    | goodware.engine | component registered: network
2026-09-26T23:59:36 | INFO    | goodware.engine | component registered: memory
2026-09-26T23:59:36 | INFO    | goodware.engine | component registered: config
2026-09-26T23:59:36 | INFO    | goodware.engine | component registered: behavior
2026-09-26T23:59:36 | INFO    | goodware.engine | component registered: quantum
2026-09-26T23:59:36 | INFO    | goodware.engine | component registered: filesystem
2026-09-26T23:59:36 | INFO    | goodware.engine | component registered: process
2026-09-26T23:59:36 | INFO    | goodware.engine | component registered: network
2026-09-26T23:59:36 | INFO    | goodware.engine | component registered: memory
2026-09-26T23:59:36 | INFO    | goodware.engine | component registered: config
2026-09-26T23:59:36 | INFO    | goodware.engine | component registered: behavior
2026-09-26T23:59:36 | INFO    | goodware.engine | component registered: quantum
2026-09-26T23:59:36 | INFO    | goodware.engine | component registered: filesystem
2026-09-26T23:59:36 | INFO    | goodware.engine | component registered: process
2026-09-26T23:59:36 | INFO    | goodware.engine | component registered: network
2026-09-26T23:59:36 | INFO    | goodware.engine | component registered: memory
2026-09-26T23:59:36 | INFO    | goodware.engine | component registered: config
2026-09-26T23:59:36 | INFO    | goodware.engine | component registered: behavior
2026-09-26T23:59:36 | INFO    | goodware.engine | component registered: quantum
2026-09-26T23:59:36 | INFO    | goodware.engine | component registered: filesystem
2026-09-26T23:59:36 | INFO    | goodware.engine | component registered: process
2026-09-26T23:59:36 | INFO    | goodware.engine | component registered: network
2026-09-26T23:59:36 | INFO    | goodware.engine | component registered: memory
2026-09-26T23:59:36 | INFO    | goodware.engine | component registered: config
2026-09-26T23:59:36 | INFO    | goodware.engine | component registered: behavior
2026-09-26T23:59:36 | INFO    | goodware.engine | component registered: quantum
2026-09-26T23:59:36 | INFO    | goodware.engine | component registered: filesystem
2026-09-26T23:59:36 | INFO    | goodware.engine | component registered: process
2026-09-26T23:59:36 | INFO    | goodware.engine | component registered: network
2026-09-26T23:59:36 | INFO    | goodware.engine | component registered: memory
2026-09-26T23:59:36 | INFO    | goodware.engine | component registered: config
2026-09-26T23:59:36 | INFO    | goodware.engine | component registered: behavior
2026-09-26T23:59:36 | INFO    | goodware.engine | component registered: quantum
2026-09-26T23:59:36 | INFO    | goodware.engine | component registered: filesystem
2026-09-26T23:59:36 | INFO    | goodware.engine | component registered: process
2026-09-26T23:59:36 | INFO    | goodware.engine | component registered: network
2026-09-26T23:59:36 | INFO    | goodware.engine | component registered: memory
2026-09-26T23:59:36 | INFO    | goodware.engine | component registered: config
2026-09-26T23:59:36 | INFO    | goodware.engine | component registered: behavior
2026-09-26T23:59:36 | INFO    | goodware.engine | component registered: quantum
2026-09-26T23:59:36 | INFO    | goodware.engine | component registered: filesystem
2026-09-26T23:59:36 | INFO    | goodware.engine | component registered: process
2026-09-26T23:59:36 | INFO    | goodware.engine | component registered: network
2026-09-26T23:59:36 | INFO    | goodware.engine | component registered: memory
2026-09-26T23:59:36 | INFO    | goodware.engine | component registered: config
2026-09-26T23:59:36 | INFO    | goodware.engine | component registered: behavior
2026-09-26T23:59:36 | INFO    | goodware.engine | component registered: quantum
2026-09-26T23:59:36 | INFO    | goodware.engine | component registered: filesystem
2026-09-26T23:59:36 | INFO    | goodware.engine | component registered: process
2026-09-26T23:59:36 | INFO    | goodware.engine | component registered: network
2026-09-26T23:59:36 | INFO    | goodware.engine | component registered: memory
2026-09-26T23:59:36 | INFO    | goodware.engine | component registered: config
2026-09-26T23:59:36 | INFO    | goodware.engine | component registered: behavior
2026-09-26T23:59:36 | INFO    | goodware.engine | component registered: quantum
2026-09-26T23:59:36 | INFO    | goodware.engine | component registered: filesystem
2026-09-26T23:59:36 | INFO    | goodware.engine | component registered: process
2026-09-26T23:59:36 | INFO    | goodware.engine | component registered: network
2026-09-26T23:59:36 | INFO    | goodware.engine | component registered: memory
2026-09-26T23:59:36 | INFO    | goodware.engine | component registered: config
2026-09-26T23:59:36 | INFO    | goodware.engine | component registered: behavior
2026-09-26T23:59:36 | INFO    | goodware.engine | component registered: quantum
2026-09-26T23:59:37 | INFO    | goodware.engine | component registered: filesystem
2026-09-26T23:59:37 | INFO    | goodware.engine | component registered: process
2026-09-26T23:59:37 | INFO    | goodware.engine | component registered: network
2026-09-26T23:59:37 | INFO    | goodware.engine | component registered: memory
2026-09-26T23:59:37 | INFO    | goodware.engine | component registered: config
2026-09-26T23:59:37 | INFO    | goodware.engine | component registered: behavior
2026-09-26T23:59:37 | INFO    | goodware.engine | component registered: quantum
2026-09-26T23:59:37 | INFO    | goodware.engine | component registered: filesystem
2026-09-26T23:59:37 | INFO    | goodware.engine | component registered: process
2026-09-26T23:59:37 | INFO    | goodware.engine | component registered: network
2026-09-26T23:59:37 | INFO    | goodware.engine | component registered: memory
2026-09-26T23:59:37 | INFO    | goodware.engine | component registered: config
2026-09-26T23:59:37 | INFO    | goodware.engine | component registered: behavior
2026-09-26T23:59:37 | INFO    | goodware.engine | component registered: quantum
2026-09-26T23:59:37 | INFO    | goodware.engine | component registered: filesystem
2026-09-26T23:59:37 | INFO    | goodware.engine | component registered: process
2026-09-26T23:59:37 | INFO    | goodware.engine | component registered: network
2026-09-26T23:59:37 | INFO    | goodware.engine | component registered: memory
2026-09-26T23:59:37 | INFO    | goodware.engine | component registered: config
2026-09-26T23:59:37 | INFO    | goodware.engine | component registered: behavior
2026-09-26T23:59:37 | INFO    | goodware.engine | component registered: quantum
2026-09-26T23:59:37 | INFO    | goodware.engine |   watching 2 paths: ['/etc', '/tmp']
2026-09-26T23:59:37 | INFO    | goodware.engine | component registered: filesystem
2026-09-26T23:59:37 | INFO    | goodware.engine | component registered: process
2026-09-26T23:59:37 | INFO    | goodware.engine | component registered: network
2026-09-26T23:59:37 | INFO    | goodware.engine | component registered: memory
2026-09-26T23:59:37 | INFO    | goodware.engine | component registered: config
2026-09-26T23:59:37 | INFO    | goodware.engine | component registered: behavior
2026-09-26T23:59:37 | INFO    | goodware.engine | component registered: quantum
2026-09-26T23:59:37 | INFO    | goodware.engine |   watching 2 paths: ['/etc', '/tmp']
2026-09-26T23:59:38 | INFO    | goodware.engine | ============================================================
2026-09-26T23:59:38 | INFO    | goodware.engine | Goodware v3.0 starting...
2026-09-26T23:59:38 | INFO    | goodware.engine |   node_id: None
2026-09-26T23:59:38 | INFO    | goodware.engine |   organization: None
2026-09-26T23:59:38 | INFO    | goodware.engine | ============================================================
2026-09-26T23:59:38 | INFO    | goodware.engine | Goodware stopped.
2026-09-26T23:59:38 | INFO    | goodware.engine | ============================================================
2026-09-26T23:59:38 | INFO    | goodware.engine | Goodware v3.0 starting...
2026-09-26T23:59:38 | INFO    | goodware.engine |   node_id: None
2026-09-26T23:59:38 | INFO    | goodware.engine |   organization: None
2026-09-26T23:59:38 | INFO    | goodware.engine | ============================================================
2026-09-26T23:59:40 | INFO    | goodware.engine | Goodware stopped.
2026-09-26T23:59:40 | INFO    | goodware.engine | ============================================================
2026-09-26T23:59:40 | INFO    | goodware.engine | Goodware v3.0 starting...
2026-09-26T23:59:40 | INFO    | goodware.engine |   node_id: None
2026-09-26T23:59:40 | INFO    | goodware.engine |   organization: None
2026-09-26T23:59:40 | INFO    | goodware.engine | ============================================================
2026-09-26T23:59:40 | INFO    | goodware.engine | Goodware stopped.
2026-09-26T23:59:40 | INFO    | goodware.engine | ============================================================
2026-09-26T23:59:40 | INFO    | goodware.engine | Goodware v3.0 starting...
2026-09-26T23:59:40 | INFO    | goodware.engine |   node_id: None
2026-09-26T23:59:40 | INFO    | goodware.engine |   organization: None
2026-09-26T23:59:40 | INFO    | goodware.engine | ============================================================
2026-09-26T23:59:40 | INFO    | goodware.engine | Goodware stopped.
2026-09-26T23:59:40 | INFO    | goodware.engine | ============================================================
2026-09-26T23:59:40 | INFO    | goodware.engine | Goodware v3.0 starting...
2026-09-26T23:59:40 | INFO    | goodware.engine |   node_id: None
2026-09-26T23:59:40 | INFO    | goodware.engine |   organization: None
2026-09-26T23:59:40 | INFO    | goodware.engine | ============================================================
2026-09-26T23:59:40 | INFO    | goodware.engine | Goodware stopped.
2026-09-26T23:59:40 | INFO    | goodware.engine | ============================================================
2026-09-26T23:59:40 | INFO    | goodware.engine | Goodware v3.0 starting...
2026-09-26T23:59:40 | INFO    | goodware.engine |   node_id: None
2026-09-26T23:59:40 | INFO    | goodware.engine |   organization: None
2026-09-26T23:59:40 | INFO    | goodware.engine | ============================================================
2026-09-26T23:59:40 | INFO    | goodware.engine | Goodware stopped.
2026-09-26T23:59:40 | INFO    | goodware.engine | ============================================================
2026-09-26T23:59:40 | INFO    | goodware.engine | Goodware v3.0 starting...
2026-09-26T23:59:40 | INFO    | goodware.engine |   node_id: None
2026-09-26T23:59:40 | INFO    | goodware.engine |   organization: None
2026-09-26T23:59:40 | INFO    | goodware.engine | ============================================================
2026-09-26T23:59:40 | INFO    | goodware.engine | Goodware stopped.
2026-09-26T23:59:40 | INFO    | goodware.engine | ============================================================
2026-09-26T23:59:40 | INFO    | goodware.engine | Goodware v3.0 starting...
2026-09-26T23:59:40 | INFO    | goodware.engine |   node_id: None
2026-09-26T23:59:40 | INFO    | goodware.engine |   organization: None
2026-09-26T23:59:40 | INFO    | goodware.engine | ============================================================
2026-09-26T23:59:41 | INFO    | goodware.engine | Goodware stopped.
2026-09-26T23:59:41 | INFO    | goodware.engine | ============================================================
2026-09-26T23:59:41 | INFO    | goodware.engine | Goodware v3.0 starting...
2026-09-26T23:59:41 | INFO    | goodware.engine |   node_id: None
2026-09-26T23:59:41 | INFO    | goodware.engine |   organization: None
2026-09-26T23:59:41 | INFO    | goodware.engine | ============================================================
2026-09-26T23:59:41 | INFO    | goodware.engine | Goodware stopped.
2026-09-26T23:59:41 | INFO    | goodware.engine | ============================================================
2026-09-26T23:59:41 | INFO    | goodware.engine | Goodware v3.0 starting...
2026-09-26T23:59:41 | INFO    | goodware.engine |   node_id: None
2026-09-26T23:59:41 | INFO    | goodware.engine |   organization: None
2026-09-26T23:59:41 | INFO    | goodware.engine | ============================================================
2026-09-26T23:59:41 | INFO    | goodware.engine | Goodware stopped.
2026-09-26T23:59:41 | INFO    | goodware.engine | ============================================================
2026-09-26T23:59:41 | INFO    | goodware.engine | Goodware v3.0 starting...
2026-09-26T23:59:41 | INFO    | goodware.engine |   node_id: None
2026-09-26T23:59:41 | INFO    | goodware.engine |   organization: None
2026-09-26T23:59:41 | INFO    | goodware.engine | ============================================================
2026-09-26T23:59:41 | INFO    | goodware.engine | Goodware stopped.
2026-09-26T23:59:41 | INFO    | goodware.engine | ============================================================
2026-09-26T23:59:41 | INFO    | goodware.engine | Goodware v3.0 starting...
2026-09-26T23:59:41 | INFO    | goodware.engine |   node_id: None
2026-09-26T23:59:41 | INFO    | goodware.engine |   organization: None
2026-09-26T23:59:41 | INFO    | goodware.engine | ============================================================
2026-09-26T23:59:41 | INFO    | goodware.engine | Goodware stopped.
2026-09-26T23:59:41 | INFO    | goodware.engine | ============================================================
2026-09-26T23:59:41 | INFO    | goodware.engine | Goodware v3.0 starting...
2026-09-26T23:59:41 | INFO    | goodware.engine |   node_id: None
2026-09-26T23:59:41 | INFO    | goodware.engine |   organization: None
2026-09-26T23:59:41 | INFO    | goodware.engine | ============================================================
2026-09-26T23:59:41 | INFO    | goodware.engine | Goodware stopped.
2026-09-26T23:59:41 | INFO    | goodware.engine | ============================================================
2026-09-26T23:59:41 | INFO    | goodware.engine | Goodware v3.0 starting...
2026-09-26T23:59:41 | INFO    | goodware.engine |   node_id: None
2026-09-26T23:59:41 | INFO    | goodware.engine |   organization: None
2026-09-26T23:59:41 | INFO    | goodware.engine | ============================================================
2026-09-26T23:59:41 | INFO    | goodware.engine | Goodware stopped.
2026-09-26T23:59:41 | INFO    | goodware.engine | ============================================================
2026-09-26T23:59:41 | INFO    | goodware.engine | Goodware v3.0 starting...
2026-09-26T23:59:41 | INFO    | goodware.engine |   node_id: None
2026-09-26T23:59:41 | INFO    | goodware.engine |   organization: None
2026-09-26T23:59:41 | INFO    | goodware.engine | ============================================================
2026-09-26T23:59:42 | INFO    | goodware.engine | Goodware stopped.
2026-09-26T23:59:42 | INFO    | goodware.engine | ============================================================
2026-09-26T23:59:42 | INFO    | goodware.engine | Goodware v3.0 starting...
2026-09-26T23:59:42 | INFO    | goodware.engine |   node_id: None
2026-09-26T23:59:42 | INFO    | goodware.engine |   organization: None
2026-09-26T23:59:42 | INFO    | goodware.engine | ============================================================
2026-09-26T23:59:42 | INFO    | goodware.engine | Goodware stopped.
2026-09-26T23:59:42 | INFO    | goodware.engine | ============================================================
2026-09-26T23:59:42 | INFO    | goodware.engine | Goodware v3.0 starting...
2026-09-26T23:59:42 | INFO    | goodware.engine |   node_id: None
2026-09-26T23:59:42 | INFO    | goodware.engine |   organization: None
2026-09-26T23:59:42 | INFO    | goodware.engine | ============================================================
2026-09-26T23:59:42 | INFO    | goodware.engine | Goodware stopped.
2026-09-26T23:59:42 | INFO    | goodware.engine | ============================================================
2026-09-26T23:59:42 | INFO    | goodware.engine | Goodware v3.0 starting...
2026-09-26T23:59:42 | INFO    | goodware.engine |   node_id: None
2026-09-26T23:59:42 | INFO    | goodware.engine |   organization: None
2026-09-26T23:59:42 | INFO    | goodware.engine | ============================================================
2026-09-26T23:59:42 | INFO    | goodware.engine | Goodware stopped.
2026-09-26T23:59:42 | INFO    | goodware.engine | ============================================================
2026-09-26T23:59:42 | INFO    | goodware.engine | Goodware v3.0 starting...
2026-09-26T23:59:42 | INFO    | goodware.engine |   node_id: None
2026-09-26T23:59:42 | INFO    | goodware.engine |   organization: None
2026-09-26T23:59:42 | INFO    | goodware.engine | ============================================================
2026-09-26T23:59:42 | INFO    | goodware.engine | Goodware stopped.
2026-09-26T23:59:42 | INFO    | goodware.engine | ============================================================
2026-09-26T23:59:42 | INFO    | goodware.engine | Goodware v3.0 starting...
2026-09-26T23:59:42 | INFO    | goodware.engine |   node_id: None
2026-09-26T23:59:42 | INFO    | goodware.engine |   organization: None
2026-09-26T23:59:42 | INFO    | goodware.engine | ============================================================
2026-09-26T23:59:42 | INFO    | goodware.engine | Goodware stopped.
2026-09-26T23:59:43 | INFO    | goodware.engine | ============================================================
2026-09-26T23:59:43 | INFO    | goodware.engine | Goodware v3.0 starting...
2026-09-26T23:59:43 | INFO    | goodware.engine |   node_id: None
2026-09-26T23:59:43 | INFO    | goodware.engine |   organization: None
2026-09-26T23:59:43 | INFO    | goodware.engine | ============================================================
2026-09-26T23:59:43 | INFO    | goodware.engine | Goodware stopped.
2026-09-26T23:59:43 | INFO    | goodware.engine | ============================================================
2026-09-26T23:59:43 | INFO    | goodware.engine | Goodware v3.0 starting...
2026-09-26T23:59:43 | INFO    | goodware.engine |   node_id: None
2026-09-26T23:59:43 | INFO    | goodware.engine |   organization: None
2026-09-26T23:59:43 | INFO    | goodware.engine | ============================================================
2026-09-26T23:59:43 | INFO    | goodware.engine | Goodware stopped.
2026-09-27T10:30:43 | INFO    | goodware.engine | component registered: decision-engine
2026-09-27T10:30:43 | INFO    | goodware.engine | component registered: adaptive
2026-09-27T10:30:43 | INFO    | goodware.engine | component registered: mutation
2026-09-27T10:30:43 | INFO    | goodware.engine | component registered: zero_day
2026-09-27T10:30:52 | INFO    | goodware.engine | ============================================================
2026-09-27T10:30:52 | INFO    | goodware.engine | Goodware v3.0 starting...
2026-09-27T10:30:52 | INFO    | goodware.engine |   node_id: None
2026-09-27T10:30:52 | INFO    | goodware.engine |   organization: None
2026-09-27T10:30:52 | INFO    | goodware.engine | ============================================================
2026-09-27T10:30:52 | INFO    | goodware.engine | Goodware stopped.
2026-09-27T10:30:52 | INFO    | goodware.engine | ============================================================
2026-09-27T10:30:52 | INFO    | goodware.engine | Goodware v3.0 starting...
2026-09-27T10:30:52 | INFO    | goodware.engine |   node_id: None
2026-09-27T10:30:52 | INFO    | goodware.engine |   organization: None
2026-09-27T10:30:52 | INFO    | goodware.engine | ============================================================
2026-09-27T10:30:52 | INFO    | goodware.engine | Goodware stopped.
2026-09-27T10:30:52 | INFO    | goodware.engine | hunter2
2026-09-27T10:30:53 | INFO    | goodware.engine | component registered: dummy
2026-09-27T10:30:54 | INFO    | goodware.engine | test
2026-09-27T10:30:54 | WARNING | goodware.engine | warn
2026-09-27T10:30:54 | ERROR   | goodware.engine | err
2026-09-27T10:30:54 | INFO    | goodware.engine | component registered: with_attach
2026-09-27T10:30:54 | INFO    | goodware.engine | component registered: dummy
2026-09-27T10:30:54 | INFO    | goodware.engine | ============================================================
2026-09-27T10:30:54 | INFO    | goodware.engine | Goodware v3.0 starting...
2026-09-27T10:30:54 | INFO    | goodware.engine |   node_id: None
2026-09-27T10:30:54 | INFO    | goodware.engine |   organization: None
2026-09-27T10:30:54 | INFO    | goodware.engine | ============================================================
2026-09-27T10:30:54 | INFO    | goodware.engine |   ✓ dummy running
2026-09-27T10:30:54 | INFO    | goodware.engine | Goodware stopped.
2026-09-27T10:30:55 | INFO    | goodware.engine | ============================================================
2026-09-27T10:30:55 | INFO    | goodware.engine | Goodware v3.0 starting...
2026-09-27T10:30:55 | INFO    | goodware.engine |   node_id: None
2026-09-27T10:30:55 | INFO    | goodware.engine |   organization: None
2026-09-27T10:30:55 | INFO    | goodware.engine | ============================================================
2026-09-27T10:30:55 | INFO    | goodware.engine | Goodware stopped.
2026-09-27T10:30:55 | INFO    | goodware.engine | ============================================================
2026-09-27T10:30:55 | INFO    | goodware.engine | Goodware v3.0 starting...
2026-09-27T10:30:55 | INFO    | goodware.engine |   node_id: None
2026-09-27T10:30:55 | INFO    | goodware.engine |   organization: None
2026-09-27T10:30:55 | INFO    | goodware.engine | ============================================================
2026-09-27T10:30:55 | INFO    | goodware.engine | Goodware stopped.
2026-09-27T10:30:55 | INFO    | goodware.engine | ============================================================
2026-09-27T10:30:55 | INFO    | goodware.engine | Goodware v3.0 starting...
2026-09-27T10:30:55 | INFO    | goodware.engine |   node_id: None
2026-09-27T10:30:55 | INFO    | goodware.engine |   organization: None
2026-09-27T10:30:55 | INFO    | goodware.engine | ============================================================
2026-09-27T10:30:55 | INFO    | goodware.engine | Goodware stopped.
2026-09-27T10:30:55 | INFO    | goodware.engine | ============================================================
2026-09-27T10:30:55 | INFO    | goodware.engine | Goodware v3.0 starting...
2026-09-27T10:30:55 | INFO    | goodware.engine |   node_id: None
2026-09-27T10:30:55 | INFO    | goodware.engine |   organization: None
2026-09-27T10:30:55 | INFO    | goodware.engine | ============================================================
2026-09-27T10:30:56 | INFO    | goodware.engine | Goodware stopped.
2026-09-27T10:30:56 | INFO    | goodware.engine | ============================================================
2026-09-27T10:30:56 | INFO    | goodware.engine | Goodware v3.0 starting...
2026-09-27T10:30:56 | INFO    | goodware.engine |   node_id: None
2026-09-27T10:30:56 | INFO    | goodware.engine |   organization: None
2026-09-27T10:30:56 | INFO    | goodware.engine | ============================================================
2026-09-27T10:30:56 | INFO    | goodware.engine | Goodware stopped.
2026-09-27T10:30:56 | INFO    | goodware.engine | ============================================================
2026-09-27T10:30:56 | INFO    | goodware.engine | Goodware v3.0 starting...
2026-09-27T10:30:56 | INFO    | goodware.engine |   node_id: None
2026-09-27T10:30:56 | INFO    | goodware.engine |   organization: None
2026-09-27T10:30:56 | INFO    | goodware.engine | ============================================================
2026-09-27T10:30:56 | INFO    | goodware.engine | Goodware stopped.
2026-09-27T10:30:56 | INFO    | goodware.engine | ============================================================
2026-09-27T10:30:56 | INFO    | goodware.engine | Goodware v3.0 starting...
2026-09-27T10:30:56 | INFO    | goodware.engine |   node_id: None
2026-09-27T10:30:56 | INFO    | goodware.engine |   organization: None
2026-09-27T10:30:56 | INFO    | goodware.engine | ============================================================
2026-09-27T10:30:56 | INFO    | goodware.engine | Goodware stopped.
2026-09-27T10:30:56 | INFO    | goodware.engine | ============================================================
2026-09-27T10:30:56 | INFO    | goodware.engine | Goodware v3.0 starting...
2026-09-27T10:30:56 | INFO    | goodware.engine |   node_id: None
2026-09-27T10:30:56 | INFO    | goodware.engine |   organization: None
2026-09-27T10:30:56 | INFO    | goodware.engine | ============================================================
2026-09-27T10:30:56 | INFO    | goodware.engine | Goodware stopped.
2026-09-27T10:30:56 | INFO    | goodware.engine | ============================================================
2026-09-27T10:30:56 | INFO    | goodware.engine | Goodware v3.0 starting...
2026-09-27T10:30:56 | INFO    | goodware.engine |   node_id: None
2026-09-27T10:30:56 | INFO    | goodware.engine |   organization: None
2026-09-27T10:30:56 | INFO    | goodware.engine | ============================================================
2026-09-27T10:30:56 | INFO    | goodware.engine | Goodware stopped.
2026-09-27T10:30:56 | INFO    | goodware.engine | ============================================================
2026-09-27T10:30:56 | INFO    | goodware.engine | Goodware v3.0 starting...
2026-09-27T10:30:56 | INFO    | goodware.engine |   node_id: None
2026-09-27T10:30:56 | INFO    | goodware.engine |   organization: None
2026-09-27T10:30:56 | INFO    | goodware.engine | ============================================================
2026-09-27T10:30:57 | INFO    | goodware.engine | Goodware stopped.
2026-09-27T10:30:57 | INFO    | goodware.engine | ============================================================
2026-09-27T10:30:57 | INFO    | goodware.engine | Goodware v3.0 starting...
2026-09-27T10:30:57 | INFO    | goodware.engine |   node_id: None
2026-09-27T10:30:57 | INFO    | goodware.engine |   organization: None
2026-09-27T10:30:57 | INFO    | goodware.engine | ============================================================
2026-09-27T10:30:57 | INFO    | goodware.engine | Goodware stopped.
2026-09-27T10:30:57 | INFO    | goodware.engine | ============================================================
2026-09-27T10:30:57 | INFO    | goodware.engine | Goodware v3.0 starting...
2026-09-27T10:30:57 | INFO    | goodware.engine |   node_id: None
2026-09-27T10:30:57 | INFO    | goodware.engine |   organization: None
2026-09-27T10:30:57 | INFO    | goodware.engine | ============================================================
2026-09-27T10:30:57 | INFO    | goodware.engine | Goodware stopped.
2026-09-27T10:30:57 | INFO    | goodware.engine | ============================================================
2026-09-27T10:30:57 | INFO    | goodware.engine | Goodware v3.0 starting...
2026-09-27T10:30:57 | INFO    | goodware.engine |   node_id: None
2026-09-27T10:30:57 | INFO    | goodware.engine |   organization: None
2026-09-27T10:30:57 | INFO    | goodware.engine | ============================================================
2026-09-27T10:30:57 | INFO    | goodware.engine | Goodware stopped.
2026-09-27T10:30:57 | INFO    | goodware.engine | ============================================================
2026-09-27T10:30:57 | INFO    | goodware.engine | Goodware v3.0 starting...
2026-09-27T10:30:57 | INFO    | goodware.engine |   node_id: None
2026-09-27T10:30:57 | INFO    | goodware.engine |   organization: None
2026-09-27T10:30:57 | INFO    | goodware.engine | ============================================================
2026-09-27T10:30:58 | INFO    | goodware.engine | Goodware stopped.
2026-09-27T10:30:58 | INFO    | goodware.engine | ============================================================
2026-09-27T10:30:58 | INFO    | goodware.engine | Goodware v3.0 starting...
2026-09-27T10:30:58 | INFO    | goodware.engine |   node_id: None
2026-09-27T10:30:58 | INFO    | goodware.engine |   organization: None
2026-09-27T10:30:58 | INFO    | goodware.engine | ============================================================
2026-09-27T10:30:58 | INFO    | goodware.engine | Goodware stopped.
2026-09-27T10:30:58 | INFO    | goodware.engine | ============================================================
2026-09-27T10:30:58 | INFO    | goodware.engine | Goodware v3.0 starting...
2026-09-27T10:30:58 | INFO    | goodware.engine |   node_id: None
2026-09-27T10:30:58 | INFO    | goodware.engine |   organization: None
2026-09-27T10:30:58 | INFO    | goodware.engine | ============================================================
2026-09-27T10:30:58 | INFO    | goodware.engine | Goodware stopped.
2026-09-27T10:30:58 | INFO    | goodware.engine | ============================================================
2026-09-27T10:30:58 | INFO    | goodware.engine | Goodware v3.0 starting...
2026-09-27T10:30:58 | INFO    | goodware.engine |   node_id: None
2026-09-27T10:30:58 | INFO    | goodware.engine |   organization: None
2026-09-27T10:30:58 | INFO    | goodware.engine | ============================================================
2026-09-27T10:30:58 | INFO    | goodware.engine | Goodware stopped.
2026-09-27T10:30:58 | INFO    | goodware.engine | ============================================================
2026-09-27T10:30:58 | INFO    | goodware.engine | Goodware v3.0 starting...
2026-09-27T10:30:58 | INFO    | goodware.engine |   node_id: None
2026-09-27T10:30:58 | INFO    | goodware.engine |   organization: None
2026-09-27T10:30:58 | INFO    | goodware.engine | ============================================================
2026-09-27T10:30:58 | INFO    | goodware.engine | Goodware stopped.
2026-09-27T10:30:58 | INFO    | goodware.engine | ============================================================
2026-09-27T10:30:58 | INFO    | goodware.engine | Goodware v3.0 starting...
2026-09-27T10:30:58 | INFO    | goodware.engine |   node_id: None
2026-09-27T10:30:58 | INFO    | goodware.engine |   organization: None
2026-09-27T10:30:58 | INFO    | goodware.engine | ============================================================
2026-09-27T10:30:58 | INFO    | goodware.engine | Goodware stopped.
2026-09-27T10:30:58 | INFO    | goodware.engine | ============================================================
2026-09-27T10:30:58 | INFO    | goodware.engine | Goodware v3.0 starting...
2026-09-27T10:30:58 | INFO    | goodware.engine |   node_id: None
2026-09-27T10:30:58 | INFO    | goodware.engine |   organization: None
2026-09-27T10:30:58 | INFO    | goodware.engine | ============================================================
2026-09-27T10:30:58 | INFO    | goodware.engine | Goodware stopped.
2026-09-27T10:30:59 | INFO    | goodware.engine | ============================================================
2026-09-27T10:30:59 | INFO    | goodware.engine | Goodware v3.0 starting...
2026-09-27T10:30:59 | INFO    | goodware.engine |   node_id: None
2026-09-27T10:30:59 | INFO    | goodware.engine |   organization: None
2026-09-27T10:30:59 | INFO    | goodware.engine | ============================================================
2026-09-27T10:30:59 | INFO    | goodware.engine | Goodware stopped.
2026-09-27T10:30:59 | INFO    | goodware.engine | ============================================================
2026-09-27T10:30:59 | INFO    | goodware.engine | Goodware v3.0 starting...
2026-09-27T10:30:59 | INFO    | goodware.engine |   node_id: None
2026-09-27T10:30:59 | INFO    | goodware.engine |   organization: None
2026-09-27T10:30:59 | INFO    | goodware.engine | ============================================================
2026-09-27T10:30:59 | INFO    | goodware.engine | Goodware stopped.
2026-09-27T10:32:13 | INFO    | goodware.engine | component registered: decision-engine
2026-09-27T10:32:13 | INFO    | goodware.engine | component registered: adaptive
2026-09-27T10:32:13 | INFO    | goodware.engine | component registered: mutation
2026-09-27T10:32:13 | INFO    | goodware.engine | component registered: zero_day
2026-09-27T10:32:21 | INFO    | goodware.engine | component registered: decision-engine
2026-09-27T10:32:21 | INFO    | goodware.engine | component registered: adaptive
2026-09-27T10:32:21 | INFO    | goodware.engine | component registered: mutation
2026-09-27T10:32:21 | INFO    | goodware.engine | component registered: zero_day
2026-09-27T10:32:21 | INFO    | goodware.engine | component registered: crypto
2026-09-27T10:32:21 | INFO    | goodware.engine | component registered: human-factor
2026-09-27T10:32:21 | INFO    | goodware.engine | component registered: decision
2026-09-27T10:32:21 | INFO    | goodware.engine | component registered: effector
2026-09-27T10:32:21 | INFO    | goodware.engine | component registered: chainsaw
2026-09-27T10:32:24 | INFO    | goodware.engine | component registered: immune
2026-09-27T10:32:24 | INFO    | goodware.engine | component registered: physical
2026-09-27T10:32:24 | INFO    | goodware.engine | component registered: supply-chain
2026-09-27T10:32:28 | INFO    | goodware.engine | ============================================================
2026-09-27T10:32:28 | INFO    | goodware.engine | Goodware v3.0 starting...
2026-09-27T10:32:28 | INFO    | goodware.engine |   node_id: None
2026-09-27T10:32:28 | INFO    | goodware.engine |   organization: None
2026-09-27T10:32:28 | INFO    | goodware.engine | ============================================================
2026-09-27T10:32:29 | INFO    | goodware.engine | Goodware stopped.
2026-09-27T10:32:29 | INFO    | goodware.engine | ============================================================
2026-09-27T10:32:29 | INFO    | goodware.engine | Goodware v3.0 starting...
2026-09-27T10:32:29 | INFO    | goodware.engine |   node_id: None
2026-09-27T10:32:29 | INFO    | goodware.engine |   organization: None
2026-09-27T10:32:29 | INFO    | goodware.engine | ============================================================
2026-09-27T10:32:29 | INFO    | goodware.engine | Goodware stopped.
2026-09-27T10:32:29 | INFO    | goodware.engine | hunter2
2026-09-27T10:32:30 | INFO    | goodware.engine | component registered: dummy
2026-09-27T10:32:30 | INFO    | goodware.engine | test
2026-09-27T10:32:30 | WARNING | goodware.engine | warn
2026-09-27T10:32:30 | ERROR   | goodware.engine | err
2026-09-27T10:32:30 | INFO    | goodware.engine | component registered: with_attach
2026-09-27T10:32:31 | INFO    | goodware.engine | component registered: dummy
2026-09-27T10:32:31 | INFO    | goodware.engine | ============================================================
2026-09-27T10:32:31 | INFO    | goodware.engine | Goodware v3.0 starting...
2026-09-27T10:32:31 | INFO    | goodware.engine |   node_id: None
2026-09-27T10:32:31 | INFO    | goodware.engine |   organization: None
2026-09-27T10:32:31 | INFO    | goodware.engine | ============================================================
2026-09-27T10:32:31 | INFO    | goodware.engine |   ✓ dummy running
2026-09-27T10:32:31 | INFO    | goodware.engine | Goodware stopped.
2026-09-27T10:32:31 | INFO    | goodware.engine | ============================================================
2026-09-27T10:32:31 | INFO    | goodware.engine | Goodware v3.0 starting...
2026-09-27T10:32:31 | INFO    | goodware.engine |   node_id: None
2026-09-27T10:32:31 | INFO    | goodware.engine |   organization: None
2026-09-27T10:32:31 | INFO    | goodware.engine | ============================================================
2026-09-27T10:32:31 | INFO    | goodware.engine | Goodware stopped.
2026-09-27T10:32:31 | INFO    | goodware.engine | ============================================================
2026-09-27T10:32:31 | INFO    | goodware.engine | Goodware v3.0 starting...
2026-09-27T10:32:31 | INFO    | goodware.engine |   node_id: None
2026-09-27T10:32:31 | INFO    | goodware.engine |   organization: None
2026-09-27T10:32:31 | INFO    | goodware.engine | ============================================================
2026-09-27T10:32:31 | INFO    | goodware.engine | Goodware stopped.
2026-09-27T10:32:31 | INFO    | goodware.engine | ============================================================
2026-09-27T10:32:31 | INFO    | goodware.engine | Goodware v3.0 starting...
2026-09-27T10:32:31 | INFO    | goodware.engine |   node_id: None
2026-09-27T10:32:31 | INFO    | goodware.engine |   organization: None
2026-09-27T10:32:31 | INFO    | goodware.engine | ============================================================
2026-09-27T10:32:31 | INFO    | goodware.engine | Goodware stopped.
2026-09-27T10:32:32 | INFO    | goodware.engine | ============================================================
2026-09-27T10:32:32 | INFO    | goodware.engine | Goodware v3.0 starting...
2026-09-27T10:32:32 | INFO    | goodware.engine |   node_id: None
2026-09-27T10:32:32 | INFO    | goodware.engine |   organization: None
2026-09-27T10:32:32 | INFO    | goodware.engine | ============================================================
2026-09-27T10:32:32 | INFO    | goodware.engine | Goodware stopped.
2026-09-27T10:32:32 | INFO    | goodware.engine | ============================================================
2026-09-27T10:32:32 | INFO    | goodware.engine | Goodware v3.0 starting...
2026-09-27T10:32:32 | INFO    | goodware.engine |   node_id: None
2026-09-27T10:32:32 | INFO    | goodware.engine |   organization: None
2026-09-27T10:32:32 | INFO    | goodware.engine | ============================================================
2026-09-27T10:32:32 | INFO    | goodware.engine | Goodware stopped.
2026-09-27T10:32:32 | INFO    | goodware.engine | ============================================================
2026-09-27T10:32:32 | INFO    | goodware.engine | Goodware v3.0 starting...
2026-09-27T10:32:32 | INFO    | goodware.engine |   node_id: None
2026-09-27T10:32:32 | INFO    | goodware.engine |   organization: None
2026-09-27T10:32:32 | INFO    | goodware.engine | ============================================================
2026-09-27T10:32:32 | INFO    | goodware.engine | Goodware stopped.
2026-09-27T10:32:32 | INFO    | goodware.engine | ============================================================
2026-09-27T10:32:32 | INFO    | goodware.engine | Goodware v3.0 starting...
2026-09-27T10:32:32 | INFO    | goodware.engine |   node_id: None
2026-09-27T10:32:32 | INFO    | goodware.engine |   organization: None
2026-09-27T10:32:32 | INFO    | goodware.engine | ============================================================
2026-09-27T10:32:32 | INFO    | goodware.engine | Goodware stopped.
2026-09-27T10:32:32 | INFO    | goodware.engine | ============================================================
2026-09-27T10:32:32 | INFO    | goodware.engine | Goodware v3.0 starting...
2026-09-27T10:32:32 | INFO    | goodware.engine |   node_id: None
2026-09-27T10:32:32 | INFO    | goodware.engine |   organization: None
2026-09-27T10:32:32 | INFO    | goodware.engine | ============================================================
2026-09-27T10:32:32 | INFO    | goodware.engine | Goodware stopped.
2026-09-27T10:32:32 | INFO    | goodware.engine | ============================================================
2026-09-27T10:32:32 | INFO    | goodware.engine | Goodware v3.0 starting...
2026-09-27T10:32:32 | INFO    | goodware.engine |   node_id: None
2026-09-27T10:32:32 | INFO    | goodware.engine |   organization: None
2026-09-27T10:32:32 | INFO    | goodware.engine | ============================================================
2026-09-27T10:32:32 | INFO    | goodware.engine | Goodware stopped.
2026-09-27T10:32:32 | INFO    | goodware.engine | ============================================================
2026-09-27T10:32:32 | INFO    | goodware.engine | Goodware v3.0 starting...
2026-09-27T10:32:32 | INFO    | goodware.engine |   node_id: None
2026-09-27T10:32:32 | INFO    | goodware.engine |   organization: None
2026-09-27T10:32:32 | INFO    | goodware.engine | ============================================================
2026-09-27T10:32:32 | INFO    | goodware.engine | Goodware stopped.
2026-09-27T10:32:32 | INFO    | goodware.engine | ============================================================
2026-09-27T10:32:32 | INFO    | goodware.engine | Goodware v3.0 starting...
2026-09-27T10:32:32 | INFO    | goodware.engine |   node_id: None
2026-09-27T10:32:32 | INFO    | goodware.engine |   organization: None
2026-09-27T10:32:32 | INFO    | goodware.engine | ============================================================
2026-09-27T10:32:33 | INFO    | goodware.engine | Goodware stopped.
2026-09-27T10:32:33 | INFO    | goodware.engine | ============================================================
2026-09-27T10:32:33 | INFO    | goodware.engine | Goodware v3.0 starting...
2026-09-27T10:32:33 | INFO    | goodware.engine |   node_id: None
2026-09-27T10:32:33 | INFO    | goodware.engine |   organization: None
2026-09-27T10:32:33 | INFO    | goodware.engine | ============================================================
2026-09-27T10:32:33 | INFO    | goodware.engine | Goodware stopped.
2026-09-27T10:32:33 | INFO    | goodware.engine | ============================================================
2026-09-27T10:32:33 | INFO    | goodware.engine | Goodware v3.0 starting...
2026-09-27T10:32:33 | INFO    | goodware.engine |   node_id: None
2026-09-27T10:32:33 | INFO    | goodware.engine |   organization: None
2026-09-27T10:32:33 | INFO    | goodware.engine | ============================================================
2026-09-27T10:32:33 | INFO    | goodware.engine | Goodware stopped.
2026-09-27T10:32:33 | INFO    | goodware.engine | ============================================================
2026-09-27T10:32:33 | INFO    | goodware.engine | Goodware v3.0 starting...
2026-09-27T10:32:33 | INFO    | goodware.engine |   node_id: None
2026-09-27T10:32:33 | INFO    | goodware.engine |   organization: None
2026-09-27T10:32:33 | INFO    | goodware.engine | ============================================================
2026-09-27T10:32:33 | INFO    | goodware.engine | Goodware stopped.
2026-09-27T10:32:33 | INFO    | goodware.engine | ============================================================
2026-09-27T10:32:33 | INFO    | goodware.engine | Goodware v3.0 starting...
2026-09-27T10:32:33 | INFO    | goodware.engine |   node_id: None
2026-09-27T10:32:33 | INFO    | goodware.engine |   organization: None
2026-09-27T10:32:33 | INFO    | goodware.engine | ============================================================
2026-09-27T10:32:33 | INFO    | goodware.engine | Goodware stopped.
2026-09-27T10:32:33 | INFO    | goodware.engine | ============================================================
2026-09-27T10:32:33 | INFO    | goodware.engine | Goodware v3.0 starting...
2026-09-27T10:32:33 | INFO    | goodware.engine |   node_id: None
2026-09-27T10:32:33 | INFO    | goodware.engine |   organization: None
2026-09-27T10:32:33 | INFO    | goodware.engine | ============================================================
2026-09-27T10:32:33 | INFO    | goodware.engine | Goodware stopped.
2026-09-27T10:32:33 | INFO    | goodware.engine | ============================================================
2026-09-27T10:32:33 | INFO    | goodware.engine | Goodware v3.0 starting...
2026-09-27T10:32:33 | INFO    | goodware.engine |   node_id: None
2026-09-27T10:32:33 | INFO    | goodware.engine |   organization: None
2026-09-27T10:32:33 | INFO    | goodware.engine | ============================================================
2026-09-27T10:32:33 | INFO    | goodware.engine | Goodware stopped.
2026-09-27T10:32:33 | INFO    | goodware.engine | ============================================================
2026-09-27T10:32:33 | INFO    | goodware.engine | Goodware v3.0 starting...
2026-09-27T10:32:33 | INFO    | goodware.engine |   node_id: None
2026-09-27T10:32:33 | INFO    | goodware.engine |   organization: None
2026-09-27T10:32:33 | INFO    | goodware.engine | ============================================================
2026-09-27T10:32:33 | INFO    | goodware.engine | Goodware stopped.
2026-09-27T10:32:33 | INFO    | goodware.engine | ============================================================
2026-09-27T10:32:33 | INFO    | goodware.engine | Goodware v3.0 starting...
2026-09-27T10:32:33 | INFO    | goodware.engine |   node_id: None
2026-09-27T10:32:33 | INFO    | goodware.engine |   organization: None
2026-09-27T10:32:33 | INFO    | goodware.engine | ============================================================
2026-09-27T10:32:34 | INFO    | goodware.engine | Goodware stopped.
2026-09-27T10:32:34 | INFO    | goodware.engine | ============================================================
2026-09-27T10:32:34 | INFO    | goodware.engine | Goodware v3.0 starting...
2026-09-27T10:32:34 | INFO    | goodware.engine |   node_id: None
2026-09-27T10:32:34 | INFO    | goodware.engine |   organization: None
2026-09-27T10:32:34 | INFO    | goodware.engine | ============================================================
2026-09-27T10:32:34 | INFO    | goodware.engine | Goodware stopped.
2026-09-27T10:32:34 | INFO    | goodware.engine | ============================================================
2026-09-27T10:32:34 | INFO    | goodware.engine | Goodware v3.0 starting...
2026-09-27T10:32:34 | INFO    | goodware.engine |   node_id: None
2026-09-27T10:32:34 | INFO    | goodware.engine |   organization: None
2026-09-27T10:32:34 | INFO    | goodware.engine | ============================================================
2026-09-27T10:32:34 | INFO    | goodware.engine | Goodware stopped.
2026-09-27T10:32:34 | INFO    | goodware.engine | ============================================================
2026-09-27T10:32:34 | INFO    | goodware.engine | Goodware v3.0 starting...
2026-09-27T10:32:34 | INFO    | goodware.engine |   node_id: None
2026-09-27T10:32:34 | INFO    | goodware.engine |   organization: None
2026-09-27T10:32:34 | INFO    | goodware.engine | ============================================================
2026-09-27T10:32:35 | INFO    | goodware.engine | Goodware stopped.
2026-09-27T10:32:39 | INFO    | goodware.engine | component registered: decision-engine
2026-09-27T10:32:39 | INFO    | goodware.engine | component registered: adaptive
2026-09-27T10:32:39 | INFO    | goodware.engine | component registered: mutation
2026-09-27T10:32:39 | INFO    | goodware.engine | component registered: zero_day
2026-09-27T10:32:39 | INFO    | goodware.engine | component registered: crypto
2026-09-27T10:32:39 | INFO    | goodware.engine | component registered: human-factor
2026-09-27T10:32:39 | INFO    | goodware.engine | component registered: decision
2026-09-27T10:32:39 | INFO    | goodware.engine | component registered: effector
2026-09-27T10:32:39 | INFO    | goodware.engine | component registered: chainsaw
2026-09-27T10:32:41 | INFO    | goodware.engine | component registered: immune
2026-09-27T10:32:41 | INFO    | goodware.engine | component registered: physical
2026-09-27T10:32:42 | INFO    | goodware.engine | component registered: supply-chain
2026-09-27T10:32:45 | INFO    | goodware.engine | ============================================================
2026-09-27T10:32:45 | INFO    | goodware.engine | Goodware v3.0 starting...
2026-09-27T10:32:45 | INFO    | goodware.engine |   node_id: None
2026-09-27T10:32:45 | INFO    | goodware.engine |   organization: None
2026-09-27T10:32:45 | INFO    | goodware.engine | ============================================================
2026-09-27T10:32:45 | INFO    | goodware.engine | Goodware stopped.
2026-09-27T10:32:45 | INFO    | goodware.engine | ============================================================
2026-09-27T10:32:45 | INFO    | goodware.engine | Goodware v3.0 starting...
2026-09-27T10:32:45 | INFO    | goodware.engine |   node_id: None
2026-09-27T10:32:45 | INFO    | goodware.engine |   organization: None
2026-09-27T10:32:45 | INFO    | goodware.engine | ============================================================
2026-09-27T10:32:45 | INFO    | goodware.engine | Goodware stopped.
2026-09-27T10:32:46 | INFO    | goodware.engine | hunter2
2026-09-27T10:32:46 | INFO    | goodware.engine | component registered: dummy
2026-09-27T10:32:47 | INFO    | goodware.engine | test
2026-09-27T10:32:47 | WARNING | goodware.engine | warn
2026-09-27T10:32:47 | ERROR   | goodware.engine | err
2026-09-27T10:32:47 | INFO    | goodware.engine | component registered: with_attach
2026-09-27T10:32:47 | INFO    | goodware.engine | component registered: dummy
2026-09-27T10:32:47 | INFO    | goodware.engine | ============================================================
2026-09-27T10:32:47 | INFO    | goodware.engine | Goodware v3.0 starting...
2026-09-27T10:32:47 | INFO    | goodware.engine |   node_id: None
2026-09-27T10:32:47 | INFO    | goodware.engine |   organization: None
2026-09-27T10:32:47 | INFO    | goodware.engine | ============================================================
2026-09-27T10:32:47 | INFO    | goodware.engine |   ✓ dummy running
2026-09-27T10:32:47 | INFO    | goodware.engine | Goodware stopped.
2026-09-27T10:32:48 | INFO    | goodware.engine | ============================================================
2026-09-27T10:32:48 | INFO    | goodware.engine | Goodware v3.0 starting...
2026-09-27T10:32:48 | INFO    | goodware.engine |   node_id: None
2026-09-27T10:32:48 | INFO    | goodware.engine |   organization: None
2026-09-27T10:32:48 | INFO    | goodware.engine | ============================================================
2026-09-27T10:32:48 | INFO    | goodware.engine | Goodware stopped.
2026-09-27T10:32:48 | INFO    | goodware.engine | ============================================================
2026-09-27T10:32:48 | INFO    | goodware.engine | Goodware v3.0 starting...
2026-09-27T10:32:48 | INFO    | goodware.engine |   node_id: None
2026-09-27T10:32:48 | INFO    | goodware.engine |   organization: None
2026-09-27T10:32:48 | INFO    | goodware.engine | ============================================================
2026-09-27T10:32:48 | INFO    | goodware.engine | Goodware stopped.
2026-09-27T10:32:48 | INFO    | goodware.engine | ============================================================
2026-09-27T10:32:48 | INFO    | goodware.engine | Goodware v3.0 starting...
2026-09-27T10:32:48 | INFO    | goodware.engine |   node_id: None
2026-09-27T10:32:48 | INFO    | goodware.engine |   organization: None
2026-09-27T10:32:48 | INFO    | goodware.engine | ============================================================
2026-09-27T10:32:49 | INFO    | goodware.engine | Goodware stopped.
2026-09-27T10:32:49 | INFO    | goodware.engine | ============================================================
2026-09-27T10:32:49 | INFO    | goodware.engine | Goodware v3.0 starting...
2026-09-27T10:32:49 | INFO    | goodware.engine |   node_id: None
2026-09-27T10:32:49 | INFO    | goodware.engine |   organization: None
2026-09-27T10:32:49 | INFO    | goodware.engine | ============================================================
2026-09-27T10:32:49 | INFO    | goodware.engine | Goodware stopped.
2026-09-27T10:32:49 | INFO    | goodware.engine | ============================================================
2026-09-27T10:32:49 | INFO    | goodware.engine | Goodware v3.0 starting...
2026-09-27T10:32:49 | INFO    | goodware.engine |   node_id: None
2026-09-27T10:32:49 | INFO    | goodware.engine |   organization: None
2026-09-27T10:32:49 | INFO    | goodware.engine | ============================================================
2026-09-27T10:32:49 | INFO    | goodware.engine | Goodware stopped.
2026-09-27T10:32:49 | INFO    | goodware.engine | ============================================================
2026-09-27T10:32:49 | INFO    | goodware.engine | Goodware v3.0 starting...
2026-09-27T10:32:49 | INFO    | goodware.engine |   node_id: None
2026-09-27T10:32:49 | INFO    | goodware.engine |   organization: None
2026-09-27T10:32:49 | INFO    | goodware.engine | ============================================================
2026-09-27T10:32:49 | INFO    | goodware.engine | Goodware stopped.
2026-09-27T10:32:49 | INFO    | goodware.engine | ============================================================
2026-09-27T10:32:49 | INFO    | goodware.engine | Goodware v3.0 starting...
2026-09-27T10:32:49 | INFO    | goodware.engine |   node_id: None
2026-09-27T10:32:49 | INFO    | goodware.engine |   organization: None
2026-09-27T10:32:49 | INFO    | goodware.engine | ============================================================
2026-09-27T10:32:49 | INFO    | goodware.engine | Goodware stopped.
2026-09-27T10:32:49 | INFO    | goodware.engine | ============================================================
2026-09-27T10:32:49 | INFO    | goodware.engine | Goodware v3.0 starting...
2026-09-27T10:32:49 | INFO    | goodware.engine |   node_id: None
2026-09-27T10:32:49 | INFO    | goodware.engine |   organization: None
2026-09-27T10:32:49 | INFO    | goodware.engine | ============================================================
2026-09-27T10:32:49 | INFO    | goodware.engine | Goodware stopped.
2026-09-27T10:32:49 | INFO    | goodware.engine | ============================================================
2026-09-27T10:32:49 | INFO    | goodware.engine | Goodware v3.0 starting...
2026-09-27T10:32:49 | INFO    | goodware.engine |   node_id: None
2026-09-27T10:32:49 | INFO    | goodware.engine |   organization: None
2026-09-27T10:32:49 | INFO    | goodware.engine | ============================================================
2026-09-27T10:32:49 | INFO    | goodware.engine | Goodware stopped.
2026-09-27T10:32:49 | INFO    | goodware.engine | ============================================================
2026-09-27T10:32:49 | INFO    | goodware.engine | Goodware v3.0 starting...
2026-09-27T10:32:49 | INFO    | goodware.engine |   node_id: None
2026-09-27T10:32:49 | INFO    | goodware.engine |   organization: None
2026-09-27T10:32:49 | INFO    | goodware.engine | ============================================================
2026-09-27T10:32:49 | INFO    | goodware.engine | Goodware stopped.
2026-09-27T10:32:49 | INFO    | goodware.engine | ============================================================
2026-09-27T10:32:49 | INFO    | goodware.engine | Goodware v3.0 starting...
2026-09-27T10:32:49 | INFO    | goodware.engine |   node_id: None
2026-09-27T10:32:49 | INFO    | goodware.engine |   organization: None
2026-09-27T10:32:49 | INFO    | goodware.engine | ============================================================
2026-09-27T10:32:50 | INFO    | goodware.engine | Goodware stopped.
2026-09-27T10:32:50 | INFO    | goodware.engine | ============================================================
2026-09-27T10:32:50 | INFO    | goodware.engine | Goodware v3.0 starting...
2026-09-27T10:32:50 | INFO    | goodware.engine |   node_id: None
2026-09-27T10:32:50 | INFO    | goodware.engine |   organization: None
2026-09-27T10:32:50 | INFO    | goodware.engine | ============================================================
2026-09-27T10:32:50 | INFO    | goodware.engine | Goodware stopped.
2026-09-27T10:32:50 | INFO    | goodware.engine | ============================================================
2026-09-27T10:32:50 | INFO    | goodware.engine | Goodware v3.0 starting...
2026-09-27T10:32:50 | INFO    | goodware.engine |   node_id: None
2026-09-27T10:32:50 | INFO    | goodware.engine |   organization: None
2026-09-27T10:32:50 | INFO    | goodware.engine | ============================================================
2026-09-27T10:32:50 | INFO    | goodware.engine | Goodware stopped.
2026-09-27T10:32:50 | INFO    | goodware.engine | ============================================================
2026-09-27T10:32:50 | INFO    | goodware.engine | Goodware v3.0 starting...
2026-09-27T10:32:50 | INFO    | goodware.engine |   node_id: None
2026-09-27T10:32:50 | INFO    | goodware.engine |   organization: None
2026-09-27T10:32:50 | INFO    | goodware.engine | ============================================================
2026-09-27T10:32:50 | INFO    | goodware.engine | Goodware stopped.
2026-09-27T10:32:50 | INFO    | goodware.engine | ============================================================
2026-09-27T10:32:50 | INFO    | goodware.engine | Goodware v3.0 starting...
2026-09-27T10:32:50 | INFO    | goodware.engine |   node_id: None
2026-09-27T10:32:50 | INFO    | goodware.engine |   organization: None
2026-09-27T10:32:50 | INFO    | goodware.engine | ============================================================
2026-09-27T10:32:50 | INFO    | goodware.engine | Goodware stopped.
2026-09-27T10:32:50 | INFO    | goodware.engine | ============================================================
2026-09-27T10:32:50 | INFO    | goodware.engine | Goodware v3.0 starting...
2026-09-27T10:32:50 | INFO    | goodware.engine |   node_id: None
2026-09-27T10:32:50 | INFO    | goodware.engine |   organization: None
2026-09-27T10:32:50 | INFO    | goodware.engine | ============================================================
2026-09-27T10:32:50 | INFO    | goodware.engine | Goodware stopped.
2026-09-27T10:32:50 | INFO    | goodware.engine | ============================================================
2026-09-27T10:32:50 | INFO    | goodware.engine | Goodware v3.0 starting...
2026-09-27T10:32:50 | INFO    | goodware.engine |   node_id: None
2026-09-27T10:32:50 | INFO    | goodware.engine |   organization: None
2026-09-27T10:32:50 | INFO    | goodware.engine | ============================================================
2026-09-27T10:32:50 | INFO    | goodware.engine | Goodware stopped.
2026-09-27T10:32:50 | INFO    | goodware.engine | ============================================================
2026-09-27T10:32:50 | INFO    | goodware.engine | Goodware v3.0 starting...
2026-09-27T10:32:50 | INFO    | goodware.engine |   node_id: None
2026-09-27T10:32:50 | INFO    | goodware.engine |   organization: None
2026-09-27T10:32:50 | INFO    | goodware.engine | ============================================================
2026-09-27T10:32:50 | INFO    | goodware.engine | Goodware stopped.
2026-09-27T10:32:50 | INFO    | goodware.engine | ============================================================
2026-09-27T10:32:50 | INFO    | goodware.engine | Goodware v3.0 starting...
2026-09-27T10:32:50 | INFO    | goodware.engine |   node_id: None
2026-09-27T10:32:50 | INFO    | goodware.engine |   organization: None
2026-09-27T10:32:50 | INFO    | goodware.engine | ============================================================
2026-09-27T10:32:51 | INFO    | goodware.engine | Goodware stopped.
2026-09-27T10:32:51 | INFO    | goodware.engine | ============================================================
2026-09-27T10:32:51 | INFO    | goodware.engine | Goodware v3.0 starting...
2026-09-27T10:32:51 | INFO    | goodware.engine |   node_id: None
2026-09-27T10:32:51 | INFO    | goodware.engine |   organization: None
2026-09-27T10:32:51 | INFO    | goodware.engine | ============================================================
2026-09-27T10:32:51 | INFO    | goodware.engine | Goodware stopped.
2026-09-27T10:32:51 | INFO    | goodware.engine | ============================================================
2026-09-27T10:32:51 | INFO    | goodware.engine | Goodware v3.0 starting...
2026-09-27T10:32:51 | INFO    | goodware.engine |   node_id: None
2026-09-27T10:32:51 | INFO    | goodware.engine |   organization: None
2026-09-27T10:32:51 | INFO    | goodware.engine | ============================================================
2026-09-27T10:32:51 | INFO    | goodware.engine | Goodware stopped.
2026-09-27T10:32:51 | INFO    | goodware.engine | ============================================================
2026-09-27T10:32:52 | INFO    | goodware.engine | Goodware v3.0 starting...
2026-09-27T10:32:52 | INFO    | goodware.engine |   node_id: None
2026-09-27T10:32:52 | INFO    | goodware.engine |   organization: None
2026-09-27T10:32:52 | INFO    | goodware.engine | ============================================================
2026-09-27T10:32:52 | INFO    | goodware.engine | Goodware stopped.
2026-09-27T10:32:56 | INFO    | goodware.engine | component registered: decision-engine
2026-09-27T10:32:56 | INFO    | goodware.engine | component registered: adaptive
2026-09-27T10:32:56 | INFO    | goodware.engine | component registered: mutation
2026-09-27T10:32:56 | INFO    | goodware.engine | component registered: zero_day
2026-09-27T10:32:56 | INFO    | goodware.engine | component registered: crypto
2026-09-27T10:32:56 | INFO    | goodware.engine | component registered: human-factor
2026-09-27T10:32:56 | INFO    | goodware.engine | component registered: decision
2026-09-27T10:32:56 | INFO    | goodware.engine | component registered: effector
2026-09-27T10:32:56 | INFO    | goodware.engine | component registered: chainsaw
2026-09-27T10:32:59 | INFO    | goodware.engine | component registered: immune
2026-09-27T10:32:59 | INFO    | goodware.engine | component registered: physical
2026-09-27T10:32:59 | INFO    | goodware.engine | component registered: supply-chain
2026-09-27T10:33:02 | INFO    | goodware.engine | ============================================================
2026-09-27T10:33:02 | INFO    | goodware.engine | Goodware v3.0 starting...
2026-09-27T10:33:02 | INFO    | goodware.engine |   node_id: None
2026-09-27T10:33:02 | INFO    | goodware.engine |   organization: None
2026-09-27T10:33:02 | INFO    | goodware.engine | ============================================================
2026-09-27T10:33:03 | INFO    | goodware.engine | Goodware stopped.
2026-09-27T10:33:03 | INFO    | goodware.engine | ============================================================
2026-09-27T10:33:03 | INFO    | goodware.engine | Goodware v3.0 starting...
2026-09-27T10:33:03 | INFO    | goodware.engine |   node_id: None
2026-09-27T10:33:03 | INFO    | goodware.engine |   organization: None
2026-09-27T10:33:03 | INFO    | goodware.engine | ============================================================
2026-09-27T10:33:03 | INFO    | goodware.engine | Goodware stopped.
2026-09-27T10:33:03 | INFO    | goodware.engine | hunter2
2026-09-27T10:33:04 | INFO    | goodware.engine | component registered: dummy
2026-09-27T10:33:04 | INFO    | goodware.engine | test
2026-09-27T10:33:04 | WARNING | goodware.engine | warn
2026-09-27T10:33:04 | ERROR   | goodware.engine | err
2026-09-27T10:33:04 | INFO    | goodware.engine | component registered: with_attach
2026-09-27T10:33:05 | INFO    | goodware.engine | component registered: dummy
2026-09-27T10:33:05 | INFO    | goodware.engine | ============================================================
2026-09-27T10:33:05 | INFO    | goodware.engine | Goodware v3.0 starting...
2026-09-27T10:33:05 | INFO    | goodware.engine |   node_id: None
2026-09-27T10:33:05 | INFO    | goodware.engine |   organization: None
2026-09-27T10:33:05 | INFO    | goodware.engine | ============================================================
2026-09-27T10:33:05 | INFO    | goodware.engine |   ✓ dummy running
2026-09-27T10:33:05 | INFO    | goodware.engine | Goodware stopped.
2026-09-27T10:33:05 | INFO    | goodware.engine | ============================================================
2026-09-27T10:33:05 | INFO    | goodware.engine | Goodware v3.0 starting...
2026-09-27T10:33:05 | INFO    | goodware.engine |   node_id: None
2026-09-27T10:33:05 | INFO    | goodware.engine |   organization: None
2026-09-27T10:33:05 | INFO    | goodware.engine | ============================================================
2026-09-27T10:33:05 | INFO    | goodware.engine | Goodware stopped.
2026-09-27T10:33:05 | INFO    | goodware.engine | ============================================================
2026-09-27T10:33:05 | INFO    | goodware.engine | Goodware v3.0 starting...
2026-09-27T10:33:05 | INFO    | goodware.engine |   node_id: None
2026-09-27T10:33:05 | INFO    | goodware.engine |   organization: None
2026-09-27T10:33:05 | INFO    | goodware.engine | ============================================================
2026-09-27T10:33:05 | INFO    | goodware.engine | Goodware stopped.
2026-09-27T10:33:05 | INFO    | goodware.engine | ============================================================
2026-09-27T10:33:05 | INFO    | goodware.engine | Goodware v3.0 starting...
2026-09-27T10:33:05 | INFO    | goodware.engine |   node_id: None
2026-09-27T10:33:05 | INFO    | goodware.engine |   organization: None
2026-09-27T10:33:05 | INFO    | goodware.engine | ============================================================
2026-09-27T10:33:06 | INFO    | goodware.engine | Goodware stopped.
2026-09-27T10:33:06 | INFO    | goodware.engine | ============================================================
2026-09-27T10:33:06 | INFO    | goodware.engine | Goodware v3.0 starting...
2026-09-27T10:33:06 | INFO    | goodware.engine |   node_id: None
2026-09-27T10:33:06 | INFO    | goodware.engine |   organization: None
2026-09-27T10:33:06 | INFO    | goodware.engine | ============================================================
2026-09-27T10:33:06 | INFO    | goodware.engine | Goodware stopped.
2026-09-27T10:33:06 | INFO    | goodware.engine | ============================================================
2026-09-27T10:33:06 | INFO    | goodware.engine | Goodware v3.0 starting...
2026-09-27T10:33:06 | INFO    | goodware.engine |   node_id: None
2026-09-27T10:33:06 | INFO    | goodware.engine |   organization: None
2026-09-27T10:33:06 | INFO    | goodware.engine | ============================================================
2026-09-27T10:33:06 | INFO    | goodware.engine | Goodware stopped.
2026-09-27T10:33:06 | INFO    | goodware.engine | ============================================================
2026-09-27T10:33:06 | INFO    | goodware.engine | Goodware v3.0 starting...
2026-09-27T10:33:06 | INFO    | goodware.engine |   node_id: None
2026-09-27T10:33:06 | INFO    | goodware.engine |   organization: None
2026-09-27T10:33:06 | INFO    | goodware.engine | ============================================================
2026-09-27T10:33:06 | INFO    | goodware.engine | Goodware stopped.
2026-09-27T10:33:06 | INFO    | goodware.engine | ============================================================
2026-09-27T10:33:06 | INFO    | goodware.engine | Goodware v3.0 starting...
2026-09-27T10:33:06 | INFO    | goodware.engine |   node_id: None
2026-09-27T10:33:06 | INFO    | goodware.engine |   organization: None
2026-09-27T10:33:06 | INFO    | goodware.engine | ============================================================
2026-09-27T10:33:06 | INFO    | goodware.engine | Goodware stopped.
2026-09-27T10:33:06 | INFO    | goodware.engine | ============================================================
2026-09-27T10:33:06 | INFO    | goodware.engine | Goodware v3.0 starting...
2026-09-27T10:33:06 | INFO    | goodware.engine |   node_id: None
2026-09-27T10:33:06 | INFO    | goodware.engine |   organization: None
2026-09-27T10:33:06 | INFO    | goodware.engine | ============================================================
2026-09-27T10:33:06 | INFO    | goodware.engine | Goodware stopped.
2026-09-27T10:33:06 | INFO    | goodware.engine | ============================================================
2026-09-27T10:33:06 | INFO    | goodware.engine | Goodware v3.0 starting...
2026-09-27T10:33:06 | INFO    | goodware.engine |   node_id: None
2026-09-27T10:33:06 | INFO    | goodware.engine |   organization: None
2026-09-27T10:33:06 | INFO    | goodware.engine | ============================================================
2026-09-27T10:33:07 | INFO    | goodware.engine | Goodware stopped.
2026-09-27T10:33:07 | INFO    | goodware.engine | ============================================================
2026-09-27T10:33:07 | INFO    | goodware.engine | Goodware v3.0 starting...
2026-09-27T10:33:07 | INFO    | goodware.engine |   node_id: None
2026-09-27T10:33:07 | INFO    | goodware.engine |   organization: None
2026-09-27T10:33:07 | INFO    | goodware.engine | ============================================================
2026-09-27T10:33:07 | INFO    | goodware.engine | Goodware stopped.
2026-09-27T10:33:07 | INFO    | goodware.engine | ============================================================
2026-09-27T10:33:07 | INFO    | goodware.engine | Goodware v3.0 starting...
2026-09-27T10:33:07 | INFO    | goodware.engine |   node_id: None
2026-09-27T10:33:07 | INFO    | goodware.engine |   organization: None
2026-09-27T10:33:07 | INFO    | goodware.engine | ============================================================
2026-09-27T10:33:07 | INFO    | goodware.engine | Goodware stopped.
2026-09-27T10:33:07 | INFO    | goodware.engine | ============================================================
2026-09-27T10:33:07 | INFO    | goodware.engine | Goodware v3.0 starting...
2026-09-27T10:33:07 | INFO    | goodware.engine |   node_id: None
2026-09-27T10:33:07 | INFO    | goodware.engine |   organization: None
2026-09-27T10:33:07 | INFO    | goodware.engine | ============================================================
2026-09-27T10:33:07 | INFO    | goodware.engine | Goodware stopped.
2026-09-27T10:33:07 | INFO    | goodware.engine | ============================================================
2026-09-27T10:33:07 | INFO    | goodware.engine | Goodware v3.0 starting...
2026-09-27T10:33:07 | INFO    | goodware.engine |   node_id: None
2026-09-27T10:33:07 | INFO    | goodware.engine |   organization: None
2026-09-27T10:33:07 | INFO    | goodware.engine | ============================================================
2026-09-27T10:33:07 | INFO    | goodware.engine | Goodware stopped.
2026-09-27T10:33:07 | INFO    | goodware.engine | ============================================================
2026-09-27T10:33:07 | INFO    | goodware.engine | Goodware v3.0 starting...
2026-09-27T10:33:07 | INFO    | goodware.engine |   node_id: None
2026-09-27T10:33:07 | INFO    | goodware.engine |   organization: None
2026-09-27T10:33:07 | INFO    | goodware.engine | ============================================================
2026-09-27T10:33:07 | INFO    | goodware.engine | Goodware stopped.
2026-09-27T10:33:07 | INFO    | goodware.engine | ============================================================
2026-09-27T10:33:07 | INFO    | goodware.engine | Goodware v3.0 starting...
2026-09-27T10:33:07 | INFO    | goodware.engine |   node_id: None
2026-09-27T10:33:07 | INFO    | goodware.engine |   organization: None
2026-09-27T10:33:07 | INFO    | goodware.engine | ============================================================
2026-09-27T10:33:07 | INFO    | goodware.engine | Goodware stopped.
2026-09-27T10:33:07 | INFO    | goodware.engine | ============================================================
2026-09-27T10:33:07 | INFO    | goodware.engine | Goodware v3.0 starting...
2026-09-27T10:33:07 | INFO    | goodware.engine |   node_id: None
2026-09-27T10:33:07 | INFO    | goodware.engine |   organization: None
2026-09-27T10:33:07 | INFO    | goodware.engine | ============================================================
2026-09-27T10:33:08 | INFO    | goodware.engine | Goodware stopped.
2026-09-27T10:33:08 | INFO    | goodware.engine | ============================================================
2026-09-27T10:33:08 | INFO    | goodware.engine | Goodware v3.0 starting...
2026-09-27T10:33:08 | INFO    | goodware.engine |   node_id: None
2026-09-27T10:33:08 | INFO    | goodware.engine |   organization: None
2026-09-27T10:33:08 | INFO    | goodware.engine | ============================================================
2026-09-27T10:33:08 | INFO    | goodware.engine | Goodware stopped.
2026-09-27T10:33:08 | INFO    | goodware.engine | ============================================================
2026-09-27T10:33:08 | INFO    | goodware.engine | Goodware v3.0 starting...
2026-09-27T10:33:08 | INFO    | goodware.engine |   node_id: None
2026-09-27T10:33:08 | INFO    | goodware.engine |   organization: None
2026-09-27T10:33:08 | INFO    | goodware.engine | ============================================================
2026-09-27T10:33:08 | INFO    | goodware.engine | Goodware stopped.
2026-09-27T10:33:08 | INFO    | goodware.engine | ============================================================
2026-09-27T10:33:08 | INFO    | goodware.engine | Goodware v3.0 starting...
2026-09-27T10:33:08 | INFO    | goodware.engine |   node_id: None
2026-09-27T10:33:08 | INFO    | goodware.engine |   organization: None
2026-09-27T10:33:08 | INFO    | goodware.engine | ============================================================
2026-09-27T10:33:08 | INFO    | goodware.engine | Goodware stopped.
2026-09-27T10:33:08 | INFO    | goodware.engine | ============================================================
2026-09-27T10:33:08 | INFO    | goodware.engine | Goodware v3.0 starting...
2026-09-27T10:33:08 | INFO    | goodware.engine |   node_id: None
2026-09-27T10:33:08 | INFO    | goodware.engine |   organization: None
2026-09-27T10:33:08 | INFO    | goodware.engine | ============================================================
2026-09-27T10:33:08 | INFO    | goodware.engine | Goodware stopped.
2026-09-27T10:33:09 | INFO    | goodware.engine | ============================================================
2026-09-27T10:33:09 | INFO    | goodware.engine | Goodware v3.0 starting...
2026-09-27T10:33:09 | INFO    | goodware.engine |   node_id: None
2026-09-27T10:33:09 | INFO    | goodware.engine |   organization: None
2026-09-27T10:33:09 | INFO    | goodware.engine | ============================================================
2026-09-27T10:33:09 | INFO    | goodware.engine | Goodware stopped.
2026-09-27T10:33:09 | INFO    | goodware.engine | ============================================================
2026-09-27T10:33:09 | INFO    | goodware.engine | Goodware v3.0 starting...
2026-09-27T10:33:09 | INFO    | goodware.engine |   node_id: None
2026-09-27T10:33:09 | INFO    | goodware.engine |   organization: None
2026-09-27T10:33:09 | INFO    | goodware.engine | ============================================================
2026-09-27T10:33:09 | INFO    | goodware.engine | Goodware stopped.
2026-09-27T10:33:32 | INFO    | goodware.engine | component registered: threat
2026-09-27T10:33:32 | INFO    | goodware.engine | component registered: anomaly
2026-09-27T10:33:32 | INFO    | goodware.engine | component registered: simulator
2026-09-27T10:33:33 | INFO    | goodware.engine | component registered: federated-server
2026-09-27T10:33:33 | INFO    | goodware.engine | component registered: federated-client
2026-09-27T10:33:33 | INFO    | goodware.engine | federated server listening on 127.0.0.1:8443
2026-09-27T10:33:35 | INFO    | goodware.engine | component registered: decision-engine
2026-09-27T10:33:35 | INFO    | goodware.engine | component registered: adaptive
2026-09-27T10:33:35 | INFO    | goodware.engine | component registered: mutation
2026-09-27T10:33:35 | INFO    | goodware.engine | component registered: zero_day
2026-09-27T10:33:43 | INFO    | goodware.engine | component registered: decision-engine
2026-09-27T10:33:43 | INFO    | goodware.engine | component registered: adaptive
2026-09-27T10:33:43 | INFO    | goodware.engine | component registered: mutation
2026-09-27T10:33:43 | INFO    | goodware.engine | component registered: zero_day
2026-09-27T10:33:43 | INFO    | goodware.engine | component registered: crypto
2026-09-27T10:33:43 | INFO    | goodware.engine | component registered: human-factor
2026-09-27T10:33:43 | INFO    | goodware.engine | component registered: decision
2026-09-27T10:33:43 | INFO    | goodware.engine | component registered: effector
2026-09-27T10:33:43 | INFO    | goodware.engine | component registered: chainsaw
2026-09-27T10:33:46 | INFO    | goodware.engine | component registered: immune
2026-09-27T10:33:46 | INFO    | goodware.engine | component registered: physical
2026-09-27T10:33:46 | INFO    | goodware.engine | component registered: supply-chain
2026-09-27T10:33:50 | INFO    | goodware.engine | ============================================================
2026-09-27T10:33:50 | INFO    | goodware.engine | Goodware v3.0 starting...
2026-09-27T10:33:50 | INFO    | goodware.engine |   node_id: None
2026-09-27T10:33:50 | INFO    | goodware.engine |   organization: None
2026-09-27T10:33:50 | INFO    | goodware.engine | ============================================================
2026-09-27T10:33:50 | INFO    | goodware.engine | Goodware stopped.
2026-09-27T10:33:50 | INFO    | goodware.engine | ============================================================
2026-09-27T10:33:50 | INFO    | goodware.engine | Goodware v3.0 starting...
2026-09-27T10:33:50 | INFO    | goodware.engine |   node_id: None
2026-09-27T10:33:50 | INFO    | goodware.engine |   organization: None
2026-09-27T10:33:50 | INFO    | goodware.engine | ============================================================
2026-09-27T10:33:50 | INFO    | goodware.engine | Goodware stopped.
2026-09-27T10:33:51 | INFO    | goodware.engine | hunter2
2026-09-27T10:33:52 | INFO    | goodware.engine | component registered: dummy
2026-09-27T10:33:52 | INFO    | goodware.engine | test
2026-09-27T10:33:52 | WARNING | goodware.engine | warn
2026-09-27T10:33:52 | ERROR   | goodware.engine | err
2026-09-27T10:33:52 | INFO    | goodware.engine | component registered: with_attach
2026-09-27T10:33:53 | INFO    | goodware.engine | component registered: dummy
2026-09-27T10:33:53 | INFO    | goodware.engine | ============================================================
2026-09-27T10:33:53 | INFO    | goodware.engine | Goodware v3.0 starting...
2026-09-27T10:33:53 | INFO    | goodware.engine |   node_id: None
2026-09-27T10:33:53 | INFO    | goodware.engine |   organization: None
2026-09-27T10:33:53 | INFO    | goodware.engine | ============================================================
2026-09-27T10:33:53 | INFO    | goodware.engine |   ✓ dummy running
2026-09-27T10:33:53 | INFO    | goodware.engine | Goodware stopped.
2026-09-27T10:33:55 | INFO    | goodware.engine | component registered: threat
2026-09-27T10:33:55 | INFO    | goodware.engine | component registered: anomaly
2026-09-27T10:33:55 | INFO    | goodware.engine | component registered: simulator
2026-09-27T10:33:55 | INFO    | goodware.engine | ============================================================
2026-09-27T10:33:55 | INFO    | goodware.engine | Goodware v3.0 starting...
2026-09-27T10:33:55 | INFO    | goodware.engine |   node_id: None
2026-09-27T10:33:55 | INFO    | goodware.engine |   organization: None
2026-09-27T10:33:55 | INFO    | goodware.engine | ============================================================
2026-09-27T10:33:55 | INFO    | goodware.engine | Goodware stopped.
2026-09-27T10:33:55 | INFO    | goodware.engine | ============================================================
2026-09-27T10:33:55 | INFO    | goodware.engine | Goodware v3.0 starting...
2026-09-27T10:33:55 | INFO    | goodware.engine |   node_id: None
2026-09-27T10:33:55 | INFO    | goodware.engine |   organization: None
2026-09-27T10:33:55 | INFO    | goodware.engine | ============================================================
2026-09-27T10:33:55 | INFO    | goodware.engine | Goodware stopped.
2026-09-27T10:33:55 | INFO    | goodware.engine | ============================================================
2026-09-27T10:33:55 | INFO    | goodware.engine | Goodware v3.0 starting...
2026-09-27T10:33:55 | INFO    | goodware.engine |   node_id: None
2026-09-27T10:33:55 | INFO    | goodware.engine |   organization: None
2026-09-27T10:33:55 | INFO    | goodware.engine | ============================================================
2026-09-27T10:33:55 | INFO    | goodware.engine | Goodware stopped.
2026-09-27T10:33:55 | INFO    | goodware.engine | ============================================================
2026-09-27T10:33:55 | INFO    | goodware.engine | Goodware v3.0 starting...
2026-09-27T10:33:55 | INFO    | goodware.engine |   node_id: None
2026-09-27T10:33:55 | INFO    | goodware.engine |   organization: None
2026-09-27T10:33:55 | INFO    | goodware.engine | ============================================================
2026-09-27T10:33:56 | INFO    | goodware.engine | Goodware stopped.
2026-09-27T10:33:56 | INFO    | goodware.engine | ============================================================
2026-09-27T10:33:56 | INFO    | goodware.engine | Goodware v3.0 starting...
2026-09-27T10:33:56 | INFO    | goodware.engine |   node_id: None
2026-09-27T10:33:56 | INFO    | goodware.engine |   organization: None
2026-09-27T10:33:56 | INFO    | goodware.engine | ============================================================
2026-09-27T10:33:56 | INFO    | goodware.engine | Goodware stopped.
2026-09-27T10:33:56 | INFO    | goodware.engine | ============================================================
2026-09-27T10:33:56 | INFO    | goodware.engine | Goodware v3.0 starting...
2026-09-27T10:33:56 | INFO    | goodware.engine |   node_id: None
2026-09-27T10:33:56 | INFO    | goodware.engine |   organization: None
2026-09-27T10:33:56 | INFO    | goodware.engine | ============================================================
2026-09-27T10:33:56 | INFO    | goodware.engine | Goodware stopped.
2026-09-27T10:33:56 | INFO    | goodware.engine | ============================================================
2026-09-27T10:33:56 | INFO    | goodware.engine | Goodware v3.0 starting...
2026-09-27T10:33:56 | INFO    | goodware.engine |   node_id: None
2026-09-27T10:33:56 | INFO    | goodware.engine |   organization: None
2026-09-27T10:33:56 | INFO    | goodware.engine | ============================================================
2026-09-27T10:33:56 | INFO    | goodware.engine | Goodware stopped.
2026-09-27T10:33:56 | INFO    | goodware.engine | ============================================================
2026-09-27T10:33:56 | INFO    | goodware.engine | Goodware v3.0 starting...
2026-09-27T10:33:56 | INFO    | goodware.engine |   node_id: None
2026-09-27T10:33:56 | INFO    | goodware.engine |   organization: None
2026-09-27T10:33:56 | INFO    | goodware.engine | ============================================================
2026-09-27T10:33:56 | INFO    | goodware.engine | Goodware stopped.
2026-09-27T10:33:56 | INFO    | goodware.engine | ============================================================
2026-09-27T10:33:56 | INFO    | goodware.engine | Goodware v3.0 starting...
2026-09-27T10:33:56 | INFO    | goodware.engine |   node_id: None
2026-09-27T10:33:56 | INFO    | goodware.engine |   organization: None
2026-09-27T10:33:56 | INFO    | goodware.engine | ============================================================
2026-09-27T10:33:56 | INFO    | goodware.engine | Goodware stopped.
2026-09-27T10:33:56 | INFO    | goodware.engine | ============================================================
2026-09-27T10:33:56 | INFO    | goodware.engine | Goodware v3.0 starting...
2026-09-27T10:33:56 | INFO    | goodware.engine |   node_id: None
2026-09-27T10:33:56 | INFO    | goodware.engine |   organization: None
2026-09-27T10:33:56 | INFO    | goodware.engine | ============================================================
2026-09-27T10:33:57 | INFO    | goodware.engine | Goodware stopped.
2026-09-27T10:33:57 | INFO    | goodware.engine | ============================================================
2026-09-27T10:33:57 | INFO    | goodware.engine | Goodware v3.0 starting...
2026-09-27T10:33:57 | INFO    | goodware.engine |   node_id: None
2026-09-27T10:33:57 | INFO    | goodware.engine |   organization: None
2026-09-27T10:33:57 | INFO    | goodware.engine | ============================================================
2026-09-27T10:33:57 | INFO    | goodware.engine | Goodware stopped.
2026-09-27T10:33:57 | INFO    | goodware.engine | ============================================================
2026-09-27T10:33:57 | INFO    | goodware.engine | Goodware v3.0 starting...
2026-09-27T10:33:57 | INFO    | goodware.engine |   node_id: None
2026-09-27T10:33:57 | INFO    | goodware.engine |   organization: None
2026-09-27T10:33:57 | INFO    | goodware.engine | ============================================================
2026-09-27T10:33:57 | INFO    | goodware.engine | Goodware stopped.
2026-09-27T10:33:57 | INFO    | goodware.engine | ============================================================
2026-09-27T10:33:57 | INFO    | goodware.engine | Goodware v3.0 starting...
2026-09-27T10:33:57 | INFO    | goodware.engine |   node_id: None
2026-09-27T10:33:57 | INFO    | goodware.engine |   organization: None
2026-09-27T10:33:57 | INFO    | goodware.engine | ============================================================
2026-09-27T10:33:57 | INFO    | goodware.engine | Goodware stopped.
2026-09-27T10:33:57 | INFO    | goodware.engine | ============================================================
2026-09-27T10:33:57 | INFO    | goodware.engine | Goodware v3.0 starting...
2026-09-27T10:33:57 | INFO    | goodware.engine |   node_id: None
2026-09-27T10:33:57 | INFO    | goodware.engine |   organization: None
2026-09-27T10:33:57 | INFO    | goodware.engine | ============================================================
2026-09-27T10:33:57 | INFO    | goodware.engine | Goodware stopped.
2026-09-27T10:33:57 | INFO    | goodware.engine | ============================================================
2026-09-27T10:33:57 | INFO    | goodware.engine | Goodware v3.0 starting...
2026-09-27T10:33:57 | INFO    | goodware.engine |   node_id: None
2026-09-27T10:33:57 | INFO    | goodware.engine |   organization: None
2026-09-27T10:33:57 | INFO    | goodware.engine | ============================================================
2026-09-27T10:33:57 | INFO    | goodware.engine | Goodware stopped.
2026-09-27T10:33:57 | INFO    | goodware.engine | ============================================================
2026-09-27T10:33:57 | INFO    | goodware.engine | Goodware v3.0 starting...
2026-09-27T10:33:57 | INFO    | goodware.engine |   node_id: None
2026-09-27T10:33:57 | INFO    | goodware.engine |   organization: None
2026-09-27T10:33:57 | INFO    | goodware.engine | ============================================================
2026-09-27T10:33:58 | INFO    | goodware.engine | Goodware stopped.
2026-09-27T10:33:58 | INFO    | goodware.engine | ============================================================
2026-09-27T10:33:58 | INFO    | goodware.engine | Goodware v3.0 starting...
2026-09-27T10:33:58 | INFO    | goodware.engine |   node_id: None
2026-09-27T10:33:58 | INFO    | goodware.engine |   organization: None
2026-09-27T10:33:58 | INFO    | goodware.engine | ============================================================
2026-09-27T10:33:58 | INFO    | goodware.engine | Goodware stopped.
2026-09-27T10:33:58 | INFO    | goodware.engine | ============================================================
2026-09-27T10:33:58 | INFO    | goodware.engine | Goodware v3.0 starting...
2026-09-27T10:33:58 | INFO    | goodware.engine |   node_id: None
2026-09-27T10:33:58 | INFO    | goodware.engine |   organization: None
2026-09-27T10:33:58 | INFO    | goodware.engine | ============================================================
2026-09-27T10:33:58 | INFO    | goodware.engine | Goodware stopped.
2026-09-27T10:33:58 | INFO    | goodware.engine | ============================================================
2026-09-27T10:33:58 | INFO    | goodware.engine | Goodware v3.0 starting...
2026-09-27T10:33:58 | INFO    | goodware.engine |   node_id: None
2026-09-27T10:33:58 | INFO    | goodware.engine |   organization: None
2026-09-27T10:33:58 | INFO    | goodware.engine | ============================================================
2026-09-27T10:33:58 | INFO    | goodware.engine | Goodware stopped.
2026-09-27T10:33:58 | INFO    | goodware.engine | ============================================================
2026-09-27T10:33:58 | INFO    | goodware.engine | Goodware v3.0 starting...
2026-09-27T10:33:58 | INFO    | goodware.engine |   node_id: None
2026-09-27T10:33:58 | INFO    | goodware.engine |   organization: None
2026-09-27T10:33:58 | INFO    | goodware.engine | ============================================================
2026-09-27T10:33:58 | INFO    | goodware.engine | Goodware stopped.
2026-09-27T10:33:59 | INFO    | goodware.engine | ============================================================
2026-09-27T10:33:59 | INFO    | goodware.engine | Goodware v3.0 starting...
2026-09-27T10:33:59 | INFO    | goodware.engine |   node_id: None
2026-09-27T10:33:59 | INFO    | goodware.engine |   organization: None
2026-09-27T10:33:59 | INFO    | goodware.engine | ============================================================
2026-09-27T10:33:59 | INFO    | goodware.engine | Goodware stopped.
2026-09-27T10:33:59 | INFO    | goodware.engine | ============================================================
2026-09-27T10:33:59 | INFO    | goodware.engine | Goodware v3.0 starting...
2026-09-27T10:33:59 | INFO    | goodware.engine |   node_id: None
2026-09-27T10:33:59 | INFO    | goodware.engine |   organization: None
2026-09-27T10:33:59 | INFO    | goodware.engine | ============================================================
2026-09-27T10:33:59 | INFO    | goodware.engine | Goodware stopped.
2026-09-27T10:34:04 | INFO    | goodware.engine | component registered: decision-engine
2026-09-27T10:34:04 | INFO    | goodware.engine | component registered: adaptive
2026-09-27T10:34:04 | INFO    | goodware.engine | component registered: mutation
2026-09-27T10:34:04 | INFO    | goodware.engine | component registered: zero_day
2026-09-27T10:34:04 | INFO    | goodware.engine | component registered: crypto
2026-09-27T10:34:04 | INFO    | goodware.engine | component registered: human-factor
2026-09-27T10:34:04 | INFO    | goodware.engine | component registered: decision
2026-09-27T10:34:04 | INFO    | goodware.engine | component registered: effector
2026-09-27T10:34:04 | INFO    | goodware.engine | component registered: chainsaw
2026-09-27T10:34:07 | INFO    | goodware.engine | component registered: immune
2026-09-27T10:34:07 | INFO    | goodware.engine | component registered: physical
2026-09-27T10:34:07 | INFO    | goodware.engine | component registered: supply-chain
2026-09-27T10:34:11 | INFO    | goodware.engine | ============================================================
2026-09-27T10:34:11 | INFO    | goodware.engine | Goodware v3.0 starting...
2026-09-27T10:34:11 | INFO    | goodware.engine |   node_id: None
2026-09-27T10:34:11 | INFO    | goodware.engine |   organization: None
2026-09-27T10:34:11 | INFO    | goodware.engine | ============================================================
2026-09-27T10:34:11 | INFO    | goodware.engine | Goodware stopped.
2026-09-27T10:34:11 | INFO    | goodware.engine | ============================================================
2026-09-27T10:34:11 | INFO    | goodware.engine | Goodware v3.0 starting...
2026-09-27T10:34:11 | INFO    | goodware.engine |   node_id: None
2026-09-27T10:34:11 | INFO    | goodware.engine |   organization: None
2026-09-27T10:34:11 | INFO    | goodware.engine | ============================================================
2026-09-27T10:34:11 | INFO    | goodware.engine | Goodware stopped.
2026-09-27T10:34:12 | INFO    | goodware.engine | hunter2
2026-09-27T10:34:12 | INFO    | goodware.engine | component registered: dummy
2026-09-27T10:34:13 | INFO    | goodware.engine | test
2026-09-27T10:34:13 | WARNING | goodware.engine | warn
2026-09-27T10:34:13 | ERROR   | goodware.engine | err
2026-09-27T10:34:13 | INFO    | goodware.engine | component registered: with_attach
2026-09-27T10:34:13 | INFO    | goodware.engine | component registered: dummy
2026-09-27T10:34:13 | INFO    | goodware.engine | ============================================================
2026-09-27T10:34:13 | INFO    | goodware.engine | Goodware v3.0 starting...
2026-09-27T10:34:13 | INFO    | goodware.engine |   node_id: None
2026-09-27T10:34:13 | INFO    | goodware.engine |   organization: None
2026-09-27T10:34:13 | INFO    | goodware.engine | ============================================================
2026-09-27T10:34:13 | INFO    | goodware.engine |   ✓ dummy running
2026-09-27T10:34:13 | INFO    | goodware.engine | Goodware stopped.
2026-09-27T10:34:15 | INFO    | goodware.engine | component registered: threat
2026-09-27T10:34:15 | INFO    | goodware.engine | component registered: anomaly
2026-09-27T10:34:15 | INFO    | goodware.engine | component registered: simulator
2026-09-27T10:34:16 | INFO    | goodware.engine | ============================================================
2026-09-27T10:34:16 | INFO    | goodware.engine | Goodware v3.0 starting...
2026-09-27T10:34:16 | INFO    | goodware.engine |   node_id: None
2026-09-27T10:34:16 | INFO    | goodware.engine |   organization: None
2026-09-27T10:34:16 | INFO    | goodware.engine | ============================================================
2026-09-27T10:34:16 | INFO    | goodware.engine | Goodware stopped.
2026-09-27T10:34:16 | INFO    | goodware.engine | ============================================================
2026-09-27T10:34:16 | INFO    | goodware.engine | Goodware v3.0 starting...
2026-09-27T10:34:16 | INFO    | goodware.engine |   node_id: None
2026-09-27T10:34:16 | INFO    | goodware.engine |   organization: None
2026-09-27T10:34:16 | INFO    | goodware.engine | ============================================================
2026-09-27T10:34:16 | INFO    | goodware.engine | Goodware stopped.
2026-09-27T10:34:16 | INFO    | goodware.engine | ============================================================
2026-09-27T10:34:16 | INFO    | goodware.engine | Goodware v3.0 starting...
2026-09-27T10:34:16 | INFO    | goodware.engine |   node_id: None
2026-09-27T10:34:16 | INFO    | goodware.engine |   organization: None
2026-09-27T10:34:16 | INFO    | goodware.engine | ============================================================
2026-09-27T10:34:16 | INFO    | goodware.engine | Goodware stopped.
2026-09-27T10:34:16 | INFO    | goodware.engine | ============================================================
2026-09-27T10:34:16 | INFO    | goodware.engine | Goodware v3.0 starting...
2026-09-27T10:34:16 | INFO    | goodware.engine |   node_id: None
2026-09-27T10:34:16 | INFO    | goodware.engine |   organization: None
2026-09-27T10:34:16 | INFO    | goodware.engine | ============================================================
2026-09-27T10:34:16 | INFO    | goodware.engine | Goodware stopped.
2026-09-27T10:34:16 | INFO    | goodware.engine | ============================================================
2026-09-27T10:34:16 | INFO    | goodware.engine | Goodware v3.0 starting...
2026-09-27T10:34:16 | INFO    | goodware.engine |   node_id: None
2026-09-27T10:34:16 | INFO    | goodware.engine |   organization: None
2026-09-27T10:34:16 | INFO    | goodware.engine | ============================================================
2026-09-27T10:34:17 | INFO    | goodware.engine | Goodware stopped.
2026-09-27T10:34:17 | INFO    | goodware.engine | ============================================================
2026-09-27T10:34:17 | INFO    | goodware.engine | Goodware v3.0 starting...
2026-09-27T10:34:17 | INFO    | goodware.engine |   node_id: None
2026-09-27T10:34:17 | INFO    | goodware.engine |   organization: None
2026-09-27T10:34:17 | INFO    | goodware.engine | ============================================================
2026-09-27T10:34:17 | INFO    | goodware.engine | Goodware stopped.
2026-09-27T10:34:17 | INFO    | goodware.engine | ============================================================
2026-09-27T10:34:17 | INFO    | goodware.engine | Goodware v3.0 starting...
2026-09-27T10:34:17 | INFO    | goodware.engine |   node_id: None
2026-09-27T10:34:17 | INFO    | goodware.engine |   organization: None
2026-09-27T10:34:17 | INFO    | goodware.engine | ============================================================
2026-09-27T10:34:17 | INFO    | goodware.engine | Goodware stopped.
2026-09-27T10:34:17 | INFO    | goodware.engine | ============================================================
2026-09-27T10:34:17 | INFO    | goodware.engine | Goodware v3.0 starting...
2026-09-27T10:34:17 | INFO    | goodware.engine |   node_id: None
2026-09-27T10:34:17 | INFO    | goodware.engine |   organization: None
2026-09-27T10:34:17 | INFO    | goodware.engine | ============================================================
2026-09-27T10:34:17 | INFO    | goodware.engine | Goodware stopped.
2026-09-27T10:34:17 | INFO    | goodware.engine | ============================================================
2026-09-27T10:34:17 | INFO    | goodware.engine | Goodware v3.0 starting...
2026-09-27T10:34:17 | INFO    | goodware.engine |   node_id: None
2026-09-27T10:34:17 | INFO    | goodware.engine |   organization: None
2026-09-27T10:34:17 | INFO    | goodware.engine | ============================================================
2026-09-27T10:34:17 | INFO    | goodware.engine | Goodware stopped.
2026-09-27T10:34:17 | INFO    | goodware.engine | ============================================================
2026-09-27T10:34:17 | INFO    | goodware.engine | Goodware v3.0 starting...
2026-09-27T10:34:17 | INFO    | goodware.engine |   node_id: None
2026-09-27T10:34:17 | INFO    | goodware.engine |   organization: None
2026-09-27T10:34:17 | INFO    | goodware.engine | ============================================================
2026-09-27T10:34:17 | INFO    | goodware.engine | Goodware stopped.
2026-09-27T10:34:17 | INFO    | goodware.engine | ============================================================
2026-09-27T10:34:17 | INFO    | goodware.engine | Goodware v3.0 starting...
2026-09-27T10:34:17 | INFO    | goodware.engine |   node_id: None
2026-09-27T10:34:17 | INFO    | goodware.engine |   organization: None
2026-09-27T10:34:17 | INFO    | goodware.engine | ============================================================
2026-09-27T10:34:18 | INFO    | goodware.engine | Goodware stopped.
2026-09-27T10:34:18 | INFO    | goodware.engine | ============================================================
2026-09-27T10:34:18 | INFO    | goodware.engine | Goodware v3.0 starting...
2026-09-27T10:34:18 | INFO    | goodware.engine |   node_id: None
2026-09-27T10:34:18 | INFO    | goodware.engine |   organization: None
2026-09-27T10:34:18 | INFO    | goodware.engine | ============================================================
2026-09-27T10:34:18 | INFO    | goodware.engine | Goodware stopped.
2026-09-27T10:34:18 | INFO    | goodware.engine | ============================================================
2026-09-27T10:34:18 | INFO    | goodware.engine | Goodware v3.0 starting...
2026-09-27T10:34:18 | INFO    | goodware.engine |   node_id: None
2026-09-27T10:34:18 | INFO    | goodware.engine |   organization: None
2026-09-27T10:34:18 | INFO    | goodware.engine | ============================================================
2026-09-27T10:34:18 | INFO    | goodware.engine | Goodware stopped.
2026-09-27T10:34:18 | INFO    | goodware.engine | ============================================================
2026-09-27T10:34:18 | INFO    | goodware.engine | Goodware v3.0 starting...
2026-09-27T10:34:18 | INFO    | goodware.engine |   node_id: None
2026-09-27T10:34:18 | INFO    | goodware.engine |   organization: None
2026-09-27T10:34:18 | INFO    | goodware.engine | ============================================================
2026-09-27T10:34:18 | INFO    | goodware.engine | Goodware stopped.
2026-09-27T10:34:18 | INFO    | goodware.engine | ============================================================
2026-09-27T10:34:18 | INFO    | goodware.engine | Goodware v3.0 starting...
2026-09-27T10:34:18 | INFO    | goodware.engine |   node_id: None
2026-09-27T10:34:18 | INFO    | goodware.engine |   organization: None
2026-09-27T10:34:18 | INFO    | goodware.engine | ============================================================
2026-09-27T10:34:18 | INFO    | goodware.engine | Goodware stopped.
2026-09-27T10:34:18 | INFO    | goodware.engine | ============================================================
2026-09-27T10:34:18 | INFO    | goodware.engine | Goodware v3.0 starting...
2026-09-27T10:34:18 | INFO    | goodware.engine |   node_id: None
2026-09-27T10:34:18 | INFO    | goodware.engine |   organization: None
2026-09-27T10:34:18 | INFO    | goodware.engine | ============================================================
2026-09-27T10:34:18 | INFO    | goodware.engine | Goodware stopped.
2026-09-27T10:34:18 | INFO    | goodware.engine | ============================================================
2026-09-27T10:34:18 | INFO    | goodware.engine | Goodware v3.0 starting...
2026-09-27T10:34:18 | INFO    | goodware.engine |   node_id: None
2026-09-27T10:34:18 | INFO    | goodware.engine |   organization: None
2026-09-27T10:34:18 | INFO    | goodware.engine | ============================================================
2026-09-27T10:34:18 | INFO    | goodware.engine | Goodware stopped.
2026-09-27T10:34:18 | INFO    | goodware.engine | ============================================================
2026-09-27T10:34:18 | INFO    | goodware.engine | Goodware v3.0 starting...
2026-09-27T10:34:18 | INFO    | goodware.engine |   node_id: None
2026-09-27T10:34:18 | INFO    | goodware.engine |   organization: None
2026-09-27T10:34:18 | INFO    | goodware.engine | ============================================================
2026-09-27T10:34:19 | INFO    | goodware.engine | Goodware stopped.
2026-09-27T10:34:19 | INFO    | goodware.engine | ============================================================
2026-09-27T10:34:19 | INFO    | goodware.engine | Goodware v3.0 starting...
2026-09-27T10:34:19 | INFO    | goodware.engine |   node_id: None
2026-09-27T10:34:19 | INFO    | goodware.engine |   organization: None
2026-09-27T10:34:19 | INFO    | goodware.engine | ============================================================
2026-09-27T10:34:19 | INFO    | goodware.engine | Goodware stopped.
2026-09-27T10:34:19 | INFO    | goodware.engine | ============================================================
2026-09-27T10:34:19 | INFO    | goodware.engine | Goodware v3.0 starting...
2026-09-27T10:34:19 | INFO    | goodware.engine |   node_id: None
2026-09-27T10:34:19 | INFO    | goodware.engine |   organization: None
2026-09-27T10:34:19 | INFO    | goodware.engine | ============================================================
2026-09-27T10:34:19 | INFO    | goodware.engine | Goodware stopped.
2026-09-27T10:34:20 | INFO    | goodware.engine | ============================================================
2026-09-27T10:34:20 | INFO    | goodware.engine | Goodware v3.0 starting...
2026-09-27T10:34:20 | INFO    | goodware.engine |   node_id: None
2026-09-27T10:34:20 | INFO    | goodware.engine |   organization: None
2026-09-27T10:34:20 | INFO    | goodware.engine | ============================================================
2026-09-27T10:34:20 | INFO    | goodware.engine | Goodware stopped.
2026-09-27T10:34:20 | INFO    | goodware.engine | ============================================================
2026-09-27T10:34:20 | INFO    | goodware.engine | Goodware v3.0 starting...
2026-09-27T10:34:20 | INFO    | goodware.engine |   node_id: None
2026-09-27T10:34:20 | INFO    | goodware.engine |   organization: None
2026-09-27T10:34:20 | INFO    | goodware.engine | ============================================================
2026-09-27T10:34:20 | INFO    | goodware.engine | Goodware stopped.
2026-09-27T10:34:31 | INFO    | goodware.engine | component registered: filesystem
2026-09-27T10:34:31 | INFO    | goodware.engine | component registered: process
2026-09-27T10:34:31 | INFO    | goodware.engine | component registered: network
2026-09-27T10:34:31 | INFO    | goodware.engine | component registered: memory
2026-09-27T10:34:31 | INFO    | goodware.engine | component registered: config
2026-09-27T10:34:31 | INFO    | goodware.engine | component registered: behavior
2026-09-27T10:34:31 | INFO    | goodware.engine | component registered: quantum
2026-09-27T10:34:31 | INFO    | goodware.engine |   watching 4 paths: ['/etc', '/usr/local/bin', '/usr/bin', '/tmp']
2026-09-27T10:34:34 | INFO    | goodware.engine | component registered: threat
2026-09-27T10:34:34 | INFO    | goodware.engine | component registered: anomaly
2026-09-27T10:34:34 | INFO    | goodware.engine | component registered: simulator
2026-09-27T10:34:35 | INFO    | goodware.engine | component registered: federated-server
2026-09-27T10:34:35 | INFO    | goodware.engine | component registered: federated-client
2026-09-27T10:34:35 | INFO    | goodware.engine | federated server listening on 127.0.0.1:8443
2026-09-27T10:34:37 | INFO    | goodware.engine | component registered: decision-engine
2026-09-27T10:34:37 | INFO    | goodware.engine | component registered: adaptive
2026-09-27T10:34:37 | INFO    | goodware.engine | component registered: mutation
2026-09-27T10:34:37 | INFO    | goodware.engine | component registered: zero_day
2026-09-27T10:34:45 | INFO    | goodware.engine | component registered: decision-engine
2026-09-27T10:34:45 | INFO    | goodware.engine | component registered: adaptive
2026-09-27T10:34:45 | INFO    | goodware.engine | component registered: mutation
2026-09-27T10:34:45 | INFO    | goodware.engine | component registered: zero_day
2026-09-27T10:34:45 | INFO    | goodware.engine | component registered: crypto
2026-09-27T10:34:45 | INFO    | goodware.engine | component registered: human-factor
2026-09-27T10:34:45 | INFO    | goodware.engine | component registered: decision
2026-09-27T10:34:45 | INFO    | goodware.engine | component registered: effector
2026-09-27T10:34:45 | INFO    | goodware.engine | component registered: chainsaw
2026-09-27T10:34:48 | INFO    | goodware.engine | component registered: immune
2026-09-27T10:34:48 | INFO    | goodware.engine | component registered: physical
2026-09-27T10:34:48 | INFO    | goodware.engine | component registered: supply-chain
2026-09-27T10:34:52 | INFO    | goodware.engine | ============================================================
2026-09-27T10:34:52 | INFO    | goodware.engine | Goodware v3.0 starting...
2026-09-27T10:34:52 | INFO    | goodware.engine |   node_id: None
2026-09-27T10:34:52 | INFO    | goodware.engine |   organization: None
2026-09-27T10:34:52 | INFO    | goodware.engine | ============================================================
2026-09-27T10:34:52 | INFO    | goodware.engine | Goodware stopped.
2026-09-27T10:34:52 | INFO    | goodware.engine | ============================================================
2026-09-27T10:34:52 | INFO    | goodware.engine | Goodware v3.0 starting...
2026-09-27T10:34:52 | INFO    | goodware.engine |   node_id: None
2026-09-27T10:34:52 | INFO    | goodware.engine |   organization: None
2026-09-27T10:34:52 | INFO    | goodware.engine | ============================================================
2026-09-27T10:34:52 | INFO    | goodware.engine | Goodware stopped.
2026-09-27T10:34:53 | INFO    | goodware.engine | hunter2
2026-09-27T10:34:53 | INFO    | goodware.engine | component registered: dummy
2026-09-27T10:34:54 | INFO    | goodware.engine | test
2026-09-27T10:34:54 | WARNING | goodware.engine | warn
2026-09-27T10:34:54 | ERROR   | goodware.engine | err
2026-09-27T10:34:54 | INFO    | goodware.engine | component registered: with_attach
2026-09-27T10:34:54 | INFO    | goodware.engine | component registered: dummy
2026-09-27T10:34:54 | INFO    | goodware.engine | ============================================================
2026-09-27T10:34:54 | INFO    | goodware.engine | Goodware v3.0 starting...
2026-09-27T10:34:54 | INFO    | goodware.engine |   node_id: None
2026-09-27T10:34:54 | INFO    | goodware.engine |   organization: None
2026-09-27T10:34:54 | INFO    | goodware.engine | ============================================================
2026-09-27T10:34:54 | INFO    | goodware.engine |   ✓ dummy running
2026-09-27T10:34:54 | INFO    | goodware.engine | Goodware stopped.
2026-09-27T10:34:57 | INFO    | goodware.engine | component registered: threat
2026-09-27T10:34:57 | INFO    | goodware.engine | component registered: anomaly
2026-09-27T10:34:57 | INFO    | goodware.engine | component registered: simulator
2026-09-27T10:34:57 | INFO    | goodware.engine | component registered: filesystem
2026-09-27T10:34:57 | INFO    | goodware.engine | component registered: process
2026-09-27T10:34:57 | INFO    | goodware.engine | component registered: network
2026-09-27T10:34:57 | INFO    | goodware.engine | component registered: memory
2026-09-27T10:34:57 | INFO    | goodware.engine | component registered: config
2026-09-27T10:34:57 | INFO    | goodware.engine | component registered: behavior
2026-09-27T10:34:57 | INFO    | goodware.engine | component registered: quantum
2026-09-27T10:34:57 | INFO    | goodware.engine | component registered: filesystem
2026-09-27T10:34:57 | INFO    | goodware.engine | component registered: process
2026-09-27T10:34:57 | INFO    | goodware.engine | component registered: network
2026-09-27T10:34:57 | INFO    | goodware.engine | component registered: memory
2026-09-27T10:34:57 | INFO    | goodware.engine | component registered: config
2026-09-27T10:34:57 | INFO    | goodware.engine | component registered: behavior
2026-09-27T10:34:57 | INFO    | goodware.engine | component registered: quantum
2026-09-27T10:34:57 | INFO    | goodware.engine | component registered: filesystem
2026-09-27T10:34:57 | INFO    | goodware.engine | component registered: process
2026-09-27T10:34:57 | INFO    | goodware.engine | component registered: network
2026-09-27T10:34:57 | INFO    | goodware.engine | component registered: memory
2026-09-27T10:34:57 | INFO    | goodware.engine | component registered: config
2026-09-27T10:34:57 | INFO    | goodware.engine | component registered: behavior
2026-09-27T10:34:57 | INFO    | goodware.engine | component registered: quantum
2026-09-27T10:34:57 | INFO    | goodware.engine | component registered: filesystem
2026-09-27T10:34:57 | INFO    | goodware.engine | component registered: process
2026-09-27T10:34:57 | INFO    | goodware.engine | component registered: network
2026-09-27T10:34:57 | INFO    | goodware.engine | component registered: memory
2026-09-27T10:34:57 | INFO    | goodware.engine | component registered: config
2026-09-27T10:34:57 | INFO    | goodware.engine | component registered: behavior
2026-09-27T10:34:57 | INFO    | goodware.engine | component registered: quantum
2026-09-27T10:34:57 | INFO    | goodware.engine | component registered: filesystem
2026-09-27T10:34:57 | INFO    | goodware.engine | component registered: process
2026-09-27T10:34:57 | INFO    | goodware.engine | component registered: network
2026-09-27T10:34:57 | INFO    | goodware.engine | component registered: memory
2026-09-27T10:34:57 | INFO    | goodware.engine | component registered: config
2026-09-27T10:34:57 | INFO    | goodware.engine | component registered: behavior
2026-09-27T10:34:57 | INFO    | goodware.engine | component registered: quantum
2026-09-27T10:34:57 | INFO    | goodware.engine | component registered: filesystem
2026-09-27T10:34:57 | INFO    | goodware.engine | component registered: process
2026-09-27T10:34:57 | INFO    | goodware.engine | component registered: network
2026-09-27T10:34:57 | INFO    | goodware.engine | component registered: memory
2026-09-27T10:34:57 | INFO    | goodware.engine | component registered: config
2026-09-27T10:34:57 | INFO    | goodware.engine | component registered: behavior
2026-09-27T10:34:57 | INFO    | goodware.engine | component registered: quantum
2026-09-27T10:34:57 | INFO    | goodware.engine | component registered: filesystem
2026-09-27T10:34:57 | INFO    | goodware.engine | component registered: process
2026-09-27T10:34:57 | INFO    | goodware.engine | component registered: network
2026-09-27T10:34:57 | INFO    | goodware.engine | component registered: memory
2026-09-27T10:34:57 | INFO    | goodware.engine | component registered: config
2026-09-27T10:34:57 | INFO    | goodware.engine | component registered: behavior
2026-09-27T10:34:57 | INFO    | goodware.engine | component registered: quantum
2026-09-27T10:34:57 | INFO    | goodware.engine | component registered: filesystem
2026-09-27T10:34:57 | INFO    | goodware.engine | component registered: process
2026-09-27T10:34:57 | INFO    | goodware.engine | component registered: network
2026-09-27T10:34:57 | INFO    | goodware.engine | component registered: memory
2026-09-27T10:34:57 | INFO    | goodware.engine | component registered: config
2026-09-27T10:34:57 | INFO    | goodware.engine | component registered: behavior
2026-09-27T10:34:57 | INFO    | goodware.engine | component registered: quantum
2026-09-27T10:34:57 | INFO    | goodware.engine | component registered: filesystem
2026-09-27T10:34:57 | INFO    | goodware.engine | component registered: process
2026-09-27T10:34:57 | INFO    | goodware.engine | component registered: network
2026-09-27T10:34:57 | INFO    | goodware.engine | component registered: memory
2026-09-27T10:34:57 | INFO    | goodware.engine | component registered: config
2026-09-27T10:34:57 | INFO    | goodware.engine | component registered: behavior
2026-09-27T10:34:57 | INFO    | goodware.engine | component registered: quantum
2026-09-27T10:34:57 | INFO    | goodware.engine | component registered: filesystem
2026-09-27T10:34:57 | INFO    | goodware.engine | component registered: process
2026-09-27T10:34:57 | INFO    | goodware.engine | component registered: network
2026-09-27T10:34:57 | INFO    | goodware.engine | component registered: memory
2026-09-27T10:34:57 | INFO    | goodware.engine | component registered: config
2026-09-27T10:34:57 | INFO    | goodware.engine | component registered: behavior
2026-09-27T10:34:57 | INFO    | goodware.engine | component registered: quantum
2026-09-27T10:34:57 | INFO    | goodware.engine | component registered: filesystem
2026-09-27T10:34:57 | INFO    | goodware.engine | component registered: process
2026-09-27T10:34:57 | INFO    | goodware.engine | component registered: network
2026-09-27T10:34:57 | INFO    | goodware.engine | component registered: memory
2026-09-27T10:34:57 | INFO    | goodware.engine | component registered: config
2026-09-27T10:34:57 | INFO    | goodware.engine | component registered: behavior
2026-09-27T10:34:57 | INFO    | goodware.engine | component registered: quantum
2026-09-27T10:34:58 | INFO    | goodware.engine | component registered: filesystem
2026-09-27T10:34:58 | INFO    | goodware.engine | component registered: process
2026-09-27T10:34:58 | INFO    | goodware.engine | component registered: network
2026-09-27T10:34:58 | INFO    | goodware.engine | component registered: memory
2026-09-27T10:34:58 | INFO    | goodware.engine | component registered: config
2026-09-27T10:34:58 | INFO    | goodware.engine | component registered: behavior
2026-09-27T10:34:58 | INFO    | goodware.engine | component registered: quantum
2026-09-27T10:34:58 | INFO    | goodware.engine | component registered: filesystem
2026-09-27T10:34:58 | INFO    | goodware.engine | component registered: process
2026-09-27T10:34:58 | INFO    | goodware.engine | component registered: network
2026-09-27T10:34:58 | INFO    | goodware.engine | component registered: memory
2026-09-27T10:34:58 | INFO    | goodware.engine | component registered: config
2026-09-27T10:34:58 | INFO    | goodware.engine | component registered: behavior
2026-09-27T10:34:58 | INFO    | goodware.engine | component registered: quantum
2026-09-27T10:34:58 | INFO    | goodware.engine | component registered: filesystem
2026-09-27T10:34:58 | INFO    | goodware.engine | component registered: process
2026-09-27T10:34:58 | INFO    | goodware.engine | component registered: network
2026-09-27T10:34:58 | INFO    | goodware.engine | component registered: memory
2026-09-27T10:34:58 | INFO    | goodware.engine | component registered: config
2026-09-27T10:34:58 | INFO    | goodware.engine | component registered: behavior
2026-09-27T10:34:58 | INFO    | goodware.engine | component registered: quantum
2026-09-27T10:34:58 | INFO    | goodware.engine | component registered: filesystem
2026-09-27T10:34:58 | INFO    | goodware.engine | component registered: process
2026-09-27T10:34:58 | INFO    | goodware.engine | component registered: network
2026-09-27T10:34:58 | INFO    | goodware.engine | component registered: memory
2026-09-27T10:34:58 | INFO    | goodware.engine | component registered: config
2026-09-27T10:34:58 | INFO    | goodware.engine | component registered: behavior
2026-09-27T10:34:58 | INFO    | goodware.engine | component registered: quantum
2026-09-27T10:34:58 | INFO    | goodware.engine | component registered: filesystem
2026-09-27T10:34:58 | INFO    | goodware.engine | component registered: process
2026-09-27T10:34:58 | INFO    | goodware.engine | component registered: network
2026-09-27T10:34:58 | INFO    | goodware.engine | component registered: memory
2026-09-27T10:34:58 | INFO    | goodware.engine | component registered: config
2026-09-27T10:34:58 | INFO    | goodware.engine | component registered: behavior
2026-09-27T10:34:58 | INFO    | goodware.engine | component registered: quantum
2026-09-27T10:34:58 | INFO    | goodware.engine |   watching 2 paths: ['/etc', '/tmp']
2026-09-27T10:34:58 | INFO    | goodware.engine | component registered: filesystem
2026-09-27T10:34:58 | INFO    | goodware.engine | component registered: process
2026-09-27T10:34:58 | INFO    | goodware.engine | component registered: network
2026-09-27T10:34:58 | INFO    | goodware.engine | component registered: memory
2026-09-27T10:34:58 | INFO    | goodware.engine | component registered: config
2026-09-27T10:34:58 | INFO    | goodware.engine | component registered: behavior
2026-09-27T10:34:58 | INFO    | goodware.engine | component registered: quantum
2026-09-27T10:34:58 | INFO    | goodware.engine | component registered: filesystem
2026-09-27T10:34:58 | INFO    | goodware.engine | component registered: process
2026-09-27T10:34:58 | INFO    | goodware.engine | component registered: network
2026-09-27T10:34:58 | INFO    | goodware.engine | component registered: memory
2026-09-27T10:34:58 | INFO    | goodware.engine | component registered: config
2026-09-27T10:34:58 | INFO    | goodware.engine | component registered: behavior
2026-09-27T10:34:58 | INFO    | goodware.engine | component registered: quantum
2026-09-27T10:34:58 | INFO    | goodware.engine | component registered: filesystem
2026-09-27T10:34:58 | INFO    | goodware.engine | component registered: process
2026-09-27T10:34:58 | INFO    | goodware.engine | component registered: network
2026-09-27T10:34:58 | INFO    | goodware.engine | component registered: memory
2026-09-27T10:34:58 | INFO    | goodware.engine | component registered: config
2026-09-27T10:34:58 | INFO    | goodware.engine | component registered: behavior
2026-09-27T10:34:58 | INFO    | goodware.engine | component registered: quantum
2026-09-27T10:34:58 | INFO    | goodware.engine | component registered: filesystem
2026-09-27T10:34:58 | INFO    | goodware.engine | component registered: process
2026-09-27T10:34:58 | INFO    | goodware.engine | component registered: network
2026-09-27T10:34:58 | INFO    | goodware.engine | component registered: memory
2026-09-27T10:34:58 | INFO    | goodware.engine | component registered: config
2026-09-27T10:34:58 | INFO    | goodware.engine | component registered: behavior
2026-09-27T10:34:58 | INFO    | goodware.engine | component registered: quantum
2026-09-27T10:34:58 | INFO    | goodware.engine | component registered: filesystem
2026-09-27T10:34:58 | INFO    | goodware.engine | component registered: process
2026-09-27T10:34:58 | INFO    | goodware.engine | component registered: network
2026-09-27T10:34:58 | INFO    | goodware.engine | component registered: memory
2026-09-27T10:34:58 | INFO    | goodware.engine | component registered: config
2026-09-27T10:34:58 | INFO    | goodware.engine | component registered: behavior
2026-09-27T10:34:58 | INFO    | goodware.engine | component registered: quantum
2026-09-27T10:34:58 | INFO    | goodware.engine | component registered: filesystem
2026-09-27T10:34:58 | INFO    | goodware.engine | component registered: process
2026-09-27T10:34:58 | INFO    | goodware.engine | component registered: network
2026-09-27T10:34:58 | INFO    | goodware.engine | component registered: memory
2026-09-27T10:34:58 | INFO    | goodware.engine | component registered: config
2026-09-27T10:34:58 | INFO    | goodware.engine | component registered: behavior
2026-09-27T10:34:58 | INFO    | goodware.engine | component registered: quantum
2026-09-27T10:34:58 | INFO    | goodware.engine | component registered: filesystem
2026-09-27T10:34:58 | INFO    | goodware.engine | component registered: process
2026-09-27T10:34:58 | INFO    | goodware.engine | component registered: network
2026-09-27T10:34:58 | INFO    | goodware.engine | component registered: memory
2026-09-27T10:34:58 | INFO    | goodware.engine | component registered: config
2026-09-27T10:34:58 | INFO    | goodware.engine | component registered: behavior
2026-09-27T10:34:58 | INFO    | goodware.engine | component registered: quantum
2026-09-27T10:34:59 | INFO    | goodware.engine | component registered: filesystem
2026-09-27T10:34:59 | INFO    | goodware.engine | component registered: process
2026-09-27T10:34:59 | INFO    | goodware.engine | component registered: network
2026-09-27T10:34:59 | INFO    | goodware.engine | component registered: memory
2026-09-27T10:34:59 | INFO    | goodware.engine | component registered: config
2026-09-27T10:34:59 | INFO    | goodware.engine | component registered: behavior
2026-09-27T10:34:59 | INFO    | goodware.engine | component registered: quantum
2026-09-27T10:34:59 | INFO    | goodware.engine | component registered: filesystem
2026-09-27T10:34:59 | INFO    | goodware.engine | component registered: process
2026-09-27T10:34:59 | INFO    | goodware.engine | component registered: network
2026-09-27T10:34:59 | INFO    | goodware.engine | component registered: memory
2026-09-27T10:34:59 | INFO    | goodware.engine | component registered: config
2026-09-27T10:34:59 | INFO    | goodware.engine | component registered: behavior
2026-09-27T10:34:59 | INFO    | goodware.engine | component registered: quantum
2026-09-27T10:34:59 | INFO    | goodware.engine | component registered: filesystem
2026-09-27T10:34:59 | INFO    | goodware.engine | component registered: process
2026-09-27T10:34:59 | INFO    | goodware.engine | component registered: network
2026-09-27T10:34:59 | INFO    | goodware.engine | component registered: memory
2026-09-27T10:34:59 | INFO    | goodware.engine | component registered: config
2026-09-27T10:34:59 | INFO    | goodware.engine | component registered: behavior
2026-09-27T10:34:59 | INFO    | goodware.engine | component registered: quantum
2026-09-27T10:34:59 | INFO    | goodware.engine | component registered: filesystem
2026-09-27T10:34:59 | INFO    | goodware.engine | component registered: process
2026-09-27T10:34:59 | INFO    | goodware.engine | component registered: network
2026-09-27T10:34:59 | INFO    | goodware.engine | component registered: memory
2026-09-27T10:34:59 | INFO    | goodware.engine | component registered: config
2026-09-27T10:34:59 | INFO    | goodware.engine | component registered: behavior
2026-09-27T10:34:59 | INFO    | goodware.engine | component registered: quantum
2026-09-27T10:34:59 | INFO    | goodware.engine | component registered: filesystem
2026-09-27T10:34:59 | INFO    | goodware.engine | component registered: process
2026-09-27T10:34:59 | INFO    | goodware.engine | component registered: network
2026-09-27T10:34:59 | INFO    | goodware.engine | component registered: memory
2026-09-27T10:34:59 | INFO    | goodware.engine | component registered: config
2026-09-27T10:34:59 | INFO    | goodware.engine | component registered: behavior
2026-09-27T10:34:59 | INFO    | goodware.engine | component registered: quantum
2026-09-27T10:34:59 | INFO    | goodware.engine | component registered: filesystem
2026-09-27T10:34:59 | INFO    | goodware.engine | component registered: process
2026-09-27T10:34:59 | INFO    | goodware.engine | component registered: network
2026-09-27T10:34:59 | INFO    | goodware.engine | component registered: memory
2026-09-27T10:34:59 | INFO    | goodware.engine | component registered: config
2026-09-27T10:34:59 | INFO    | goodware.engine | component registered: behavior
2026-09-27T10:34:59 | INFO    | goodware.engine | component registered: quantum
2026-09-27T10:34:59 | INFO    | goodware.engine | component registered: filesystem
2026-09-27T10:34:59 | INFO    | goodware.engine | component registered: process
2026-09-27T10:34:59 | INFO    | goodware.engine | component registered: network
2026-09-27T10:34:59 | INFO    | goodware.engine | component registered: memory
2026-09-27T10:34:59 | INFO    | goodware.engine | component registered: config
2026-09-27T10:34:59 | INFO    | goodware.engine | component registered: behavior
2026-09-27T10:34:59 | INFO    | goodware.engine | component registered: quantum
2026-09-27T10:34:59 | INFO    | goodware.engine | component registered: filesystem
2026-09-27T10:34:59 | INFO    | goodware.engine | component registered: process
2026-09-27T10:34:59 | INFO    | goodware.engine | component registered: network
2026-09-27T10:34:59 | INFO    | goodware.engine | component registered: memory
2026-09-27T10:34:59 | INFO    | goodware.engine | component registered: config
2026-09-27T10:34:59 | INFO    | goodware.engine | component registered: behavior
2026-09-27T10:34:59 | INFO    | goodware.engine | component registered: quantum
2026-09-27T10:34:59 | INFO    | goodware.engine | component registered: filesystem
2026-09-27T10:34:59 | INFO    | goodware.engine | component registered: process
2026-09-27T10:34:59 | INFO    | goodware.engine | component registered: network
2026-09-27T10:34:59 | INFO    | goodware.engine | component registered: memory
2026-09-27T10:34:59 | INFO    | goodware.engine | component registered: config
2026-09-27T10:34:59 | INFO    | goodware.engine | component registered: behavior
2026-09-27T10:34:59 | INFO    | goodware.engine | component registered: quantum
2026-09-27T10:34:59 | INFO    | goodware.engine |   watching 2 paths: ['/etc', '/tmp']
2026-09-27T10:35:00 | INFO    | goodware.engine | component registered: filesystem
2026-09-27T10:35:00 | INFO    | goodware.engine | component registered: process
2026-09-27T10:35:00 | INFO    | goodware.engine | component registered: network
2026-09-27T10:35:00 | INFO    | goodware.engine | component registered: memory
2026-09-27T10:35:00 | INFO    | goodware.engine | component registered: config
2026-09-27T10:35:00 | INFO    | goodware.engine | component registered: behavior
2026-09-27T10:35:00 | INFO    | goodware.engine | component registered: quantum
2026-09-27T10:35:00 | INFO    | goodware.engine |   watching 2 paths: ['/etc', '/tmp']
2026-09-27T10:35:00 | INFO    | goodware.engine | ============================================================
2026-09-27T10:35:00 | INFO    | goodware.engine | Goodware v3.0 starting...
2026-09-27T10:35:00 | INFO    | goodware.engine |   node_id: None
2026-09-27T10:35:00 | INFO    | goodware.engine |   organization: None
2026-09-27T10:35:00 | INFO    | goodware.engine | ============================================================
2026-09-27T10:35:00 | INFO    | goodware.engine | Goodware stopped.
2026-09-27T10:35:00 | INFO    | goodware.engine | ============================================================
2026-09-27T10:35:00 | INFO    | goodware.engine | Goodware v3.0 starting...
2026-09-27T10:35:00 | INFO    | goodware.engine |   node_id: None
2026-09-27T10:35:00 | INFO    | goodware.engine |   organization: None
2026-09-27T10:35:00 | INFO    | goodware.engine | ============================================================
2026-09-27T10:35:01 | INFO    | goodware.engine | Goodware stopped.
2026-09-27T10:35:01 | INFO    | goodware.engine | ============================================================
2026-09-27T10:35:01 | INFO    | goodware.engine | Goodware v3.0 starting...
2026-09-27T10:35:01 | INFO    | goodware.engine |   node_id: None
2026-09-27T10:35:01 | INFO    | goodware.engine |   organization: None
2026-09-27T10:35:01 | INFO    | goodware.engine | ============================================================
2026-09-27T10:35:01 | INFO    | goodware.engine | Goodware stopped.
2026-09-27T10:35:01 | INFO    | goodware.engine | ============================================================
2026-09-27T10:35:01 | INFO    | goodware.engine | Goodware v3.0 starting...
2026-09-27T10:35:01 | INFO    | goodware.engine |   node_id: None
2026-09-27T10:35:01 | INFO    | goodware.engine |   organization: None
2026-09-27T10:35:01 | INFO    | goodware.engine | ============================================================
2026-09-27T10:35:02 | INFO    | goodware.engine | Goodware stopped.
2026-09-27T10:35:02 | INFO    | goodware.engine | ============================================================
2026-09-27T10:35:02 | INFO    | goodware.engine | Goodware v3.0 starting...
2026-09-27T10:35:02 | INFO    | goodware.engine |   node_id: None
2026-09-27T10:35:02 | INFO    | goodware.engine |   organization: None
2026-09-27T10:35:02 | INFO    | goodware.engine | ============================================================
2026-09-27T10:35:02 | INFO    | goodware.engine | Goodware stopped.
2026-09-27T10:35:02 | INFO    | goodware.engine | ============================================================
2026-09-27T10:35:02 | INFO    | goodware.engine | Goodware v3.0 starting...
2026-09-27T10:35:02 | INFO    | goodware.engine |   node_id: None
2026-09-27T10:35:02 | INFO    | goodware.engine |   organization: None
2026-09-27T10:35:02 | INFO    | goodware.engine | ============================================================
2026-09-27T10:35:03 | INFO    | goodware.engine | Goodware stopped.
2026-09-27T10:35:03 | INFO    | goodware.engine | ============================================================
2026-09-27T10:35:03 | INFO    | goodware.engine | Goodware v3.0 starting...
2026-09-27T10:35:03 | INFO    | goodware.engine |   node_id: None
2026-09-27T10:35:03 | INFO    | goodware.engine |   organization: None
2026-09-27T10:35:03 | INFO    | goodware.engine | ============================================================
2026-09-27T10:35:03 | INFO    | goodware.engine | Goodware stopped.
2026-09-27T10:35:03 | INFO    | goodware.engine | ============================================================
2026-09-27T10:35:03 | INFO    | goodware.engine | Goodware v3.0 starting...
2026-09-27T10:35:03 | INFO    | goodware.engine |   node_id: None
2026-09-27T10:35:03 | INFO    | goodware.engine |   organization: None
2026-09-27T10:35:03 | INFO    | goodware.engine | ============================================================
2026-09-27T10:35:03 | INFO    | goodware.engine | Goodware stopped.
2026-09-27T10:35:03 | INFO    | goodware.engine | ============================================================
2026-09-27T10:35:03 | INFO    | goodware.engine | Goodware v3.0 starting...
2026-09-27T10:35:03 | INFO    | goodware.engine |   node_id: None
2026-09-27T10:35:03 | INFO    | goodware.engine |   organization: None
2026-09-27T10:35:03 | INFO    | goodware.engine | ============================================================
2026-09-27T10:35:03 | INFO    | goodware.engine | Goodware stopped.
2026-09-27T10:35:03 | INFO    | goodware.engine | ============================================================
2026-09-27T10:35:03 | INFO    | goodware.engine | Goodware v3.0 starting...
2026-09-27T10:35:03 | INFO    | goodware.engine |   node_id: None
2026-09-27T10:35:03 | INFO    | goodware.engine |   organization: None
2026-09-27T10:35:03 | INFO    | goodware.engine | ============================================================
2026-09-27T10:35:03 | INFO    | goodware.engine | Goodware stopped.
2026-09-27T10:35:03 | INFO    | goodware.engine | ============================================================
2026-09-27T10:35:03 | INFO    | goodware.engine | Goodware v3.0 starting...
2026-09-27T10:35:03 | INFO    | goodware.engine |   node_id: None
2026-09-27T10:35:03 | INFO    | goodware.engine |   organization: None
2026-09-27T10:35:03 | INFO    | goodware.engine | ============================================================
2026-09-27T10:35:03 | INFO    | goodware.engine | Goodware stopped.
2026-09-27T10:35:03 | INFO    | goodware.engine | ============================================================
2026-09-27T10:35:03 | INFO    | goodware.engine | Goodware v3.0 starting...
2026-09-27T10:35:03 | INFO    | goodware.engine |   node_id: None
2026-09-27T10:35:03 | INFO    | goodware.engine |   organization: None
2026-09-27T10:35:03 | INFO    | goodware.engine | ============================================================
2026-09-27T10:35:03 | INFO    | goodware.engine | Goodware stopped.
2026-09-27T10:35:03 | INFO    | goodware.engine | ============================================================
2026-09-27T10:35:03 | INFO    | goodware.engine | Goodware v3.0 starting...
2026-09-27T10:35:03 | INFO    | goodware.engine |   node_id: None
2026-09-27T10:35:03 | INFO    | goodware.engine |   organization: None
2026-09-27T10:35:03 | INFO    | goodware.engine | ============================================================
2026-09-27T10:35:03 | INFO    | goodware.engine | Goodware stopped.
2026-09-27T10:35:03 | INFO    | goodware.engine | ============================================================
2026-09-27T10:35:03 | INFO    | goodware.engine | Goodware v3.0 starting...
2026-09-27T10:35:03 | INFO    | goodware.engine |   node_id: None
2026-09-27T10:35:03 | INFO    | goodware.engine |   organization: None
2026-09-27T10:35:03 | INFO    | goodware.engine | ============================================================
2026-09-27T10:35:04 | INFO    | goodware.engine | Goodware stopped.
2026-09-27T10:35:04 | INFO    | goodware.engine | ============================================================
2026-09-27T10:35:04 | INFO    | goodware.engine | Goodware v3.0 starting...
2026-09-27T10:35:04 | INFO    | goodware.engine |   node_id: None
2026-09-27T10:35:04 | INFO    | goodware.engine |   organization: None
2026-09-27T10:35:04 | INFO    | goodware.engine | ============================================================
2026-09-27T10:35:04 | INFO    | goodware.engine | Goodware stopped.
2026-09-27T10:35:04 | INFO    | goodware.engine | ============================================================
2026-09-27T10:35:04 | INFO    | goodware.engine | Goodware v3.0 starting...
2026-09-27T10:35:04 | INFO    | goodware.engine |   node_id: None
2026-09-27T10:35:04 | INFO    | goodware.engine |   organization: None
2026-09-27T10:35:04 | INFO    | goodware.engine | ============================================================
2026-09-27T10:35:04 | INFO    | goodware.engine | Goodware stopped.
2026-09-27T10:35:04 | INFO    | goodware.engine | ============================================================
2026-09-27T10:35:04 | INFO    | goodware.engine | Goodware v3.0 starting...
2026-09-27T10:35:04 | INFO    | goodware.engine |   node_id: None
2026-09-27T10:35:04 | INFO    | goodware.engine |   organization: None
2026-09-27T10:35:04 | INFO    | goodware.engine | ============================================================
2026-09-27T10:35:04 | INFO    | goodware.engine | Goodware stopped.
2026-09-27T10:35:04 | INFO    | goodware.engine | ============================================================
2026-09-27T10:35:04 | INFO    | goodware.engine | Goodware v3.0 starting...
2026-09-27T10:35:04 | INFO    | goodware.engine |   node_id: None
2026-09-27T10:35:04 | INFO    | goodware.engine |   organization: None
2026-09-27T10:35:04 | INFO    | goodware.engine | ============================================================
2026-09-27T10:35:04 | INFO    | goodware.engine | Goodware stopped.
2026-09-27T10:35:04 | INFO    | goodware.engine | ============================================================
2026-09-27T10:35:04 | INFO    | goodware.engine | Goodware v3.0 starting...
2026-09-27T10:35:04 | INFO    | goodware.engine |   node_id: None
2026-09-27T10:35:04 | INFO    | goodware.engine |   organization: None
2026-09-27T10:35:04 | INFO    | goodware.engine | ============================================================
2026-09-27T10:35:04 | INFO    | goodware.engine | Goodware stopped.
2026-09-27T10:35:04 | INFO    | goodware.engine | ============================================================
2026-09-27T10:35:04 | INFO    | goodware.engine | Goodware v3.0 starting...
2026-09-27T10:35:04 | INFO    | goodware.engine |   node_id: None
2026-09-27T10:35:04 | INFO    | goodware.engine |   organization: None
2026-09-27T10:35:04 | INFO    | goodware.engine | ============================================================
2026-09-27T10:35:04 | INFO    | goodware.engine | Goodware stopped.
2026-09-27T10:35:05 | INFO    | goodware.engine | ============================================================
2026-09-27T10:35:05 | INFO    | goodware.engine | Goodware v3.0 starting...
2026-09-27T10:35:05 | INFO    | goodware.engine |   node_id: None
2026-09-27T10:35:05 | INFO    | goodware.engine |   organization: None
2026-09-27T10:35:05 | INFO    | goodware.engine | ============================================================
2026-09-27T10:35:05 | INFO    | goodware.engine | Goodware stopped.
2026-09-27T10:35:05 | INFO    | goodware.engine | ============================================================
2026-09-27T10:35:05 | INFO    | goodware.engine | Goodware v3.0 starting...
2026-09-27T10:35:05 | INFO    | goodware.engine |   node_id: None
2026-09-27T10:35:05 | INFO    | goodware.engine |   organization: None
2026-09-27T10:35:05 | INFO    | goodware.engine | ============================================================
2026-09-27T10:35:06 | INFO    | goodware.engine | Goodware stopped.
2026-09-27T10:45:23 | INFO    | goodware.engine | component registered: filesystem
2026-09-27T10:45:23 | INFO    | goodware.engine | component registered: process
2026-09-27T10:45:23 | INFO    | goodware.engine | component registered: network
2026-09-27T10:45:23 | INFO    | goodware.engine | component registered: memory
2026-09-27T10:45:23 | INFO    | goodware.engine | component registered: config
2026-09-27T10:45:23 | INFO    | goodware.engine | component registered: behavior
2026-09-27T10:45:23 | INFO    | goodware.engine | component registered: quantum
2026-09-27T10:45:23 | INFO    | goodware.engine |   watching 4 paths: ['/etc', '/usr/local/bin', '/usr/bin', '/tmp']
2026-09-27T10:45:27 | INFO    | goodware.engine | component registered: threat
2026-09-27T10:45:27 | INFO    | goodware.engine | component registered: anomaly
2026-09-27T10:45:27 | INFO    | goodware.engine | component registered: simulator
2026-09-27T10:45:28 | INFO    | goodware.engine | component registered: federated-server
2026-09-27T10:45:28 | INFO    | goodware.engine | component registered: federated-client
2026-09-27T10:45:28 | INFO    | goodware.engine | federated server listening on 127.0.0.1:8443
2026-09-27T10:45:30 | INFO    | goodware.engine | component registered: decision-engine
2026-09-27T10:45:30 | INFO    | goodware.engine | component registered: adaptive
2026-09-27T10:45:30 | INFO    | goodware.engine | component registered: mutation
2026-09-27T10:45:30 | INFO    | goodware.engine | component registered: zero_day
2026-09-27T10:45:38 | INFO    | goodware.engine | component registered: decision-engine
2026-09-27T10:45:38 | INFO    | goodware.engine | component registered: adaptive
2026-09-27T10:45:38 | INFO    | goodware.engine | component registered: mutation
2026-09-27T10:45:38 | INFO    | goodware.engine | component registered: zero_day
2026-09-27T10:45:38 | INFO    | goodware.engine | component registered: crypto
2026-09-27T10:45:38 | INFO    | goodware.engine | component registered: human-factor
2026-09-27T10:45:38 | INFO    | goodware.engine | component registered: decision
2026-09-27T10:45:38 | INFO    | goodware.engine | component registered: effector
2026-09-27T10:45:38 | INFO    | goodware.engine | component registered: chainsaw
2026-09-27T10:45:41 | INFO    | goodware.engine | component registered: immune
2026-09-27T10:45:41 | INFO    | goodware.engine | component registered: physical
2026-09-27T10:45:41 | INFO    | goodware.engine | component registered: supply-chain
2026-09-27T10:45:45 | INFO    | goodware.engine | ============================================================
2026-09-27T10:45:45 | INFO    | goodware.engine | Goodware v3.0 starting...
2026-09-27T10:45:45 | INFO    | goodware.engine |   node_id: None
2026-09-27T10:45:45 | INFO    | goodware.engine |   organization: None
2026-09-27T10:45:45 | INFO    | goodware.engine | ============================================================
2026-09-27T10:45:45 | INFO    | goodware.engine | Goodware stopped.
2026-09-27T10:45:46 | INFO    | goodware.engine | ============================================================
2026-09-27T10:45:46 | INFO    | goodware.engine | Goodware v3.0 starting...
2026-09-27T10:45:46 | INFO    | goodware.engine |   node_id: None
2026-09-27T10:45:46 | INFO    | goodware.engine |   organization: None
2026-09-27T10:45:46 | INFO    | goodware.engine | ============================================================
2026-09-27T10:45:46 | INFO    | goodware.engine | Goodware stopped.
2026-09-27T10:45:46 | INFO    | goodware.engine | hunter2
2026-09-27T10:45:47 | INFO    | goodware.engine | component registered: dummy
2026-09-27T10:45:47 | INFO    | goodware.engine | test
2026-09-27T10:45:47 | WARNING | goodware.engine | warn
2026-09-27T10:45:47 | ERROR   | goodware.engine | err
2026-09-27T10:45:47 | INFO    | goodware.engine | component registered: with_attach
2026-09-27T10:45:48 | INFO    | goodware.engine | component registered: dummy
2026-09-27T10:45:48 | INFO    | goodware.engine | ============================================================
2026-09-27T10:45:48 | INFO    | goodware.engine | Goodware v3.0 starting...
2026-09-27T10:45:48 | INFO    | goodware.engine |   node_id: None
2026-09-27T10:45:48 | INFO    | goodware.engine |   organization: None
2026-09-27T10:45:48 | INFO    | goodware.engine | ============================================================
2026-09-27T10:45:48 | INFO    | goodware.engine |   ✓ dummy running
2026-09-27T10:45:48 | INFO    | goodware.engine | Goodware stopped.
2026-09-27T10:45:50 | INFO    | goodware.engine | component registered: threat
2026-09-27T10:45:50 | INFO    | goodware.engine | component registered: anomaly
2026-09-27T10:45:50 | INFO    | goodware.engine | component registered: simulator
2026-09-27T10:45:50 | INFO    | goodware.engine | component registered: filesystem
2026-09-27T10:45:50 | INFO    | goodware.engine | component registered: process
2026-09-27T10:45:50 | INFO    | goodware.engine | component registered: network
2026-09-27T10:45:50 | INFO    | goodware.engine | component registered: memory
2026-09-27T10:45:50 | INFO    | goodware.engine | component registered: config
2026-09-27T10:45:50 | INFO    | goodware.engine | component registered: behavior
2026-09-27T10:45:50 | INFO    | goodware.engine | component registered: quantum
2026-09-27T10:45:50 | INFO    | goodware.engine | component registered: filesystem
2026-09-27T10:45:50 | INFO    | goodware.engine | component registered: process
2026-09-27T10:45:50 | INFO    | goodware.engine | component registered: network
2026-09-27T10:45:50 | INFO    | goodware.engine | component registered: memory
2026-09-27T10:45:50 | INFO    | goodware.engine | component registered: config
2026-09-27T10:45:50 | INFO    | goodware.engine | component registered: behavior
2026-09-27T10:45:50 | INFO    | goodware.engine | component registered: quantum
2026-09-27T10:45:50 | INFO    | goodware.engine | component registered: filesystem
2026-09-27T10:45:50 | INFO    | goodware.engine | component registered: process
2026-09-27T10:45:50 | INFO    | goodware.engine | component registered: network
2026-09-27T10:45:50 | INFO    | goodware.engine | component registered: memory
2026-09-27T10:45:50 | INFO    | goodware.engine | component registered: config
2026-09-27T10:45:50 | INFO    | goodware.engine | component registered: behavior
2026-09-27T10:45:50 | INFO    | goodware.engine | component registered: quantum
2026-09-27T10:45:50 | INFO    | goodware.engine | component registered: filesystem
2026-09-27T10:45:50 | INFO    | goodware.engine | component registered: process
2026-09-27T10:45:50 | INFO    | goodware.engine | component registered: network
2026-09-27T10:45:50 | INFO    | goodware.engine | component registered: memory
2026-09-27T10:45:50 | INFO    | goodware.engine | component registered: config
2026-09-27T10:45:50 | INFO    | goodware.engine | component registered: behavior
2026-09-27T10:45:50 | INFO    | goodware.engine | component registered: quantum
2026-09-27T10:45:50 | INFO    | goodware.engine | component registered: filesystem
2026-09-27T10:45:50 | INFO    | goodware.engine | component registered: process
2026-09-27T10:45:50 | INFO    | goodware.engine | component registered: network
2026-09-27T10:45:50 | INFO    | goodware.engine | component registered: memory
2026-09-27T10:45:50 | INFO    | goodware.engine | component registered: config
2026-09-27T10:45:50 | INFO    | goodware.engine | component registered: behavior
2026-09-27T10:45:50 | INFO    | goodware.engine | component registered: quantum
2026-09-27T10:45:50 | INFO    | goodware.engine | component registered: filesystem
2026-09-27T10:45:50 | INFO    | goodware.engine | component registered: process
2026-09-27T10:45:50 | INFO    | goodware.engine | component registered: network
2026-09-27T10:45:50 | INFO    | goodware.engine | component registered: memory
2026-09-27T10:45:50 | INFO    | goodware.engine | component registered: config
2026-09-27T10:45:50 | INFO    | goodware.engine | component registered: behavior
2026-09-27T10:45:50 | INFO    | goodware.engine | component registered: quantum
2026-09-27T10:45:50 | INFO    | goodware.engine | component registered: filesystem
2026-09-27T10:45:50 | INFO    | goodware.engine | component registered: process
2026-09-27T10:45:50 | INFO    | goodware.engine | component registered: network
2026-09-27T10:45:50 | INFO    | goodware.engine | component registered: memory
2026-09-27T10:45:50 | INFO    | goodware.engine | component registered: config
2026-09-27T10:45:50 | INFO    | goodware.engine | component registered: behavior
2026-09-27T10:45:50 | INFO    | goodware.engine | component registered: quantum
2026-09-27T10:45:50 | INFO    | goodware.engine | component registered: filesystem
2026-09-27T10:45:50 | INFO    | goodware.engine | component registered: process
2026-09-27T10:45:50 | INFO    | goodware.engine | component registered: network
2026-09-27T10:45:50 | INFO    | goodware.engine | component registered: memory
2026-09-27T10:45:50 | INFO    | goodware.engine | component registered: config
2026-09-27T10:45:50 | INFO    | goodware.engine | component registered: behavior
2026-09-27T10:45:50 | INFO    | goodware.engine | component registered: quantum
2026-09-27T10:45:50 | INFO    | goodware.engine | component registered: filesystem
2026-09-27T10:45:50 | INFO    | goodware.engine | component registered: process
2026-09-27T10:45:50 | INFO    | goodware.engine | component registered: network
2026-09-27T10:45:51 | INFO    | goodware.engine | component registered: memory
2026-09-27T10:45:51 | INFO    | goodware.engine | component registered: config
2026-09-27T10:45:51 | INFO    | goodware.engine | component registered: behavior
2026-09-27T10:45:51 | INFO    | goodware.engine | component registered: quantum
2026-09-27T10:45:51 | INFO    | goodware.engine | component registered: filesystem
2026-09-27T10:45:51 | INFO    | goodware.engine | component registered: process
2026-09-27T10:45:51 | INFO    | goodware.engine | component registered: network
2026-09-27T10:45:51 | INFO    | goodware.engine | component registered: memory
2026-09-27T10:45:51 | INFO    | goodware.engine | component registered: config
2026-09-27T10:45:51 | INFO    | goodware.engine | component registered: behavior
2026-09-27T10:45:51 | INFO    | goodware.engine | component registered: quantum
2026-09-27T10:45:51 | INFO    | goodware.engine | component registered: filesystem
2026-09-27T10:45:51 | INFO    | goodware.engine | component registered: process
2026-09-27T10:45:51 | INFO    | goodware.engine | component registered: network
2026-09-27T10:45:51 | INFO    | goodware.engine | component registered: memory
2026-09-27T10:45:51 | INFO    | goodware.engine | component registered: config
2026-09-27T10:45:51 | INFO    | goodware.engine | component registered: behavior
2026-09-27T10:45:51 | INFO    | goodware.engine | component registered: quantum
2026-09-27T10:45:51 | INFO    | goodware.engine | component registered: filesystem
2026-09-27T10:45:51 | INFO    | goodware.engine | component registered: process
2026-09-27T10:45:51 | INFO    | goodware.engine | component registered: network
2026-09-27T10:45:51 | INFO    | goodware.engine | component registered: memory
2026-09-27T10:45:51 | INFO    | goodware.engine | component registered: config
2026-09-27T10:45:51 | INFO    | goodware.engine | component registered: behavior
2026-09-27T10:45:51 | INFO    | goodware.engine | component registered: quantum
2026-09-27T10:45:51 | INFO    | goodware.engine | component registered: filesystem
2026-09-27T10:45:51 | INFO    | goodware.engine | component registered: process
2026-09-27T10:45:51 | INFO    | goodware.engine | component registered: network
2026-09-27T10:45:51 | INFO    | goodware.engine | component registered: memory
2026-09-27T10:45:51 | INFO    | goodware.engine | component registered: config
2026-09-27T10:45:51 | INFO    | goodware.engine | component registered: behavior
2026-09-27T10:45:51 | INFO    | goodware.engine | component registered: quantum
2026-09-27T10:45:51 | INFO    | goodware.engine | component registered: filesystem
2026-09-27T10:45:51 | INFO    | goodware.engine | component registered: process
2026-09-27T10:45:51 | INFO    | goodware.engine | component registered: network
2026-09-27T10:45:51 | INFO    | goodware.engine | component registered: memory
2026-09-27T10:45:51 | INFO    | goodware.engine | component registered: config
2026-09-27T10:45:51 | INFO    | goodware.engine | component registered: behavior
2026-09-27T10:45:51 | INFO    | goodware.engine | component registered: quantum
2026-09-27T10:45:51 | INFO    | goodware.engine | component registered: filesystem
2026-09-27T10:45:51 | INFO    | goodware.engine | component registered: process
2026-09-27T10:45:51 | INFO    | goodware.engine | component registered: network
2026-09-27T10:45:51 | INFO    | goodware.engine | component registered: memory
2026-09-27T10:45:51 | INFO    | goodware.engine | component registered: config
2026-09-27T10:45:51 | INFO    | goodware.engine | component registered: behavior
2026-09-27T10:45:51 | INFO    | goodware.engine | component registered: quantum
2026-09-27T10:45:51 | INFO    | goodware.engine | component registered: filesystem
2026-09-27T10:45:51 | INFO    | goodware.engine | component registered: process
2026-09-27T10:45:51 | INFO    | goodware.engine | component registered: network
2026-09-27T10:45:51 | INFO    | goodware.engine | component registered: memory
2026-09-27T10:45:51 | INFO    | goodware.engine | component registered: config
2026-09-27T10:45:51 | INFO    | goodware.engine | component registered: behavior
2026-09-27T10:45:51 | INFO    | goodware.engine | component registered: quantum
2026-09-27T10:45:51 | INFO    | goodware.engine |   watching 2 paths: ['/etc', '/tmp']
2026-09-27T10:45:51 | INFO    | goodware.engine | component registered: filesystem
2026-09-27T10:45:51 | INFO    | goodware.engine | component registered: process
2026-09-27T10:45:51 | INFO    | goodware.engine | component registered: network
2026-09-27T10:45:51 | INFO    | goodware.engine | component registered: memory
2026-09-27T10:45:51 | INFO    | goodware.engine | component registered: config
2026-09-27T10:45:51 | INFO    | goodware.engine | component registered: behavior
2026-09-27T10:45:51 | INFO    | goodware.engine | component registered: quantum
2026-09-27T10:45:51 | INFO    | goodware.engine | component registered: filesystem
2026-09-27T10:45:51 | INFO    | goodware.engine | component registered: process
2026-09-27T10:45:51 | INFO    | goodware.engine | component registered: network
2026-09-27T10:45:51 | INFO    | goodware.engine | component registered: memory
2026-09-27T10:45:51 | INFO    | goodware.engine | component registered: config
2026-09-27T10:45:51 | INFO    | goodware.engine | component registered: behavior
2026-09-27T10:45:51 | INFO    | goodware.engine | component registered: quantum
2026-09-27T10:45:51 | INFO    | goodware.engine | component registered: filesystem
2026-09-27T10:45:51 | INFO    | goodware.engine | component registered: process
2026-09-27T10:45:51 | INFO    | goodware.engine | component registered: network
2026-09-27T10:45:51 | INFO    | goodware.engine | component registered: memory
2026-09-27T10:45:51 | INFO    | goodware.engine | component registered: config
2026-09-27T10:45:51 | INFO    | goodware.engine | component registered: behavior
2026-09-27T10:45:51 | INFO    | goodware.engine | component registered: quantum
2026-09-27T10:45:51 | INFO    | goodware.engine | component registered: filesystem
2026-09-27T10:45:51 | INFO    | goodware.engine | component registered: process
2026-09-27T10:45:51 | INFO    | goodware.engine | component registered: network
2026-09-27T10:45:51 | INFO    | goodware.engine | component registered: memory
2026-09-27T10:45:51 | INFO    | goodware.engine | component registered: config
2026-09-27T10:45:51 | INFO    | goodware.engine | component registered: behavior
2026-09-27T10:45:51 | INFO    | goodware.engine | component registered: quantum
2026-09-27T10:45:51 | INFO    | goodware.engine | component registered: filesystem
2026-09-27T10:45:51 | INFO    | goodware.engine | component registered: process
2026-09-27T10:45:51 | INFO    | goodware.engine | component registered: network
2026-09-27T10:45:51 | INFO    | goodware.engine | component registered: memory
2026-09-27T10:45:51 | INFO    | goodware.engine | component registered: config
2026-09-27T10:45:51 | INFO    | goodware.engine | component registered: behavior
2026-09-27T10:45:51 | INFO    | goodware.engine | component registered: quantum
2026-09-27T10:45:51 | INFO    | goodware.engine | component registered: filesystem
2026-09-27T10:45:51 | INFO    | goodware.engine | component registered: process
2026-09-27T10:45:51 | INFO    | goodware.engine | component registered: network
2026-09-27T10:45:51 | INFO    | goodware.engine | component registered: memory
2026-09-27T10:45:51 | INFO    | goodware.engine | component registered: config
2026-09-27T10:45:51 | INFO    | goodware.engine | component registered: behavior
2026-09-27T10:45:51 | INFO    | goodware.engine | component registered: quantum
2026-09-27T10:45:51 | INFO    | goodware.engine | component registered: filesystem
2026-09-27T10:45:51 | INFO    | goodware.engine | component registered: process
2026-09-27T10:45:52 | INFO    | goodware.engine | component registered: network
2026-09-27T10:45:52 | INFO    | goodware.engine | component registered: memory
2026-09-27T10:45:52 | INFO    | goodware.engine | component registered: config
2026-09-27T10:45:52 | INFO    | goodware.engine | component registered: behavior
2026-09-27T10:45:52 | INFO    | goodware.engine | component registered: quantum
2026-09-27T10:45:52 | INFO    | goodware.engine | component registered: filesystem
2026-09-27T10:45:52 | INFO    | goodware.engine | component registered: process
2026-09-27T10:45:52 | INFO    | goodware.engine | component registered: network
2026-09-27T10:45:52 | INFO    | goodware.engine | component registered: memory
2026-09-27T10:45:52 | INFO    | goodware.engine | component registered: config
2026-09-27T10:45:52 | INFO    | goodware.engine | component registered: behavior
2026-09-27T10:45:52 | INFO    | goodware.engine | component registered: quantum
2026-09-27T10:45:52 | INFO    | goodware.engine | component registered: filesystem
2026-09-27T10:45:52 | INFO    | goodware.engine | component registered: process
2026-09-27T10:45:52 | INFO    | goodware.engine | component registered: network
2026-09-27T10:45:52 | INFO    | goodware.engine | component registered: memory
2026-09-27T10:45:52 | INFO    | goodware.engine | component registered: config
2026-09-27T10:45:52 | INFO    | goodware.engine | component registered: behavior
2026-09-27T10:45:52 | INFO    | goodware.engine | component registered: quantum
2026-09-27T10:45:52 | INFO    | goodware.engine | component registered: filesystem
2026-09-27T10:45:52 | INFO    | goodware.engine | component registered: process
2026-09-27T10:45:52 | INFO    | goodware.engine | component registered: network
2026-09-27T10:45:52 | INFO    | goodware.engine | component registered: memory
2026-09-27T10:45:52 | INFO    | goodware.engine | component registered: config
2026-09-27T10:45:52 | INFO    | goodware.engine | component registered: behavior
2026-09-27T10:45:52 | INFO    | goodware.engine | component registered: quantum
2026-09-27T10:45:52 | INFO    | goodware.engine | component registered: filesystem
2026-09-27T10:45:52 | INFO    | goodware.engine | component registered: process
2026-09-27T10:45:52 | INFO    | goodware.engine | component registered: network
2026-09-27T10:45:52 | INFO    | goodware.engine | component registered: memory
2026-09-27T10:45:52 | INFO    | goodware.engine | component registered: config
2026-09-27T10:45:52 | INFO    | goodware.engine | component registered: behavior
2026-09-27T10:45:52 | INFO    | goodware.engine | component registered: quantum
2026-09-27T10:45:52 | INFO    | goodware.engine | component registered: filesystem
2026-09-27T10:45:52 | INFO    | goodware.engine | component registered: process
2026-09-27T10:45:52 | INFO    | goodware.engine | component registered: network
2026-09-27T10:45:52 | INFO    | goodware.engine | component registered: memory
2026-09-27T10:45:52 | INFO    | goodware.engine | component registered: config
2026-09-27T10:45:52 | INFO    | goodware.engine | component registered: behavior
2026-09-27T10:45:52 | INFO    | goodware.engine | component registered: quantum
2026-09-27T10:45:52 | INFO    | goodware.engine | component registered: filesystem
2026-09-27T10:45:52 | INFO    | goodware.engine | component registered: process
2026-09-27T10:45:52 | INFO    | goodware.engine | component registered: network
2026-09-27T10:45:52 | INFO    | goodware.engine | component registered: memory
2026-09-27T10:45:52 | INFO    | goodware.engine | component registered: config
2026-09-27T10:45:52 | INFO    | goodware.engine | component registered: behavior
2026-09-27T10:45:52 | INFO    | goodware.engine | component registered: quantum
2026-09-27T10:45:52 | INFO    | goodware.engine | component registered: filesystem
2026-09-27T10:45:52 | INFO    | goodware.engine | component registered: process
2026-09-27T10:45:52 | INFO    | goodware.engine | component registered: network
2026-09-27T10:45:52 | INFO    | goodware.engine | component registered: memory
2026-09-27T10:45:52 | INFO    | goodware.engine | component registered: config
2026-09-27T10:45:52 | INFO    | goodware.engine | component registered: behavior
2026-09-27T10:45:52 | INFO    | goodware.engine | component registered: quantum
2026-09-27T10:45:52 | INFO    | goodware.engine | component registered: filesystem
2026-09-27T10:45:52 | INFO    | goodware.engine | component registered: process
2026-09-27T10:45:52 | INFO    | goodware.engine | component registered: network
2026-09-27T10:45:52 | INFO    | goodware.engine | component registered: memory
2026-09-27T10:45:52 | INFO    | goodware.engine | component registered: config
2026-09-27T10:45:52 | INFO    | goodware.engine | component registered: behavior
2026-09-27T10:45:52 | INFO    | goodware.engine | component registered: quantum
2026-09-27T10:45:52 | INFO    | goodware.engine | component registered: filesystem
2026-09-27T10:45:52 | INFO    | goodware.engine | component registered: process
2026-09-27T10:45:52 | INFO    | goodware.engine | component registered: network
2026-09-27T10:45:52 | INFO    | goodware.engine | component registered: memory
2026-09-27T10:45:52 | INFO    | goodware.engine | component registered: config
2026-09-27T10:45:52 | INFO    | goodware.engine | component registered: behavior
2026-09-27T10:45:52 | INFO    | goodware.engine | component registered: quantum
2026-09-27T10:45:52 | INFO    | goodware.engine |   watching 2 paths: ['/etc', '/tmp']
2026-09-27T10:45:53 | INFO    | goodware.engine | component registered: filesystem
2026-09-27T10:45:53 | INFO    | goodware.engine | component registered: process
2026-09-27T10:45:53 | INFO    | goodware.engine | component registered: network
2026-09-27T10:45:53 | INFO    | goodware.engine | component registered: memory
2026-09-27T10:45:53 | INFO    | goodware.engine | component registered: config
2026-09-27T10:45:53 | INFO    | goodware.engine | component registered: behavior
2026-09-27T10:45:53 | INFO    | goodware.engine | component registered: quantum
2026-09-27T10:45:53 | INFO    | goodware.engine |   watching 2 paths: ['/etc', '/tmp']
2026-09-27T10:45:53 | INFO    | goodware.engine | ============================================================
2026-09-27T10:45:53 | INFO    | goodware.engine | Goodware v3.0 starting...
2026-09-27T10:45:53 | INFO    | goodware.engine |   node_id: None
2026-09-27T10:45:53 | INFO    | goodware.engine |   organization: None
2026-09-27T10:45:53 | INFO    | goodware.engine | ============================================================
2026-09-27T10:45:54 | INFO    | goodware.engine | Goodware stopped.
2026-09-27T10:45:54 | INFO    | goodware.engine | ============================================================
2026-09-27T10:45:54 | INFO    | goodware.engine | Goodware v3.0 starting...
2026-09-27T10:45:54 | INFO    | goodware.engine |   node_id: None
2026-09-27T10:45:54 | INFO    | goodware.engine |   organization: None
2026-09-27T10:45:54 | INFO    | goodware.engine | ============================================================
2026-09-27T10:45:54 | INFO    | goodware.engine | Goodware stopped.
2026-09-27T10:45:54 | INFO    | goodware.engine | ============================================================
2026-09-27T10:45:54 | INFO    | goodware.engine | Goodware v3.0 starting...
2026-09-27T10:45:54 | INFO    | goodware.engine |   node_id: None
2026-09-27T10:45:54 | INFO    | goodware.engine |   organization: None
2026-09-27T10:45:54 | INFO    | goodware.engine | ============================================================
2026-09-27T10:45:55 | INFO    | goodware.engine | Goodware stopped.
2026-09-27T10:45:55 | INFO    | goodware.engine | ============================================================
2026-09-27T10:45:55 | INFO    | goodware.engine | Goodware v3.0 starting...
2026-09-27T10:45:55 | INFO    | goodware.engine |   node_id: None
2026-09-27T10:45:55 | INFO    | goodware.engine |   organization: None
2026-09-27T10:45:55 | INFO    | goodware.engine | ============================================================
2026-09-27T10:45:55 | INFO    | goodware.engine | Goodware stopped.
2026-09-27T10:45:55 | INFO    | goodware.engine | ============================================================
2026-09-27T10:45:55 | INFO    | goodware.engine | Goodware v3.0 starting...
2026-09-27T10:45:55 | INFO    | goodware.engine |   node_id: None
2026-09-27T10:45:55 | INFO    | goodware.engine |   organization: None
2026-09-27T10:45:55 | INFO    | goodware.engine | ============================================================
2026-09-27T10:45:56 | INFO    | goodware.engine | Goodware stopped.
2026-09-27T10:45:56 | INFO    | goodware.engine | ============================================================
2026-09-27T10:45:56 | INFO    | goodware.engine | Goodware v3.0 starting...
2026-09-27T10:45:56 | INFO    | goodware.engine |   node_id: None
2026-09-27T10:45:56 | INFO    | goodware.engine |   organization: None
2026-09-27T10:45:56 | INFO    | goodware.engine | ============================================================
2026-09-27T10:45:56 | INFO    | goodware.engine | Goodware stopped.
2026-09-27T10:45:56 | INFO    | goodware.engine | ============================================================
2026-09-27T10:45:56 | INFO    | goodware.engine | Goodware v3.0 starting...
2026-09-27T10:45:56 | INFO    | goodware.engine |   node_id: None
2026-09-27T10:45:56 | INFO    | goodware.engine |   organization: None
2026-09-27T10:45:56 | INFO    | goodware.engine | ============================================================
2026-09-27T10:45:56 | INFO    | goodware.engine | Goodware stopped.
2026-09-27T10:45:56 | INFO    | goodware.engine | ============================================================
2026-09-27T10:45:56 | INFO    | goodware.engine | Goodware v3.0 starting...
2026-09-27T10:45:56 | INFO    | goodware.engine |   node_id: None
2026-09-27T10:45:56 | INFO    | goodware.engine |   organization: None
2026-09-27T10:45:56 | INFO    | goodware.engine | ============================================================
2026-09-27T10:45:56 | INFO    | goodware.engine | Goodware stopped.
2026-09-27T10:45:56 | INFO    | goodware.engine | ============================================================
2026-09-27T10:45:56 | INFO    | goodware.engine | Goodware v3.0 starting...
2026-09-27T10:45:56 | INFO    | goodware.engine |   node_id: None
2026-09-27T10:45:56 | INFO    | goodware.engine |   organization: None
2026-09-27T10:45:56 | INFO    | goodware.engine | ============================================================
2026-09-27T10:45:56 | INFO    | goodware.engine | Goodware stopped.
2026-09-27T10:45:56 | INFO    | goodware.engine | ============================================================
2026-09-27T10:45:56 | INFO    | goodware.engine | Goodware v3.0 starting...
2026-09-27T10:45:56 | INFO    | goodware.engine |   node_id: None
2026-09-27T10:45:56 | INFO    | goodware.engine |   organization: None
2026-09-27T10:45:56 | INFO    | goodware.engine | ============================================================
2026-09-27T10:45:56 | INFO    | goodware.engine | Goodware stopped.
2026-09-27T10:45:56 | INFO    | goodware.engine | ============================================================
2026-09-27T10:45:56 | INFO    | goodware.engine | Goodware v3.0 starting...
2026-09-27T10:45:56 | INFO    | goodware.engine |   node_id: None
2026-09-27T10:45:56 | INFO    | goodware.engine |   organization: None
2026-09-27T10:45:56 | INFO    | goodware.engine | ============================================================
2026-09-27T10:45:57 | INFO    | goodware.engine | Goodware stopped.
2026-09-27T10:45:57 | INFO    | goodware.engine | ============================================================
2026-09-27T10:45:57 | INFO    | goodware.engine | Goodware v3.0 starting...
2026-09-27T10:45:57 | INFO    | goodware.engine |   node_id: None
2026-09-27T10:45:57 | INFO    | goodware.engine |   organization: None
2026-09-27T10:45:57 | INFO    | goodware.engine | ============================================================
2026-09-27T10:45:57 | INFO    | goodware.engine | Goodware stopped.
2026-09-27T10:45:57 | INFO    | goodware.engine | ============================================================
2026-09-27T10:45:57 | INFO    | goodware.engine | Goodware v3.0 starting...
2026-09-27T10:45:57 | INFO    | goodware.engine |   node_id: None
2026-09-27T10:45:57 | INFO    | goodware.engine |   organization: None
2026-09-27T10:45:57 | INFO    | goodware.engine | ============================================================
2026-09-27T10:45:57 | INFO    | goodware.engine | Goodware stopped.
2026-09-27T10:45:57 | INFO    | goodware.engine | ============================================================
2026-09-27T10:45:57 | INFO    | goodware.engine | Goodware v3.0 starting...
2026-09-27T10:45:57 | INFO    | goodware.engine |   node_id: None
2026-09-27T10:45:57 | INFO    | goodware.engine |   organization: None
2026-09-27T10:45:57 | INFO    | goodware.engine | ============================================================
2026-09-27T10:45:57 | INFO    | goodware.engine | Goodware stopped.
2026-09-27T10:45:57 | INFO    | goodware.engine | ============================================================
2026-09-27T10:45:57 | INFO    | goodware.engine | Goodware v3.0 starting...
2026-09-27T10:45:57 | INFO    | goodware.engine |   node_id: None
2026-09-27T10:45:57 | INFO    | goodware.engine |   organization: None
2026-09-27T10:45:57 | INFO    | goodware.engine | ============================================================
2026-09-27T10:45:57 | INFO    | goodware.engine | Goodware stopped.
2026-09-27T10:45:57 | INFO    | goodware.engine | ============================================================
2026-09-27T10:45:57 | INFO    | goodware.engine | Goodware v3.0 starting...
2026-09-27T10:45:57 | INFO    | goodware.engine |   node_id: None
2026-09-27T10:45:57 | INFO    | goodware.engine |   organization: None
2026-09-27T10:45:57 | INFO    | goodware.engine | ============================================================
2026-09-27T10:45:57 | INFO    | goodware.engine | Goodware stopped.
2026-09-27T10:45:57 | INFO    | goodware.engine | ============================================================
2026-09-27T10:45:57 | INFO    | goodware.engine | Goodware v3.0 starting...
2026-09-27T10:45:57 | INFO    | goodware.engine |   node_id: None
2026-09-27T10:45:57 | INFO    | goodware.engine |   organization: None
2026-09-27T10:45:57 | INFO    | goodware.engine | ============================================================
2026-09-27T10:45:57 | INFO    | goodware.engine | Goodware stopped.
2026-09-27T10:45:57 | INFO    | goodware.engine | ============================================================
2026-09-27T10:45:57 | INFO    | goodware.engine | Goodware v3.0 starting...
2026-09-27T10:45:57 | INFO    | goodware.engine |   node_id: None
2026-09-27T10:45:57 | INFO    | goodware.engine |   organization: None
2026-09-27T10:45:57 | INFO    | goodware.engine | ============================================================
2026-09-27T10:45:58 | INFO    | goodware.engine | Goodware stopped.
2026-09-27T10:45:58 | INFO    | goodware.engine | ============================================================
2026-09-27T10:45:58 | INFO    | goodware.engine | Goodware v3.0 starting...
2026-09-27T10:45:58 | INFO    | goodware.engine |   node_id: None
2026-09-27T10:45:58 | INFO    | goodware.engine |   organization: None
2026-09-27T10:45:58 | INFO    | goodware.engine | ============================================================
2026-09-27T10:45:58 | INFO    | goodware.engine | Goodware stopped.
2026-09-27T10:45:58 | INFO    | goodware.engine | ============================================================
2026-09-27T10:45:58 | INFO    | goodware.engine | Goodware v3.0 starting...
2026-09-27T10:45:58 | INFO    | goodware.engine |   node_id: None
2026-09-27T10:45:58 | INFO    | goodware.engine |   organization: None
2026-09-27T10:45:58 | INFO    | goodware.engine | ============================================================
2026-09-27T10:45:58 | INFO    | goodware.engine | Goodware stopped.
2026-09-27T10:45:58 | INFO    | goodware.engine | ============================================================
2026-09-27T10:45:58 | INFO    | goodware.engine | Goodware v3.0 starting...
2026-09-27T10:45:58 | INFO    | goodware.engine |   node_id: None
2026-09-27T10:45:58 | INFO    | goodware.engine |   organization: None
2026-09-27T10:45:58 | INFO    | goodware.engine | ============================================================
2026-09-27T10:45:58 | INFO    | goodware.engine | Goodware stopped.
2026-09-27T10:45:59 | INFO    | goodware.engine | ============================================================
2026-09-27T10:45:59 | INFO    | goodware.engine | Goodware v3.0 starting...
2026-09-27T10:45:59 | INFO    | goodware.engine |   node_id: None
2026-09-27T10:45:59 | INFO    | goodware.engine |   organization: None
2026-09-27T10:45:59 | INFO    | goodware.engine | ============================================================
2026-09-27T10:45:59 | INFO    | goodware.engine | Goodware stopped.
2026-09-27T10:46:28 | INFO    | goodware.engine | ============================================================
2026-09-27T10:46:28 | INFO    | goodware.engine | Goodware v3.0 starting...
2026-09-27T10:46:28 | INFO    | goodware.engine |   node_id: None
2026-09-27T10:46:28 | INFO    | goodware.engine |   organization: None
2026-09-27T10:46:28 | INFO    | goodware.engine | ============================================================
2026-09-27T10:46:32 | INFO    | goodware.engine | component registered: filesystem
2026-09-27T10:46:32 | INFO    | goodware.engine | component registered: process
2026-09-27T10:46:32 | INFO    | goodware.engine | component registered: network
2026-09-27T10:46:32 | INFO    | goodware.engine | component registered: memory
2026-09-27T10:46:32 | INFO    | goodware.engine | component registered: config
2026-09-27T10:46:32 | INFO    | goodware.engine | component registered: behavior
2026-09-27T10:46:32 | INFO    | goodware.engine | component registered: quantum
2026-09-27T10:46:32 | INFO    | goodware.engine |   watching 4 paths: ['/etc', '/usr/local/bin', '/usr/bin', '/tmp']
2026-09-27T10:46:35 | INFO    | goodware.engine | component registered: threat
2026-09-27T10:46:35 | INFO    | goodware.engine | component registered: anomaly
2026-09-27T10:46:35 | INFO    | goodware.engine | component registered: simulator
2026-09-27T10:46:37 | INFO    | goodware.engine | component registered: federated-server
2026-09-27T10:46:37 | INFO    | goodware.engine | component registered: federated-client
2026-09-27T10:46:37 | INFO    | goodware.engine | federated server listening on 127.0.0.1:8443
2026-09-27T10:46:38 | INFO    | goodware.engine | component registered: decision-engine
2026-09-27T10:46:38 | INFO    | goodware.engine | component registered: adaptive
2026-09-27T10:46:38 | INFO    | goodware.engine | component registered: mutation
2026-09-27T10:46:38 | INFO    | goodware.engine | component registered: zero_day
2026-09-27T10:46:47 | INFO    | goodware.engine | component registered: decision-engine
2026-09-27T10:46:47 | INFO    | goodware.engine | component registered: adaptive
2026-09-27T10:46:47 | INFO    | goodware.engine | component registered: mutation
2026-09-27T10:46:47 | INFO    | goodware.engine | component registered: zero_day
2026-09-27T10:46:47 | INFO    | goodware.engine | component registered: crypto
2026-09-27T10:46:47 | INFO    | goodware.engine | component registered: human-factor
2026-09-27T10:46:47 | INFO    | goodware.engine | component registered: decision
2026-09-27T10:46:47 | INFO    | goodware.engine | component registered: effector
2026-09-27T10:46:47 | INFO    | goodware.engine | component registered: chainsaw
2026-09-27T10:46:50 | INFO    | goodware.engine | component registered: immune
2026-09-27T10:46:50 | INFO    | goodware.engine | component registered: physical
2026-09-27T10:46:50 | INFO    | goodware.engine | component registered: supply-chain
2026-09-27T10:46:54 | INFO    | goodware.engine | ============================================================
2026-09-27T10:46:54 | INFO    | goodware.engine | Goodware v3.0 starting...
2026-09-27T10:46:54 | INFO    | goodware.engine |   node_id: None
2026-09-27T10:46:54 | INFO    | goodware.engine |   organization: None
2026-09-27T10:46:54 | INFO    | goodware.engine | ============================================================
2026-09-27T10:46:54 | INFO    | goodware.engine | Goodware stopped.
2026-09-27T10:46:54 | INFO    | goodware.engine | ============================================================
2026-09-27T10:46:54 | INFO    | goodware.engine | Goodware v3.0 starting...
2026-09-27T10:46:54 | INFO    | goodware.engine |   node_id: None
2026-09-27T10:46:54 | INFO    | goodware.engine |   organization: None
2026-09-27T10:46:54 | INFO    | goodware.engine | ============================================================
2026-09-27T10:46:54 | INFO    | goodware.engine | Goodware stopped.
2026-09-27T10:46:55 | INFO    | goodware.engine | hunter2
2026-09-27T10:46:55 | INFO    | goodware.engine | component registered: dummy
2026-09-27T10:46:56 | INFO    | goodware.engine | test
2026-09-27T10:46:56 | WARNING | goodware.engine | warn
2026-09-27T10:46:56 | ERROR   | goodware.engine | err
2026-09-27T10:46:56 | INFO    | goodware.engine | component registered: with_attach
2026-09-27T10:46:56 | INFO    | goodware.engine | component registered: dummy
2026-09-27T10:46:56 | INFO    | goodware.engine | ============================================================
2026-09-27T10:46:56 | INFO    | goodware.engine | Goodware v3.0 starting...
2026-09-27T10:46:56 | INFO    | goodware.engine |   node_id: None
2026-09-27T10:46:56 | INFO    | goodware.engine |   organization: None
2026-09-27T10:46:56 | INFO    | goodware.engine | ============================================================
2026-09-27T10:46:56 | INFO    | goodware.engine |   ✓ dummy running
2026-09-27T10:46:56 | INFO    | goodware.engine | Goodware stopped.
2026-09-27T10:46:59 | INFO    | goodware.engine | component registered: threat
2026-09-27T10:46:59 | INFO    | goodware.engine | component registered: anomaly
2026-09-27T10:46:59 | INFO    | goodware.engine | component registered: simulator
2026-09-27T10:46:59 | INFO    | goodware.engine | component registered: filesystem
2026-09-27T10:46:59 | INFO    | goodware.engine | component registered: process
2026-09-27T10:46:59 | INFO    | goodware.engine | component registered: network
2026-09-27T10:46:59 | INFO    | goodware.engine | component registered: memory
2026-09-27T10:46:59 | INFO    | goodware.engine | component registered: config
2026-09-27T10:46:59 | INFO    | goodware.engine | component registered: behavior
2026-09-27T10:46:59 | INFO    | goodware.engine | component registered: quantum
2026-09-27T10:46:59 | INFO    | goodware.engine | component registered: filesystem
2026-09-27T10:46:59 | INFO    | goodware.engine | component registered: process
2026-09-27T10:46:59 | INFO    | goodware.engine | component registered: network
2026-09-27T10:46:59 | INFO    | goodware.engine | component registered: memory
2026-09-27T10:46:59 | INFO    | goodware.engine | component registered: config
2026-09-27T10:46:59 | INFO    | goodware.engine | component registered: behavior
2026-09-27T10:46:59 | INFO    | goodware.engine | component registered: quantum
2026-09-27T10:46:59 | INFO    | goodware.engine | component registered: filesystem
2026-09-27T10:46:59 | INFO    | goodware.engine | component registered: process
2026-09-27T10:46:59 | INFO    | goodware.engine | component registered: network
2026-09-27T10:46:59 | INFO    | goodware.engine | component registered: memory
2026-09-27T10:46:59 | INFO    | goodware.engine | component registered: config
2026-09-27T10:46:59 | INFO    | goodware.engine | component registered: behavior
2026-09-27T10:46:59 | INFO    | goodware.engine | component registered: quantum
2026-09-27T10:46:59 | INFO    | goodware.engine | component registered: filesystem
2026-09-27T10:46:59 | INFO    | goodware.engine | component registered: process
2026-09-27T10:46:59 | INFO    | goodware.engine | component registered: network
2026-09-27T10:46:59 | INFO    | goodware.engine | component registered: memory
2026-09-27T10:46:59 | INFO    | goodware.engine | component registered: config
2026-09-27T10:46:59 | INFO    | goodware.engine | component registered: behavior
2026-09-27T10:46:59 | INFO    | goodware.engine | component registered: quantum
2026-09-27T10:46:59 | INFO    | goodware.engine | component registered: filesystem
2026-09-27T10:46:59 | INFO    | goodware.engine | component registered: process
2026-09-27T10:46:59 | INFO    | goodware.engine | component registered: network
2026-09-27T10:46:59 | INFO    | goodware.engine | component registered: memory
2026-09-27T10:46:59 | INFO    | goodware.engine | component registered: config
2026-09-27T10:46:59 | INFO    | goodware.engine | component registered: behavior
2026-09-27T10:46:59 | INFO    | goodware.engine | component registered: quantum
2026-09-27T10:46:59 | INFO    | goodware.engine | component registered: filesystem
2026-09-27T10:46:59 | INFO    | goodware.engine | component registered: process
2026-09-27T10:46:59 | INFO    | goodware.engine | component registered: network
2026-09-27T10:46:59 | INFO    | goodware.engine | component registered: memory
2026-09-27T10:46:59 | INFO    | goodware.engine | component registered: config
2026-09-27T10:46:59 | INFO    | goodware.engine | component registered: behavior
2026-09-27T10:46:59 | INFO    | goodware.engine | component registered: quantum
2026-09-27T10:46:59 | INFO    | goodware.engine | component registered: filesystem
2026-09-27T10:46:59 | INFO    | goodware.engine | component registered: process
2026-09-27T10:46:59 | INFO    | goodware.engine | component registered: network
2026-09-27T10:46:59 | INFO    | goodware.engine | component registered: memory
2026-09-27T10:46:59 | INFO    | goodware.engine | component registered: config
2026-09-27T10:46:59 | INFO    | goodware.engine | component registered: behavior
2026-09-27T10:46:59 | INFO    | goodware.engine | component registered: quantum
2026-09-27T10:46:59 | INFO    | goodware.engine | component registered: filesystem
2026-09-27T10:46:59 | INFO    | goodware.engine | component registered: process
2026-09-27T10:46:59 | INFO    | goodware.engine | component registered: network
2026-09-27T10:46:59 | INFO    | goodware.engine | component registered: memory
2026-09-27T10:46:59 | INFO    | goodware.engine | component registered: config
2026-09-27T10:46:59 | INFO    | goodware.engine | component registered: behavior
2026-09-27T10:46:59 | INFO    | goodware.engine | component registered: quantum
2026-09-27T10:46:59 | INFO    | goodware.engine | component registered: filesystem
2026-09-27T10:46:59 | INFO    | goodware.engine | component registered: process
2026-09-27T10:46:59 | INFO    | goodware.engine | component registered: network
2026-09-27T10:46:59 | INFO    | goodware.engine | component registered: memory
2026-09-27T10:46:59 | INFO    | goodware.engine | component registered: config
2026-09-27T10:46:59 | INFO    | goodware.engine | component registered: behavior
2026-09-27T10:46:59 | INFO    | goodware.engine | component registered: quantum
2026-09-27T10:46:59 | INFO    | goodware.engine | component registered: filesystem
2026-09-27T10:46:59 | INFO    | goodware.engine | component registered: process
2026-09-27T10:46:59 | INFO    | goodware.engine | component registered: network
2026-09-27T10:46:59 | INFO    | goodware.engine | component registered: memory
2026-09-27T10:46:59 | INFO    | goodware.engine | component registered: config
2026-09-27T10:46:59 | INFO    | goodware.engine | component registered: behavior
2026-09-27T10:46:59 | INFO    | goodware.engine | component registered: quantum
2026-09-27T10:46:59 | INFO    | goodware.engine | component registered: filesystem
2026-09-27T10:46:59 | INFO    | goodware.engine | component registered: process
2026-09-27T10:46:59 | INFO    | goodware.engine | component registered: network
2026-09-27T10:46:59 | INFO    | goodware.engine | component registered: memory
2026-09-27T10:46:59 | INFO    | goodware.engine | component registered: config
2026-09-27T10:46:59 | INFO    | goodware.engine | component registered: behavior
2026-09-27T10:46:59 | INFO    | goodware.engine | component registered: quantum
2026-09-27T10:46:59 | INFO    | goodware.engine | component registered: filesystem
2026-09-27T10:46:59 | INFO    | goodware.engine | component registered: process
2026-09-27T10:46:59 | INFO    | goodware.engine | component registered: network
2026-09-27T10:46:59 | INFO    | goodware.engine | component registered: memory
2026-09-27T10:46:59 | INFO    | goodware.engine | component registered: config
2026-09-27T10:46:59 | INFO    | goodware.engine | component registered: behavior
2026-09-27T10:46:59 | INFO    | goodware.engine | component registered: quantum
2026-09-27T10:46:59 | INFO    | goodware.engine | component registered: filesystem
2026-09-27T10:46:59 | INFO    | goodware.engine | component registered: process
2026-09-27T10:46:59 | INFO    | goodware.engine | component registered: network
2026-09-27T10:46:59 | INFO    | goodware.engine | component registered: memory
2026-09-27T10:46:59 | INFO    | goodware.engine | component registered: config
2026-09-27T10:46:59 | INFO    | goodware.engine | component registered: behavior
2026-09-27T10:46:59 | INFO    | goodware.engine | component registered: quantum
2026-09-27T10:46:59 | INFO    | goodware.engine | component registered: filesystem
2026-09-27T10:46:59 | INFO    | goodware.engine | component registered: process
2026-09-27T10:46:59 | INFO    | goodware.engine | component registered: network
2026-09-27T10:46:59 | INFO    | goodware.engine | component registered: memory
2026-09-27T10:46:59 | INFO    | goodware.engine | component registered: config
2026-09-27T10:46:59 | INFO    | goodware.engine | component registered: behavior
2026-09-27T10:46:59 | INFO    | goodware.engine | component registered: quantum
2026-09-27T10:46:59 | INFO    | goodware.engine | component registered: filesystem
2026-09-27T10:46:59 | INFO    | goodware.engine | component registered: process
2026-09-27T10:46:59 | INFO    | goodware.engine | component registered: network
2026-09-27T10:46:59 | INFO    | goodware.engine | component registered: memory
2026-09-27T10:46:59 | INFO    | goodware.engine | component registered: config
2026-09-27T10:46:59 | INFO    | goodware.engine | component registered: behavior
2026-09-27T10:46:59 | INFO    | goodware.engine | component registered: quantum
2026-09-27T10:47:00 | INFO    | goodware.engine | component registered: filesystem
2026-09-27T10:47:00 | INFO    | goodware.engine | component registered: process
2026-09-27T10:47:00 | INFO    | goodware.engine | component registered: network
2026-09-27T10:47:00 | INFO    | goodware.engine | component registered: memory
2026-09-27T10:47:00 | INFO    | goodware.engine | component registered: config
2026-09-27T10:47:00 | INFO    | goodware.engine | component registered: behavior
2026-09-27T10:47:00 | INFO    | goodware.engine | component registered: quantum
2026-09-27T10:47:00 | INFO    | goodware.engine |   watching 2 paths: ['/etc', '/tmp']
2026-09-27T10:47:00 | INFO    | goodware.engine | component registered: filesystem
2026-09-27T10:47:00 | INFO    | goodware.engine | component registered: process
2026-09-27T10:47:00 | INFO    | goodware.engine | component registered: network
2026-09-27T10:47:00 | INFO    | goodware.engine | component registered: memory
2026-09-27T10:47:00 | INFO    | goodware.engine | component registered: config
2026-09-27T10:47:00 | INFO    | goodware.engine | component registered: behavior
2026-09-27T10:47:00 | INFO    | goodware.engine | component registered: quantum
2026-09-27T10:47:00 | INFO    | goodware.engine | component registered: filesystem
2026-09-27T10:47:00 | INFO    | goodware.engine | component registered: process
2026-09-27T10:47:00 | INFO    | goodware.engine | component registered: network
2026-09-27T10:47:00 | INFO    | goodware.engine | component registered: memory
2026-09-27T10:47:00 | INFO    | goodware.engine | component registered: config
2026-09-27T10:47:00 | INFO    | goodware.engine | component registered: behavior
2026-09-27T10:47:00 | INFO    | goodware.engine | component registered: quantum
2026-09-27T10:47:00 | INFO    | goodware.engine | component registered: filesystem
2026-09-27T10:47:00 | INFO    | goodware.engine | component registered: process
2026-09-27T10:47:00 | INFO    | goodware.engine | component registered: network
2026-09-27T10:47:00 | INFO    | goodware.engine | component registered: memory
2026-09-27T10:47:00 | INFO    | goodware.engine | component registered: config
2026-09-27T10:47:00 | INFO    | goodware.engine | component registered: behavior
2026-09-27T10:47:00 | INFO    | goodware.engine | component registered: quantum
2026-09-27T10:47:00 | INFO    | goodware.engine | component registered: filesystem
2026-09-27T10:47:00 | INFO    | goodware.engine | component registered: process
2026-09-27T10:47:00 | INFO    | goodware.engine | component registered: network
2026-09-27T10:47:00 | INFO    | goodware.engine | component registered: memory
2026-09-27T10:47:00 | INFO    | goodware.engine | component registered: config
2026-09-27T10:47:00 | INFO    | goodware.engine | component registered: behavior
2026-09-27T10:47:00 | INFO    | goodware.engine | component registered: quantum
2026-09-27T10:47:00 | INFO    | goodware.engine | component registered: filesystem
2026-09-27T10:47:00 | INFO    | goodware.engine | component registered: process
2026-09-27T10:47:00 | INFO    | goodware.engine | component registered: network
2026-09-27T10:47:00 | INFO    | goodware.engine | component registered: memory
2026-09-27T10:47:00 | INFO    | goodware.engine | component registered: config
2026-09-27T10:47:00 | INFO    | goodware.engine | component registered: behavior
2026-09-27T10:47:00 | INFO    | goodware.engine | component registered: quantum
2026-09-27T10:47:00 | INFO    | goodware.engine | component registered: filesystem
2026-09-27T10:47:00 | INFO    | goodware.engine | component registered: process
2026-09-27T10:47:00 | INFO    | goodware.engine | component registered: network
2026-09-27T10:47:00 | INFO    | goodware.engine | component registered: memory
2026-09-27T10:47:00 | INFO    | goodware.engine | component registered: config
2026-09-27T10:47:00 | INFO    | goodware.engine | component registered: behavior
2026-09-27T10:47:00 | INFO    | goodware.engine | component registered: quantum
2026-09-27T10:47:00 | INFO    | goodware.engine | component registered: filesystem
2026-09-27T10:47:00 | INFO    | goodware.engine | component registered: process
2026-09-27T10:47:00 | INFO    | goodware.engine | component registered: network
2026-09-27T10:47:00 | INFO    | goodware.engine | component registered: memory
2026-09-27T10:47:00 | INFO    | goodware.engine | component registered: config
2026-09-27T10:47:00 | INFO    | goodware.engine | component registered: behavior
2026-09-27T10:47:00 | INFO    | goodware.engine | component registered: quantum
2026-09-27T10:47:00 | INFO    | goodware.engine | component registered: filesystem
2026-09-27T10:47:00 | INFO    | goodware.engine | component registered: process
2026-09-27T10:47:00 | INFO    | goodware.engine | component registered: network
2026-09-27T10:47:00 | INFO    | goodware.engine | component registered: memory
2026-09-27T10:47:00 | INFO    | goodware.engine | component registered: config
2026-09-27T10:47:00 | INFO    | goodware.engine | component registered: behavior
2026-09-27T10:47:00 | INFO    | goodware.engine | component registered: quantum
2026-09-27T10:47:00 | INFO    | goodware.engine | component registered: filesystem
2026-09-27T10:47:00 | INFO    | goodware.engine | component registered: process
2026-09-27T10:47:00 | INFO    | goodware.engine | component registered: network
2026-09-27T10:47:00 | INFO    | goodware.engine | component registered: memory
2026-09-27T10:47:00 | INFO    | goodware.engine | component registered: config
2026-09-27T10:47:00 | INFO    | goodware.engine | component registered: behavior
2026-09-27T10:47:01 | INFO    | goodware.engine | component registered: quantum
2026-09-27T10:47:01 | INFO    | goodware.engine | component registered: filesystem
2026-09-27T10:47:01 | INFO    | goodware.engine | component registered: process
2026-09-27T10:47:01 | INFO    | goodware.engine | component registered: network
2026-09-27T10:47:01 | INFO    | goodware.engine | component registered: memory
2026-09-27T10:47:01 | INFO    | goodware.engine | component registered: config
2026-09-27T10:47:01 | INFO    | goodware.engine | component registered: behavior
2026-09-27T10:47:01 | INFO    | goodware.engine | component registered: quantum
2026-09-27T10:47:01 | INFO    | goodware.engine | component registered: filesystem
2026-09-27T10:47:01 | INFO    | goodware.engine | component registered: process
2026-09-27T10:47:01 | INFO    | goodware.engine | component registered: network
2026-09-27T10:47:01 | INFO    | goodware.engine | component registered: memory
2026-09-27T10:47:01 | INFO    | goodware.engine | component registered: config
2026-09-27T10:47:01 | INFO    | goodware.engine | component registered: behavior
2026-09-27T10:47:01 | INFO    | goodware.engine | component registered: quantum
2026-09-27T10:47:01 | INFO    | goodware.engine | component registered: filesystem
2026-09-27T10:47:01 | INFO    | goodware.engine | component registered: process
2026-09-27T10:47:01 | INFO    | goodware.engine | component registered: network
2026-09-27T10:47:01 | INFO    | goodware.engine | component registered: memory
2026-09-27T10:47:01 | INFO    | goodware.engine | component registered: config
2026-09-27T10:47:01 | INFO    | goodware.engine | component registered: behavior
2026-09-27T10:47:01 | INFO    | goodware.engine | component registered: quantum
2026-09-27T10:47:01 | INFO    | goodware.engine | component registered: filesystem
2026-09-27T10:47:01 | INFO    | goodware.engine | component registered: process
2026-09-27T10:47:01 | INFO    | goodware.engine | component registered: network
2026-09-27T10:47:01 | INFO    | goodware.engine | component registered: memory
2026-09-27T10:47:01 | INFO    | goodware.engine | component registered: config
2026-09-27T10:47:01 | INFO    | goodware.engine | component registered: behavior
2026-09-27T10:47:01 | INFO    | goodware.engine | component registered: quantum
2026-09-27T10:47:01 | INFO    | goodware.engine | component registered: filesystem
2026-09-27T10:47:01 | INFO    | goodware.engine | component registered: process
2026-09-27T10:47:01 | INFO    | goodware.engine | component registered: network
2026-09-27T10:47:01 | INFO    | goodware.engine | component registered: memory
2026-09-27T10:47:01 | INFO    | goodware.engine | component registered: config
2026-09-27T10:47:01 | INFO    | goodware.engine | component registered: behavior
2026-09-27T10:47:01 | INFO    | goodware.engine | component registered: quantum
2026-09-27T10:47:01 | INFO    | goodware.engine | component registered: filesystem
2026-09-27T10:47:01 | INFO    | goodware.engine | component registered: process
2026-09-27T10:47:01 | INFO    | goodware.engine | component registered: network
2026-09-27T10:47:01 | INFO    | goodware.engine | component registered: memory
2026-09-27T10:47:01 | INFO    | goodware.engine | component registered: config
2026-09-27T10:47:01 | INFO    | goodware.engine | component registered: behavior
2026-09-27T10:47:01 | INFO    | goodware.engine | component registered: quantum
2026-09-27T10:47:01 | INFO    | goodware.engine | component registered: filesystem
2026-09-27T10:47:01 | INFO    | goodware.engine | component registered: process
2026-09-27T10:47:01 | INFO    | goodware.engine | component registered: network
2026-09-27T10:47:01 | INFO    | goodware.engine | component registered: memory
2026-09-27T10:47:01 | INFO    | goodware.engine | component registered: config
2026-09-27T10:47:01 | INFO    | goodware.engine | component registered: behavior
2026-09-27T10:47:01 | INFO    | goodware.engine | component registered: quantum
2026-09-27T10:47:01 | INFO    | goodware.engine |   watching 2 paths: ['/etc', '/tmp']
2026-09-27T10:47:01 | INFO    | goodware.engine | component registered: filesystem
2026-09-27T10:47:01 | INFO    | goodware.engine | component registered: process
2026-09-27T10:47:01 | INFO    | goodware.engine | component registered: network
2026-09-27T10:47:01 | INFO    | goodware.engine | component registered: memory
2026-09-27T10:47:01 | INFO    | goodware.engine | component registered: config
2026-09-27T10:47:01 | INFO    | goodware.engine | component registered: behavior
2026-09-27T10:47:01 | INFO    | goodware.engine | component registered: quantum
2026-09-27T10:47:02 | INFO    | goodware.engine |   watching 2 paths: ['/etc', '/tmp']
2026-09-27T10:47:02 | INFO    | goodware.engine | ============================================================
2026-09-27T10:47:02 | INFO    | goodware.engine | Goodware v3.0 starting...
2026-09-27T10:47:02 | INFO    | goodware.engine |   node_id: None
2026-09-27T10:47:02 | INFO    | goodware.engine |   organization: None
2026-09-27T10:47:02 | INFO    | goodware.engine | ============================================================
2026-09-27T10:47:02 | INFO    | goodware.engine | Goodware stopped.
2026-09-27T10:47:02 | INFO    | goodware.engine | ============================================================
2026-09-27T10:47:02 | INFO    | goodware.engine | Goodware v3.0 starting...
2026-09-27T10:47:02 | INFO    | goodware.engine |   node_id: None
2026-09-27T10:47:02 | INFO    | goodware.engine |   organization: None
2026-09-27T10:47:02 | INFO    | goodware.engine | ============================================================
2026-09-27T10:47:03 | INFO    | goodware.engine | Goodware stopped.
2026-09-27T10:47:03 | INFO    | goodware.engine | ============================================================
2026-09-27T10:47:03 | INFO    | goodware.engine | Goodware v3.0 starting...
2026-09-27T10:47:03 | INFO    | goodware.engine |   node_id: None
2026-09-27T10:47:03 | INFO    | goodware.engine |   organization: None
2026-09-27T10:47:03 | INFO    | goodware.engine | ============================================================
2026-09-27T10:47:03 | INFO    | goodware.engine | Goodware stopped.
2026-09-27T10:47:03 | INFO    | goodware.engine | ============================================================
2026-09-27T10:47:03 | INFO    | goodware.engine | Goodware v3.0 starting...
2026-09-27T10:47:03 | INFO    | goodware.engine |   node_id: None
2026-09-27T10:47:03 | INFO    | goodware.engine |   organization: None
2026-09-27T10:47:03 | INFO    | goodware.engine | ============================================================
2026-09-27T10:47:04 | INFO    | goodware.engine | Goodware stopped.
2026-09-27T10:47:04 | INFO    | goodware.engine | ============================================================
2026-09-27T10:47:04 | INFO    | goodware.engine | Goodware v3.0 starting...
2026-09-27T10:47:04 | INFO    | goodware.engine |   node_id: None
2026-09-27T10:47:04 | INFO    | goodware.engine |   organization: None
2026-09-27T10:47:04 | INFO    | goodware.engine | ============================================================
2026-09-27T10:47:04 | INFO    | goodware.engine | Goodware stopped.
2026-09-27T10:47:04 | INFO    | goodware.engine | ============================================================
2026-09-27T10:47:04 | INFO    | goodware.engine | Goodware v3.0 starting...
2026-09-27T10:47:04 | INFO    | goodware.engine |   node_id: None
2026-09-27T10:47:04 | INFO    | goodware.engine |   organization: None
2026-09-27T10:47:04 | INFO    | goodware.engine | ============================================================
2026-09-27T10:47:04 | INFO    | goodware.engine | Goodware stopped.
2026-09-27T10:47:04 | INFO    | goodware.engine | ============================================================
2026-09-27T10:47:04 | INFO    | goodware.engine | Goodware v3.0 starting...
2026-09-27T10:47:04 | INFO    | goodware.engine |   node_id: None
2026-09-27T10:47:04 | INFO    | goodware.engine |   organization: None
2026-09-27T10:47:04 | INFO    | goodware.engine | ============================================================
2026-09-27T10:47:05 | INFO    | goodware.engine | Goodware stopped.
2026-09-27T10:47:05 | INFO    | goodware.engine | ============================================================
2026-09-27T10:47:05 | INFO    | goodware.engine | Goodware v3.0 starting...
2026-09-27T10:47:05 | INFO    | goodware.engine |   node_id: None
2026-09-27T10:47:05 | INFO    | goodware.engine |   organization: None
2026-09-27T10:47:05 | INFO    | goodware.engine | ============================================================
2026-09-27T10:47:05 | INFO    | goodware.engine | Goodware stopped.
2026-09-27T10:47:05 | INFO    | goodware.engine | ============================================================
2026-09-27T10:47:05 | INFO    | goodware.engine | Goodware v3.0 starting...
2026-09-27T10:47:05 | INFO    | goodware.engine |   node_id: None
2026-09-27T10:47:05 | INFO    | goodware.engine |   organization: None
2026-09-27T10:47:05 | INFO    | goodware.engine | ============================================================
2026-09-27T10:47:05 | INFO    | goodware.engine | Goodware stopped.
2026-09-27T10:47:05 | INFO    | goodware.engine | ============================================================
2026-09-27T10:47:05 | INFO    | goodware.engine | Goodware v3.0 starting...
2026-09-27T10:47:05 | INFO    | goodware.engine |   node_id: None
2026-09-27T10:47:05 | INFO    | goodware.engine |   organization: None
2026-09-27T10:47:05 | INFO    | goodware.engine | ============================================================
2026-09-27T10:47:05 | INFO    | goodware.engine | Goodware stopped.
2026-09-27T10:47:05 | INFO    | goodware.engine | ============================================================
2026-09-27T10:47:05 | INFO    | goodware.engine | Goodware v3.0 starting...
2026-09-27T10:47:05 | INFO    | goodware.engine |   node_id: None
2026-09-27T10:47:05 | INFO    | goodware.engine |   organization: None
2026-09-27T10:47:05 | INFO    | goodware.engine | ============================================================
2026-09-27T10:47:06 | INFO    | goodware.engine | Goodware stopped.
2026-09-27T10:47:06 | INFO    | goodware.engine | ============================================================
2026-09-27T10:47:06 | INFO    | goodware.engine | Goodware v3.0 starting...
2026-09-27T10:47:06 | INFO    | goodware.engine |   node_id: None
2026-09-27T10:47:06 | INFO    | goodware.engine |   organization: None
2026-09-27T10:47:06 | INFO    | goodware.engine | ============================================================
2026-09-27T10:47:06 | INFO    | goodware.engine | Goodware stopped.
2026-09-27T10:47:06 | INFO    | goodware.engine | ============================================================
2026-09-27T10:47:06 | INFO    | goodware.engine | Goodware v3.0 starting...
2026-09-27T10:47:06 | INFO    | goodware.engine |   node_id: None
2026-09-27T10:47:06 | INFO    | goodware.engine |   organization: None
2026-09-27T10:47:06 | INFO    | goodware.engine | ============================================================
2026-09-27T10:47:06 | INFO    | goodware.engine | Goodware stopped.
2026-09-27T10:47:06 | INFO    | goodware.engine | ============================================================
2026-09-27T10:47:06 | INFO    | goodware.engine | Goodware v3.0 starting...
2026-09-27T10:47:06 | INFO    | goodware.engine |   node_id: None
2026-09-27T10:47:06 | INFO    | goodware.engine |   organization: None
2026-09-27T10:47:06 | INFO    | goodware.engine | ============================================================
2026-09-27T10:47:06 | INFO    | goodware.engine | Goodware stopped.
2026-09-27T10:47:06 | INFO    | goodware.engine | ============================================================
2026-09-27T10:47:06 | INFO    | goodware.engine | Goodware v3.0 starting...
2026-09-27T10:47:06 | INFO    | goodware.engine |   node_id: None
2026-09-27T10:47:06 | INFO    | goodware.engine |   organization: None
2026-09-27T10:47:06 | INFO    | goodware.engine | ============================================================
2026-09-27T10:47:06 | INFO    | goodware.engine | Goodware stopped.
2026-09-27T10:47:06 | INFO    | goodware.engine | ============================================================
2026-09-27T10:47:06 | INFO    | goodware.engine | Goodware v3.0 starting...
2026-09-27T10:47:06 | INFO    | goodware.engine |   node_id: None
2026-09-27T10:47:06 | INFO    | goodware.engine |   organization: None
2026-09-27T10:47:06 | INFO    | goodware.engine | ============================================================
2026-09-27T10:47:06 | INFO    | goodware.engine | Goodware stopped.
2026-09-27T10:47:06 | INFO    | goodware.engine | ============================================================
2026-09-27T10:47:06 | INFO    | goodware.engine | Goodware v3.0 starting...
2026-09-27T10:47:06 | INFO    | goodware.engine |   node_id: None
2026-09-27T10:47:06 | INFO    | goodware.engine |   organization: None
2026-09-27T10:47:06 | INFO    | goodware.engine | ============================================================
2026-09-27T10:47:06 | INFO    | goodware.engine | Goodware stopped.
2026-09-27T10:47:06 | INFO    | goodware.engine | ============================================================
2026-09-27T10:47:06 | INFO    | goodware.engine | Goodware v3.0 starting...
2026-09-27T10:47:06 | INFO    | goodware.engine |   node_id: None
2026-09-27T10:47:06 | INFO    | goodware.engine |   organization: None
2026-09-27T10:47:06 | INFO    | goodware.engine | ============================================================
2026-09-27T10:47:06 | INFO    | goodware.engine | Goodware stopped.
2026-09-27T10:47:06 | INFO    | goodware.engine | ============================================================
2026-09-27T10:47:06 | INFO    | goodware.engine | Goodware v3.0 starting...
2026-09-27T10:47:06 | INFO    | goodware.engine |   node_id: None
2026-09-27T10:47:06 | INFO    | goodware.engine |   organization: None
2026-09-27T10:47:06 | INFO    | goodware.engine | ============================================================
2026-09-27T10:47:07 | INFO    | goodware.engine | Goodware stopped.
2026-09-27T10:47:07 | INFO    | goodware.engine | ============================================================
2026-09-27T10:47:07 | INFO    | goodware.engine | Goodware v3.0 starting...
2026-09-27T10:47:07 | INFO    | goodware.engine |   node_id: None
2026-09-27T10:47:07 | INFO    | goodware.engine |   organization: None
2026-09-27T10:47:07 | INFO    | goodware.engine | ============================================================
2026-09-27T10:47:07 | INFO    | goodware.engine | Goodware stopped.
2026-09-27T10:47:07 | INFO    | goodware.engine | ============================================================
2026-09-27T10:47:07 | INFO    | goodware.engine | Goodware v3.0 starting...
2026-09-27T10:47:07 | INFO    | goodware.engine |   node_id: None
2026-09-27T10:47:07 | INFO    | goodware.engine |   organization: None
2026-09-27T10:47:07 | INFO    | goodware.engine | ============================================================
2026-09-27T10:47:07 | INFO    | goodware.engine | Goodware stopped.
2026-09-27T10:47:07 | INFO    | goodware.engine | ============================================================
2026-09-27T10:47:07 | INFO    | goodware.engine | Goodware v3.0 starting...
2026-09-27T10:47:07 | INFO    | goodware.engine |   node_id: None
2026-09-27T10:47:07 | INFO    | goodware.engine |   organization: None
2026-09-27T10:47:07 | INFO    | goodware.engine | ============================================================
2026-09-27T10:47:08 | INFO    | goodware.engine | Goodware stopped.
2026-09-28T01:09:52 | INFO    | goodware.engine | component registered: filesystem
2026-09-28T01:09:52 | INFO    | goodware.engine | component registered: process
2026-09-28T01:09:52 | INFO    | goodware.engine | component registered: network
2026-09-28T01:09:52 | INFO    | goodware.engine | component registered: memory
2026-09-28T01:09:52 | INFO    | goodware.engine | component registered: config
2026-09-28T01:09:52 | INFO    | goodware.engine | component registered: behavior
2026-09-28T01:09:52 | INFO    | goodware.engine | component registered: quantum
2026-09-28T01:09:52 | INFO    | goodware.engine |   watching 4 paths: ['/etc', '/usr/local/bin', '/usr/bin', '/tmp']
2026-09-28T01:09:55 | INFO    | goodware.engine | component registered: threat
2026-09-28T01:09:55 | INFO    | goodware.engine | component registered: anomaly
2026-09-28T01:09:55 | INFO    | goodware.engine | component registered: simulator
2026-09-28T01:09:57 | INFO    | goodware.engine | component registered: federated-server
2026-09-28T01:09:57 | INFO    | goodware.engine | component registered: federated-client
2026-09-28T01:09:57 | INFO    | goodware.engine | federated server listening on 127.0.0.1:8443
2026-09-28T01:09:59 | INFO    | goodware.engine | component registered: decision-engine
2026-09-28T01:09:59 | INFO    | goodware.engine | component registered: adaptive
2026-09-28T01:09:59 | INFO    | goodware.engine | component registered: mutation
2026-09-28T01:09:59 | INFO    | goodware.engine | component registered: zero_day
2026-09-28T01:10:07 | INFO    | goodware.engine | component registered: decision-engine
2026-09-28T01:10:07 | INFO    | goodware.engine | component registered: adaptive
2026-09-28T01:10:07 | INFO    | goodware.engine | component registered: mutation
2026-09-28T01:10:07 | INFO    | goodware.engine | component registered: zero_day
2026-09-28T01:10:07 | INFO    | goodware.engine | component registered: crypto
2026-09-28T01:10:07 | INFO    | goodware.engine | component registered: human-factor
2026-09-28T01:10:07 | INFO    | goodware.engine | component registered: decision
2026-09-28T01:10:07 | INFO    | goodware.engine | component registered: effector
2026-09-28T01:10:07 | INFO    | goodware.engine | component registered: chainsaw
2026-09-28T01:10:10 | INFO    | goodware.engine | component registered: immune
2026-09-28T01:10:10 | INFO    | goodware.engine | component registered: physical
2026-09-28T01:10:10 | INFO    | goodware.engine | component registered: supply-chain
2026-09-28T01:10:13 | INFO    | goodware.engine | ============================================================
2026-09-28T01:10:13 | INFO    | goodware.engine | Goodware v3.0 starting...
2026-09-28T01:10:13 | INFO    | goodware.engine |   node_id: None
2026-09-28T01:10:13 | INFO    | goodware.engine |   organization: None
2026-09-28T01:10:13 | INFO    | goodware.engine | ============================================================
2026-09-28T01:10:13 | INFO    | goodware.engine | Goodware stopped.
2026-09-28T01:10:13 | INFO    | goodware.engine | ============================================================
2026-09-28T01:10:13 | INFO    | goodware.engine | Goodware v3.0 starting...
2026-09-28T01:10:13 | INFO    | goodware.engine |   node_id: None
2026-09-28T01:10:13 | INFO    | goodware.engine |   organization: None
2026-09-28T01:10:13 | INFO    | goodware.engine | ============================================================
2026-09-28T01:10:14 | INFO    | goodware.engine | Goodware stopped.
2026-09-28T01:10:14 | INFO    | goodware.engine | hunter2
2026-09-28T01:10:15 | INFO    | goodware.engine | component registered: dummy
2026-09-28T01:10:15 | INFO    | goodware.engine | test
2026-09-28T01:10:15 | WARNING | goodware.engine | warn
2026-09-28T01:10:15 | ERROR   | goodware.engine | err
2026-09-28T01:10:15 | INFO    | goodware.engine | component registered: with_attach
2026-09-28T01:10:16 | INFO    | goodware.engine | component registered: dummy
2026-09-28T01:10:16 | INFO    | goodware.engine | ============================================================
2026-09-28T01:10:16 | INFO    | goodware.engine | Goodware v3.0 starting...
2026-09-28T01:10:16 | INFO    | goodware.engine |   node_id: None
2026-09-28T01:10:16 | INFO    | goodware.engine |   organization: None
2026-09-28T01:10:16 | INFO    | goodware.engine | ============================================================
2026-09-28T01:10:16 | INFO    | goodware.engine |   ✓ dummy running
2026-09-28T01:10:16 | INFO    | goodware.engine | Goodware stopped.
2026-09-28T01:10:18 | INFO    | goodware.engine | component registered: threat
2026-09-28T01:10:18 | INFO    | goodware.engine | component registered: anomaly
2026-09-28T01:10:18 | INFO    | goodware.engine | component registered: simulator
2026-09-28T01:10:18 | INFO    | goodware.engine | component registered: filesystem
2026-09-28T01:10:18 | INFO    | goodware.engine | component registered: process
2026-09-28T01:10:18 | INFO    | goodware.engine | component registered: network
2026-09-28T01:10:18 | INFO    | goodware.engine | component registered: memory
2026-09-28T01:10:18 | INFO    | goodware.engine | component registered: config
2026-09-28T01:10:18 | INFO    | goodware.engine | component registered: behavior
2026-09-28T01:10:18 | INFO    | goodware.engine | component registered: quantum
2026-09-28T01:10:18 | INFO    | goodware.engine | component registered: filesystem
2026-09-28T01:10:18 | INFO    | goodware.engine | component registered: process
2026-09-28T01:10:18 | INFO    | goodware.engine | component registered: network
2026-09-28T01:10:18 | INFO    | goodware.engine | component registered: memory
2026-09-28T01:10:18 | INFO    | goodware.engine | component registered: config
2026-09-28T01:10:18 | INFO    | goodware.engine | component registered: behavior
2026-09-28T01:10:18 | INFO    | goodware.engine | component registered: quantum
2026-09-28T01:10:18 | INFO    | goodware.engine | component registered: filesystem
2026-09-28T01:10:18 | INFO    | goodware.engine | component registered: process
2026-09-28T01:10:18 | INFO    | goodware.engine | component registered: network
2026-09-28T01:10:18 | INFO    | goodware.engine | component registered: memory
2026-09-28T01:10:18 | INFO    | goodware.engine | component registered: config
2026-09-28T01:10:18 | INFO    | goodware.engine | component registered: behavior
2026-09-28T01:10:18 | INFO    | goodware.engine | component registered: quantum
2026-09-28T01:10:18 | INFO    | goodware.engine | component registered: filesystem
2026-09-28T01:10:18 | INFO    | goodware.engine | component registered: process
2026-09-28T01:10:18 | INFO    | goodware.engine | component registered: network
2026-09-28T01:10:18 | INFO    | goodware.engine | component registered: memory
2026-09-28T01:10:18 | INFO    | goodware.engine | component registered: config
2026-09-28T01:10:18 | INFO    | goodware.engine | component registered: behavior
2026-09-28T01:10:18 | INFO    | goodware.engine | component registered: quantum
2026-09-28T01:10:18 | INFO    | goodware.engine | component registered: filesystem
2026-09-28T01:10:18 | INFO    | goodware.engine | component registered: process
2026-09-28T01:10:18 | INFO    | goodware.engine | component registered: network
2026-09-28T01:10:18 | INFO    | goodware.engine | component registered: memory
2026-09-28T01:10:18 | INFO    | goodware.engine | component registered: config
2026-09-28T01:10:18 | INFO    | goodware.engine | component registered: behavior
2026-09-28T01:10:18 | INFO    | goodware.engine | component registered: quantum
2026-09-28T01:10:18 | INFO    | goodware.engine | component registered: filesystem
2026-09-28T01:10:18 | INFO    | goodware.engine | component registered: process
2026-09-28T01:10:18 | INFO    | goodware.engine | component registered: network
2026-09-28T01:10:18 | INFO    | goodware.engine | component registered: memory
2026-09-28T01:10:18 | INFO    | goodware.engine | component registered: config
2026-09-28T01:10:18 | INFO    | goodware.engine | component registered: behavior
2026-09-28T01:10:18 | INFO    | goodware.engine | component registered: quantum
2026-09-28T01:10:18 | INFO    | goodware.engine | component registered: filesystem
2026-09-28T01:10:18 | INFO    | goodware.engine | component registered: process
2026-09-28T01:10:18 | INFO    | goodware.engine | component registered: network
2026-09-28T01:10:18 | INFO    | goodware.engine | component registered: memory
2026-09-28T01:10:18 | INFO    | goodware.engine | component registered: config
2026-09-28T01:10:18 | INFO    | goodware.engine | component registered: behavior
2026-09-28T01:10:18 | INFO    | goodware.engine | component registered: quantum
2026-09-28T01:10:18 | INFO    | goodware.engine | component registered: filesystem
2026-09-28T01:10:18 | INFO    | goodware.engine | component registered: process
2026-09-28T01:10:18 | INFO    | goodware.engine | component registered: network
2026-09-28T01:10:18 | INFO    | goodware.engine | component registered: memory
2026-09-28T01:10:18 | INFO    | goodware.engine | component registered: config
2026-09-28T01:10:18 | INFO    | goodware.engine | component registered: behavior
2026-09-28T01:10:18 | INFO    | goodware.engine | component registered: quantum
2026-09-28T01:10:18 | INFO    | goodware.engine | component registered: filesystem
2026-09-28T01:10:18 | INFO    | goodware.engine | component registered: process
2026-09-28T01:10:18 | INFO    | goodware.engine | component registered: network
2026-09-28T01:10:18 | INFO    | goodware.engine | component registered: memory
2026-09-28T01:10:18 | INFO    | goodware.engine | component registered: config
2026-09-28T01:10:18 | INFO    | goodware.engine | component registered: behavior
2026-09-28T01:10:18 | INFO    | goodware.engine | component registered: quantum
2026-09-28T01:10:18 | INFO    | goodware.engine | component registered: filesystem
2026-09-28T01:10:18 | INFO    | goodware.engine | component registered: process
2026-09-28T01:10:18 | INFO    | goodware.engine | component registered: network
2026-09-28T01:10:18 | INFO    | goodware.engine | component registered: memory
2026-09-28T01:10:18 | INFO    | goodware.engine | component registered: config
2026-09-28T01:10:18 | INFO    | goodware.engine | component registered: behavior
2026-09-28T01:10:18 | INFO    | goodware.engine | component registered: quantum
2026-09-28T01:10:18 | INFO    | goodware.engine | component registered: filesystem
2026-09-28T01:10:18 | INFO    | goodware.engine | component registered: process
2026-09-28T01:10:18 | INFO    | goodware.engine | component registered: network
2026-09-28T01:10:19 | INFO    | goodware.engine | component registered: memory
2026-09-28T01:10:19 | INFO    | goodware.engine | component registered: config
2026-09-28T01:10:19 | INFO    | goodware.engine | component registered: behavior
2026-09-28T01:10:19 | INFO    | goodware.engine | component registered: quantum
2026-09-28T01:10:19 | INFO    | goodware.engine | component registered: filesystem
2026-09-28T01:10:19 | INFO    | goodware.engine | component registered: process
2026-09-28T01:10:19 | INFO    | goodware.engine | component registered: network
2026-09-28T01:10:19 | INFO    | goodware.engine | component registered: memory
2026-09-28T01:10:19 | INFO    | goodware.engine | component registered: config
2026-09-28T01:10:19 | INFO    | goodware.engine | component registered: behavior
2026-09-28T01:10:19 | INFO    | goodware.engine | component registered: quantum
2026-09-28T01:10:19 | INFO    | goodware.engine | component registered: filesystem
2026-09-28T01:10:19 | INFO    | goodware.engine | component registered: process
2026-09-28T01:10:19 | INFO    | goodware.engine | component registered: network
2026-09-28T01:10:19 | INFO    | goodware.engine | component registered: memory
2026-09-28T01:10:19 | INFO    | goodware.engine | component registered: config
2026-09-28T01:10:19 | INFO    | goodware.engine | component registered: behavior
2026-09-28T01:10:19 | INFO    | goodware.engine | component registered: quantum
2026-09-28T01:10:19 | INFO    | goodware.engine | component registered: filesystem
2026-09-28T01:10:19 | INFO    | goodware.engine | component registered: process
2026-09-28T01:10:19 | INFO    | goodware.engine | component registered: network
2026-09-28T01:10:19 | INFO    | goodware.engine | component registered: memory
2026-09-28T01:10:19 | INFO    | goodware.engine | component registered: config
2026-09-28T01:10:19 | INFO    | goodware.engine | component registered: behavior
2026-09-28T01:10:19 | INFO    | goodware.engine | component registered: quantum
2026-09-28T01:10:19 | INFO    | goodware.engine | component registered: filesystem
2026-09-28T01:10:19 | INFO    | goodware.engine | component registered: process
2026-09-28T01:10:19 | INFO    | goodware.engine | component registered: network
2026-09-28T01:10:19 | INFO    | goodware.engine | component registered: memory
2026-09-28T01:10:19 | INFO    | goodware.engine | component registered: config
2026-09-28T01:10:19 | INFO    | goodware.engine | component registered: behavior
2026-09-28T01:10:19 | INFO    | goodware.engine | component registered: quantum
2026-09-28T01:10:19 | INFO    | goodware.engine | component registered: filesystem
2026-09-28T01:10:19 | INFO    | goodware.engine | component registered: process
2026-09-28T01:10:19 | INFO    | goodware.engine | component registered: network
2026-09-28T01:10:19 | INFO    | goodware.engine | component registered: memory
2026-09-28T01:10:19 | INFO    | goodware.engine | component registered: config
2026-09-28T01:10:19 | INFO    | goodware.engine | component registered: behavior
2026-09-28T01:10:19 | INFO    | goodware.engine | component registered: quantum
2026-09-28T01:10:19 | INFO    | goodware.engine |   watching 2 paths: ['/etc', '/tmp']
2026-09-28T01:10:19 | INFO    | goodware.engine | component registered: filesystem
2026-09-28T01:10:19 | INFO    | goodware.engine | component registered: process
2026-09-28T01:10:19 | INFO    | goodware.engine | component registered: network
2026-09-28T01:10:19 | INFO    | goodware.engine | component registered: memory
2026-09-28T01:10:19 | INFO    | goodware.engine | component registered: config
2026-09-28T01:10:19 | INFO    | goodware.engine | component registered: behavior
2026-09-28T01:10:19 | INFO    | goodware.engine | component registered: quantum
2026-09-28T01:10:19 | INFO    | goodware.engine | component registered: filesystem
2026-09-28T01:10:19 | INFO    | goodware.engine | component registered: process
2026-09-28T01:10:19 | INFO    | goodware.engine | component registered: network
2026-09-28T01:10:19 | INFO    | goodware.engine | component registered: memory
2026-09-28T01:10:19 | INFO    | goodware.engine | component registered: config
2026-09-28T01:10:19 | INFO    | goodware.engine | component registered: behavior
2026-09-28T01:10:19 | INFO    | goodware.engine | component registered: quantum
2026-09-28T01:10:19 | INFO    | goodware.engine | component registered: filesystem
2026-09-28T01:10:19 | INFO    | goodware.engine | component registered: process
2026-09-28T01:10:19 | INFO    | goodware.engine | component registered: network
2026-09-28T01:10:19 | INFO    | goodware.engine | component registered: memory
2026-09-28T01:10:19 | INFO    | goodware.engine | component registered: config
2026-09-28T01:10:19 | INFO    | goodware.engine | component registered: behavior
2026-09-28T01:10:19 | INFO    | goodware.engine | component registered: quantum
2026-09-28T01:10:19 | INFO    | goodware.engine | component registered: filesystem
2026-09-28T01:10:19 | INFO    | goodware.engine | component registered: process
2026-09-28T01:10:19 | INFO    | goodware.engine | component registered: network
2026-09-28T01:10:19 | INFO    | goodware.engine | component registered: memory
2026-09-28T01:10:19 | INFO    | goodware.engine | component registered: config
2026-09-28T01:10:19 | INFO    | goodware.engine | component registered: behavior
2026-09-28T01:10:19 | INFO    | goodware.engine | component registered: quantum
2026-09-28T01:10:19 | INFO    | goodware.engine | component registered: filesystem
2026-09-28T01:10:19 | INFO    | goodware.engine | component registered: process
2026-09-28T01:10:19 | INFO    | goodware.engine | component registered: network
2026-09-28T01:10:19 | INFO    | goodware.engine | component registered: memory
2026-09-28T01:10:19 | INFO    | goodware.engine | component registered: config
2026-09-28T01:10:19 | INFO    | goodware.engine | component registered: behavior
2026-09-28T01:10:19 | INFO    | goodware.engine | component registered: quantum
2026-09-28T01:10:19 | INFO    | goodware.engine | component registered: filesystem
2026-09-28T01:10:19 | INFO    | goodware.engine | component registered: process
2026-09-28T01:10:19 | INFO    | goodware.engine | component registered: network
2026-09-28T01:10:19 | INFO    | goodware.engine | component registered: memory
2026-09-28T01:10:19 | INFO    | goodware.engine | component registered: config
2026-09-28T01:10:19 | INFO    | goodware.engine | component registered: behavior
2026-09-28T01:10:19 | INFO    | goodware.engine | component registered: quantum
2026-09-28T01:10:19 | INFO    | goodware.engine | component registered: filesystem
2026-09-28T01:10:19 | INFO    | goodware.engine | component registered: process
2026-09-28T01:10:19 | INFO    | goodware.engine | component registered: network
2026-09-28T01:10:19 | INFO    | goodware.engine | component registered: memory
2026-09-28T01:10:19 | INFO    | goodware.engine | component registered: config
2026-09-28T01:10:19 | INFO    | goodware.engine | component registered: behavior
2026-09-28T01:10:19 | INFO    | goodware.engine | component registered: quantum
2026-09-28T01:10:20 | INFO    | goodware.engine | component registered: filesystem
2026-09-28T01:10:20 | INFO    | goodware.engine | component registered: process
2026-09-28T01:10:20 | INFO    | goodware.engine | component registered: network
2026-09-28T01:10:20 | INFO    | goodware.engine | component registered: memory
2026-09-28T01:10:20 | INFO    | goodware.engine | component registered: config
2026-09-28T01:10:20 | INFO    | goodware.engine | component registered: behavior
2026-09-28T01:10:20 | INFO    | goodware.engine | component registered: quantum
2026-09-28T01:10:20 | INFO    | goodware.engine | component registered: filesystem
2026-09-28T01:10:20 | INFO    | goodware.engine | component registered: process
2026-09-28T01:10:20 | INFO    | goodware.engine | component registered: network
2026-09-28T01:10:20 | INFO    | goodware.engine | component registered: memory
2026-09-28T01:10:20 | INFO    | goodware.engine | component registered: config
2026-09-28T01:10:20 | INFO    | goodware.engine | component registered: behavior
2026-09-28T01:10:20 | INFO    | goodware.engine | component registered: quantum
2026-09-28T01:10:20 | INFO    | goodware.engine | component registered: filesystem
2026-09-28T01:10:20 | INFO    | goodware.engine | component registered: process
2026-09-28T01:10:20 | INFO    | goodware.engine | component registered: network
2026-09-28T01:10:20 | INFO    | goodware.engine | component registered: memory
2026-09-28T01:10:20 | INFO    | goodware.engine | component registered: config
2026-09-28T01:10:20 | INFO    | goodware.engine | component registered: behavior
2026-09-28T01:10:20 | INFO    | goodware.engine | component registered: quantum
2026-09-28T01:10:20 | INFO    | goodware.engine | component registered: filesystem
2026-09-28T01:10:20 | INFO    | goodware.engine | component registered: process
2026-09-28T01:10:20 | INFO    | goodware.engine | component registered: network
2026-09-28T01:10:20 | INFO    | goodware.engine | component registered: memory
2026-09-28T01:10:20 | INFO    | goodware.engine | component registered: config
2026-09-28T01:10:20 | INFO    | goodware.engine | component registered: behavior
2026-09-28T01:10:20 | INFO    | goodware.engine | component registered: quantum
2026-09-28T01:10:20 | INFO    | goodware.engine | component registered: filesystem
2026-09-28T01:10:20 | INFO    | goodware.engine | component registered: process
2026-09-28T01:10:20 | INFO    | goodware.engine | component registered: network
2026-09-28T01:10:20 | INFO    | goodware.engine | component registered: memory
2026-09-28T01:10:20 | INFO    | goodware.engine | component registered: config
2026-09-28T01:10:20 | INFO    | goodware.engine | component registered: behavior
2026-09-28T01:10:20 | INFO    | goodware.engine | component registered: quantum
2026-09-28T01:10:20 | INFO    | goodware.engine | component registered: filesystem
2026-09-28T01:10:20 | INFO    | goodware.engine | component registered: process
2026-09-28T01:10:20 | INFO    | goodware.engine | component registered: network
2026-09-28T01:10:20 | INFO    | goodware.engine | component registered: memory
2026-09-28T01:10:20 | INFO    | goodware.engine | component registered: config
2026-09-28T01:10:20 | INFO    | goodware.engine | component registered: behavior
2026-09-28T01:10:20 | INFO    | goodware.engine | component registered: quantum
2026-09-28T01:10:20 | INFO    | goodware.engine | component registered: filesystem
2026-09-28T01:10:20 | INFO    | goodware.engine | component registered: process
2026-09-28T01:10:20 | INFO    | goodware.engine | component registered: network
2026-09-28T01:10:20 | INFO    | goodware.engine | component registered: memory
2026-09-28T01:10:20 | INFO    | goodware.engine | component registered: config
2026-09-28T01:10:20 | INFO    | goodware.engine | component registered: behavior
2026-09-28T01:10:20 | INFO    | goodware.engine | component registered: quantum
2026-09-28T01:10:20 | INFO    | goodware.engine | component registered: filesystem
2026-09-28T01:10:20 | INFO    | goodware.engine | component registered: process
2026-09-28T01:10:20 | INFO    | goodware.engine | component registered: network
2026-09-28T01:10:20 | INFO    | goodware.engine | component registered: memory
2026-09-28T01:10:20 | INFO    | goodware.engine | component registered: config
2026-09-28T01:10:20 | INFO    | goodware.engine | component registered: behavior
2026-09-28T01:10:20 | INFO    | goodware.engine | component registered: quantum
2026-09-28T01:10:20 | INFO    | goodware.engine | component registered: filesystem
2026-09-28T01:10:20 | INFO    | goodware.engine | component registered: process
2026-09-28T01:10:20 | INFO    | goodware.engine | component registered: network
2026-09-28T01:10:20 | INFO    | goodware.engine | component registered: memory
2026-09-28T01:10:20 | INFO    | goodware.engine | component registered: config
2026-09-28T01:10:20 | INFO    | goodware.engine | component registered: behavior
2026-09-28T01:10:20 | INFO    | goodware.engine | component registered: quantum
2026-09-28T01:10:20 | INFO    | goodware.engine |   watching 2 paths: ['/etc', '/tmp']
2026-09-28T01:10:21 | INFO    | goodware.engine | component registered: filesystem
2026-09-28T01:10:21 | INFO    | goodware.engine | component registered: process
2026-09-28T01:10:21 | INFO    | goodware.engine | component registered: network
2026-09-28T01:10:21 | INFO    | goodware.engine | component registered: memory
2026-09-28T01:10:21 | INFO    | goodware.engine | component registered: config
2026-09-28T01:10:21 | INFO    | goodware.engine | component registered: behavior
2026-09-28T01:10:21 | INFO    | goodware.engine | component registered: quantum
2026-09-28T01:10:21 | INFO    | goodware.engine |   watching 2 paths: ['/etc', '/tmp']
2026-09-28T01:10:21 | INFO    | goodware.engine | ============================================================
2026-09-28T01:10:21 | INFO    | goodware.engine | Goodware v3.0 starting...
2026-09-28T01:10:21 | INFO    | goodware.engine |   node_id: None
2026-09-28T01:10:21 | INFO    | goodware.engine |   organization: None
2026-09-28T01:10:21 | INFO    | goodware.engine | ============================================================
2026-09-28T01:10:21 | INFO    | goodware.engine | Goodware stopped.
2026-09-28T01:10:21 | INFO    | goodware.engine | ============================================================
2026-09-28T01:10:21 | INFO    | goodware.engine | Goodware v3.0 starting...
2026-09-28T01:10:21 | INFO    | goodware.engine |   node_id: None
2026-09-28T01:10:21 | INFO    | goodware.engine |   organization: None
2026-09-28T01:10:21 | INFO    | goodware.engine | ============================================================
2026-09-28T01:10:21 | INFO    | goodware.engine | Goodware stopped.
2026-09-28T01:10:21 | INFO    | goodware.engine | ============================================================
2026-09-28T01:10:21 | INFO    | goodware.engine | Goodware v3.0 starting...
2026-09-28T01:10:21 | INFO    | goodware.engine |   node_id: None
2026-09-28T01:10:21 | INFO    | goodware.engine |   organization: None
2026-09-28T01:10:21 | INFO    | goodware.engine | ============================================================
2026-09-28T01:10:22 | INFO    | goodware.engine | Goodware stopped.
2026-09-28T01:10:22 | INFO    | goodware.engine | ============================================================
2026-09-28T01:10:22 | INFO    | goodware.engine | Goodware v3.0 starting...
2026-09-28T01:10:22 | INFO    | goodware.engine |   node_id: None
2026-09-28T01:10:22 | INFO    | goodware.engine |   organization: None
2026-09-28T01:10:22 | INFO    | goodware.engine | ============================================================
2026-09-28T01:10:22 | INFO    | goodware.engine | Goodware stopped.
2026-09-28T01:10:22 | INFO    | goodware.engine | ============================================================
2026-09-28T01:10:22 | INFO    | goodware.engine | Goodware v3.0 starting...
2026-09-28T01:10:22 | INFO    | goodware.engine |   node_id: None
2026-09-28T01:10:22 | INFO    | goodware.engine |   organization: None
2026-09-28T01:10:22 | INFO    | goodware.engine | ============================================================
2026-09-28T01:10:22 | INFO    | goodware.engine | Goodware stopped.
2026-09-28T01:10:22 | INFO    | goodware.engine | ============================================================
2026-09-28T01:10:22 | INFO    | goodware.engine | Goodware v3.0 starting...
2026-09-28T01:10:22 | INFO    | goodware.engine |   node_id: None
2026-09-28T01:10:22 | INFO    | goodware.engine |   organization: None
2026-09-28T01:10:22 | INFO    | goodware.engine | ============================================================
2026-09-28T01:10:23 | INFO    | goodware.engine | Goodware stopped.
2026-09-28T01:10:23 | INFO    | goodware.engine | ============================================================
2026-09-28T01:10:23 | INFO    | goodware.engine | Goodware v3.0 starting...
2026-09-28T01:10:23 | INFO    | goodware.engine |   node_id: None
2026-09-28T01:10:23 | INFO    | goodware.engine |   organization: None
2026-09-28T01:10:23 | INFO    | goodware.engine | ============================================================
2026-09-28T01:10:23 | INFO    | goodware.engine | Goodware stopped.
2026-09-28T01:10:23 | INFO    | goodware.engine | ============================================================
2026-09-28T01:10:23 | INFO    | goodware.engine | Goodware v3.0 starting...
2026-09-28T01:10:23 | INFO    | goodware.engine |   node_id: None
2026-09-28T01:10:23 | INFO    | goodware.engine |   organization: None
2026-09-28T01:10:23 | INFO    | goodware.engine | ============================================================
2026-09-28T01:10:23 | INFO    | goodware.engine | Goodware stopped.
2026-09-28T01:10:23 | INFO    | goodware.engine | ============================================================
2026-09-28T01:10:23 | INFO    | goodware.engine | Goodware v3.0 starting...
2026-09-28T01:10:23 | INFO    | goodware.engine |   node_id: None
2026-09-28T01:10:23 | INFO    | goodware.engine |   organization: None
2026-09-28T01:10:23 | INFO    | goodware.engine | ============================================================
2026-09-28T01:10:23 | INFO    | goodware.engine | Goodware stopped.
2026-09-28T01:10:23 | INFO    | goodware.engine | ============================================================
2026-09-28T01:10:23 | INFO    | goodware.engine | Goodware v3.0 starting...
2026-09-28T01:10:23 | INFO    | goodware.engine |   node_id: None
2026-09-28T01:10:23 | INFO    | goodware.engine |   organization: None
2026-09-28T01:10:23 | INFO    | goodware.engine | ============================================================
2026-09-28T01:10:23 | INFO    | goodware.engine | Goodware stopped.
2026-09-28T01:10:23 | INFO    | goodware.engine | ============================================================
2026-09-28T01:10:23 | INFO    | goodware.engine | Goodware v3.0 starting...
2026-09-28T01:10:24 | INFO    | goodware.engine |   node_id: None
2026-09-28T01:10:24 | INFO    | goodware.engine |   organization: None
2026-09-28T01:10:24 | INFO    | goodware.engine | ============================================================
2026-09-28T01:10:24 | INFO    | goodware.engine | Goodware stopped.
2026-09-28T01:10:24 | INFO    | goodware.engine | ============================================================
2026-09-28T01:10:24 | INFO    | goodware.engine | Goodware v3.0 starting...
2026-09-28T01:10:24 | INFO    | goodware.engine |   node_id: None
2026-09-28T01:10:24 | INFO    | goodware.engine |   organization: None
2026-09-28T01:10:24 | INFO    | goodware.engine | ============================================================
2026-09-28T01:10:24 | INFO    | goodware.engine | Goodware stopped.
2026-09-28T01:10:24 | INFO    | goodware.engine | ============================================================
2026-09-28T01:10:24 | INFO    | goodware.engine | Goodware v3.0 starting...
2026-09-28T01:10:24 | INFO    | goodware.engine |   node_id: None
2026-09-28T01:10:24 | INFO    | goodware.engine |   organization: None
2026-09-28T01:10:24 | INFO    | goodware.engine | ============================================================
2026-09-28T01:10:24 | INFO    | goodware.engine | Goodware stopped.
2026-09-28T01:10:24 | INFO    | goodware.engine | ============================================================
2026-09-28T01:10:24 | INFO    | goodware.engine | Goodware v3.0 starting...
2026-09-28T01:10:24 | INFO    | goodware.engine |   node_id: None
2026-09-28T01:10:24 | INFO    | goodware.engine |   organization: None
2026-09-28T01:10:24 | INFO    | goodware.engine | ============================================================
2026-09-28T01:10:24 | INFO    | goodware.engine | Goodware stopped.
2026-09-28T01:10:24 | INFO    | goodware.engine | ============================================================
2026-09-28T01:10:24 | INFO    | goodware.engine | Goodware v3.0 starting...
2026-09-28T01:10:24 | INFO    | goodware.engine |   node_id: None
2026-09-28T01:10:24 | INFO    | goodware.engine |   organization: None
2026-09-28T01:10:24 | INFO    | goodware.engine | ============================================================
2026-09-28T01:10:24 | INFO    | goodware.engine | Goodware stopped.
2026-09-28T01:10:24 | INFO    | goodware.engine | ============================================================
2026-09-28T01:10:24 | INFO    | goodware.engine | Goodware v3.0 starting...
2026-09-28T01:10:24 | INFO    | goodware.engine |   node_id: None
2026-09-28T01:10:24 | INFO    | goodware.engine |   organization: None
2026-09-28T01:10:24 | INFO    | goodware.engine | ============================================================
2026-09-28T01:10:24 | INFO    | goodware.engine | Goodware stopped.
2026-09-28T01:10:24 | INFO    | goodware.engine | ============================================================
2026-09-28T01:10:24 | INFO    | goodware.engine | Goodware v3.0 starting...
2026-09-28T01:10:24 | INFO    | goodware.engine |   node_id: None
2026-09-28T01:10:24 | INFO    | goodware.engine |   organization: None
2026-09-28T01:10:24 | INFO    | goodware.engine | ============================================================
2026-09-28T01:10:24 | INFO    | goodware.engine | Goodware stopped.
2026-09-28T01:10:24 | INFO    | goodware.engine | ============================================================
2026-09-28T01:10:24 | INFO    | goodware.engine | Goodware v3.0 starting...
2026-09-28T01:10:24 | INFO    | goodware.engine |   node_id: None
2026-09-28T01:10:24 | INFO    | goodware.engine |   organization: None
2026-09-28T01:10:24 | INFO    | goodware.engine | ============================================================
2026-09-28T01:10:24 | INFO    | goodware.engine | Goodware stopped.
2026-09-28T01:10:24 | INFO    | goodware.engine | ============================================================
2026-09-28T01:10:24 | INFO    | goodware.engine | Goodware v3.0 starting...
2026-09-28T01:10:24 | INFO    | goodware.engine |   node_id: None
2026-09-28T01:10:24 | INFO    | goodware.engine |   organization: None
2026-09-28T01:10:24 | INFO    | goodware.engine | ============================================================
2026-09-28T01:10:25 | INFO    | goodware.engine | Goodware stopped.
2026-09-28T01:10:25 | INFO    | goodware.engine | ============================================================
2026-09-28T01:10:25 | INFO    | goodware.engine | Goodware v3.0 starting...
2026-09-28T01:10:25 | INFO    | goodware.engine |   node_id: None
2026-09-28T01:10:25 | INFO    | goodware.engine |   organization: None
2026-09-28T01:10:25 | INFO    | goodware.engine | ============================================================
2026-09-28T01:10:25 | INFO    | goodware.engine | Goodware stopped.
2026-09-28T01:10:25 | INFO    | goodware.engine | ============================================================
2026-09-28T01:10:25 | INFO    | goodware.engine | Goodware v3.0 starting...
2026-09-28T01:10:25 | INFO    | goodware.engine |   node_id: None
2026-09-28T01:10:25 | INFO    | goodware.engine |   organization: None
2026-09-28T01:10:25 | INFO    | goodware.engine | ============================================================
2026-09-28T01:10:25 | INFO    | goodware.engine | Goodware stopped.
2026-09-28T01:10:26 | INFO    | goodware.engine | ============================================================
2026-09-28T01:10:26 | INFO    | goodware.engine | Goodware v3.0 starting...
2026-09-28T01:10:26 | INFO    | goodware.engine |   node_id: None
2026-09-28T01:10:26 | INFO    | goodware.engine |   organization: None
2026-09-28T01:10:26 | INFO    | goodware.engine | ============================================================
2026-09-28T01:10:26 | INFO    | goodware.engine | Goodware stopped.
2026-09-28T01:10:56 | INFO    | goodware.engine | component registered: filesystem
2026-09-28T01:10:56 | INFO    | goodware.engine | component registered: process
2026-09-28T01:10:56 | INFO    | goodware.engine | component registered: network
2026-09-28T01:10:56 | INFO    | goodware.engine | component registered: memory
2026-09-28T01:10:56 | INFO    | goodware.engine | component registered: config
2026-09-28T01:10:56 | INFO    | goodware.engine | component registered: behavior
2026-09-28T01:10:56 | INFO    | goodware.engine | component registered: quantum
2026-09-28T01:10:56 | INFO    | goodware.engine |   watching 4 paths: ['/etc', '/usr/local/bin', '/usr/bin', '/tmp']
2026-09-28T01:10:59 | INFO    | goodware.engine | component registered: threat
2026-09-28T01:10:59 | INFO    | goodware.engine | component registered: anomaly
2026-09-28T01:10:59 | INFO    | goodware.engine | component registered: simulator
2026-09-28T01:11:01 | INFO    | goodware.engine | component registered: federated-server
2026-09-28T01:11:01 | INFO    | goodware.engine | component registered: federated-client
2026-09-28T01:11:01 | INFO    | goodware.engine | federated server listening on 127.0.0.1:8443
2026-09-28T01:11:03 | INFO    | goodware.engine | component registered: decision-engine
2026-09-28T01:11:03 | INFO    | goodware.engine | component registered: adaptive
2026-09-28T01:11:03 | INFO    | goodware.engine | component registered: mutation
2026-09-28T01:11:03 | INFO    | goodware.engine | component registered: zero_day
2026-09-28T01:11:11 | INFO    | goodware.engine | component registered: decision-engine
2026-09-28T01:11:11 | INFO    | goodware.engine | component registered: adaptive
2026-09-28T01:11:11 | INFO    | goodware.engine | component registered: mutation
2026-09-28T01:11:11 | INFO    | goodware.engine | component registered: zero_day
2026-09-28T01:11:11 | INFO    | goodware.engine | component registered: crypto
2026-09-28T01:11:11 | INFO    | goodware.engine | component registered: human-factor
2026-09-28T01:11:11 | INFO    | goodware.engine | component registered: decision
2026-09-28T01:11:11 | INFO    | goodware.engine | component registered: effector
2026-09-28T01:11:11 | INFO    | goodware.engine | component registered: chainsaw
2026-09-28T01:11:14 | INFO    | goodware.engine | component registered: immune
2026-09-28T01:11:14 | INFO    | goodware.engine | component registered: physical
2026-09-28T01:11:14 | INFO    | goodware.engine | component registered: supply-chain
2026-09-28T01:11:18 | INFO    | goodware.engine | ============================================================
2026-09-28T01:11:18 | INFO    | goodware.engine | Goodware v3.0 starting...
2026-09-28T01:11:18 | INFO    | goodware.engine |   node_id: None
2026-09-28T01:11:18 | INFO    | goodware.engine |   organization: None
2026-09-28T01:11:18 | INFO    | goodware.engine | ============================================================
2026-09-28T01:11:18 | INFO    | goodware.engine | Goodware stopped.
2026-09-28T01:11:18 | INFO    | goodware.engine | ============================================================
2026-09-28T01:11:18 | INFO    | goodware.engine | Goodware v3.0 starting...
2026-09-28T01:11:18 | INFO    | goodware.engine |   node_id: None
2026-09-28T01:11:18 | INFO    | goodware.engine |   organization: None
2026-09-28T01:11:18 | INFO    | goodware.engine | ============================================================
2026-09-28T01:11:18 | INFO    | goodware.engine | Goodware stopped.
2026-09-28T01:11:18 | INFO    | goodware.engine | hunter2
2026-09-28T01:11:19 | INFO    | goodware.engine | component registered: dummy
2026-09-28T01:11:19 | INFO    | goodware.engine | test
2026-09-28T01:11:19 | WARNING | goodware.engine | warn
2026-09-28T01:11:19 | ERROR   | goodware.engine | err
2026-09-28T01:11:20 | INFO    | goodware.engine | component registered: with_attach
2026-09-28T01:11:20 | INFO    | goodware.engine | component registered: dummy
2026-09-28T01:11:20 | INFO    | goodware.engine | ============================================================
2026-09-28T01:11:20 | INFO    | goodware.engine | Goodware v3.0 starting...
2026-09-28T01:11:20 | INFO    | goodware.engine |   node_id: None
2026-09-28T01:11:20 | INFO    | goodware.engine |   organization: None
2026-09-28T01:11:20 | INFO    | goodware.engine | ============================================================
2026-09-28T01:11:20 | INFO    | goodware.engine |   ✓ dummy running
2026-09-28T01:11:20 | INFO    | goodware.engine | Goodware stopped.
2026-09-28T01:11:23 | INFO    | goodware.engine | component registered: threat
2026-09-28T01:11:23 | INFO    | goodware.engine | component registered: anomaly
2026-09-28T01:11:23 | INFO    | goodware.engine | component registered: simulator
2026-09-28T01:11:23 | INFO    | goodware.engine | component registered: filesystem
2026-09-28T01:11:23 | INFO    | goodware.engine | component registered: process
2026-09-28T01:11:23 | INFO    | goodware.engine | component registered: network
2026-09-28T01:11:23 | INFO    | goodware.engine | component registered: memory
2026-09-28T01:11:23 | INFO    | goodware.engine | component registered: config
2026-09-28T01:11:23 | INFO    | goodware.engine | component registered: behavior
2026-09-28T01:11:23 | INFO    | goodware.engine | component registered: quantum
2026-09-28T01:11:23 | INFO    | goodware.engine | component registered: filesystem
2026-09-28T01:11:23 | INFO    | goodware.engine | component registered: process
2026-09-28T01:11:23 | INFO    | goodware.engine | component registered: network
2026-09-28T01:11:23 | INFO    | goodware.engine | component registered: memory
2026-09-28T01:11:23 | INFO    | goodware.engine | component registered: config
2026-09-28T01:11:23 | INFO    | goodware.engine | component registered: behavior
2026-09-28T01:11:23 | INFO    | goodware.engine | component registered: quantum
2026-09-28T01:11:23 | INFO    | goodware.engine | component registered: filesystem
2026-09-28T01:11:23 | INFO    | goodware.engine | component registered: process
2026-09-28T01:11:23 | INFO    | goodware.engine | component registered: network
2026-09-28T01:11:23 | INFO    | goodware.engine | component registered: memory
2026-09-28T01:11:23 | INFO    | goodware.engine | component registered: config
2026-09-28T01:11:23 | INFO    | goodware.engine | component registered: behavior
2026-09-28T01:11:23 | INFO    | goodware.engine | component registered: quantum
2026-09-28T01:11:23 | INFO    | goodware.engine | component registered: filesystem
2026-09-28T01:11:23 | INFO    | goodware.engine | component registered: process
2026-09-28T01:11:23 | INFO    | goodware.engine | component registered: network
2026-09-28T01:11:23 | INFO    | goodware.engine | component registered: memory
2026-09-28T01:11:23 | INFO    | goodware.engine | component registered: config
2026-09-28T01:11:23 | INFO    | goodware.engine | component registered: behavior
2026-09-28T01:11:23 | INFO    | goodware.engine | component registered: quantum
2026-09-28T01:11:23 | INFO    | goodware.engine | component registered: filesystem
2026-09-28T01:11:23 | INFO    | goodware.engine | component registered: process
2026-09-28T01:11:23 | INFO    | goodware.engine | component registered: network
2026-09-28T01:11:23 | INFO    | goodware.engine | component registered: memory
2026-09-28T01:11:23 | INFO    | goodware.engine | component registered: config
2026-09-28T01:11:23 | INFO    | goodware.engine | component registered: behavior
2026-09-28T01:11:23 | INFO    | goodware.engine | component registered: quantum
2026-09-28T01:11:23 | INFO    | goodware.engine | component registered: filesystem
2026-09-28T01:11:23 | INFO    | goodware.engine | component registered: process
2026-09-28T01:11:23 | INFO    | goodware.engine | component registered: network
2026-09-28T01:11:23 | INFO    | goodware.engine | component registered: memory
2026-09-28T01:11:23 | INFO    | goodware.engine | component registered: config
2026-09-28T01:11:23 | INFO    | goodware.engine | component registered: behavior
2026-09-28T01:11:23 | INFO    | goodware.engine | component registered: quantum
2026-09-28T01:11:23 | INFO    | goodware.engine | component registered: filesystem
2026-09-28T01:11:23 | INFO    | goodware.engine | component registered: process
2026-09-28T01:11:23 | INFO    | goodware.engine | component registered: network
2026-09-28T01:11:23 | INFO    | goodware.engine | component registered: memory
2026-09-28T01:11:23 | INFO    | goodware.engine | component registered: config
2026-09-28T01:11:23 | INFO    | goodware.engine | component registered: behavior
2026-09-28T01:11:23 | INFO    | goodware.engine | component registered: quantum
2026-09-28T01:11:23 | INFO    | goodware.engine | component registered: filesystem
2026-09-28T01:11:23 | INFO    | goodware.engine | component registered: process
2026-09-28T01:11:23 | INFO    | goodware.engine | component registered: network
2026-09-28T01:11:23 | INFO    | goodware.engine | component registered: memory
2026-09-28T01:11:23 | INFO    | goodware.engine | component registered: config
2026-09-28T01:11:23 | INFO    | goodware.engine | component registered: behavior
2026-09-28T01:11:23 | INFO    | goodware.engine | component registered: quantum
2026-09-28T01:11:23 | INFO    | goodware.engine | component registered: filesystem
2026-09-28T01:11:23 | INFO    | goodware.engine | component registered: process
2026-09-28T01:11:23 | INFO    | goodware.engine | component registered: network
2026-09-28T01:11:23 | INFO    | goodware.engine | component registered: memory
2026-09-28T01:11:23 | INFO    | goodware.engine | component registered: config
2026-09-28T01:11:23 | INFO    | goodware.engine | component registered: behavior
2026-09-28T01:11:23 | INFO    | goodware.engine | component registered: quantum
2026-09-28T01:11:23 | INFO    | goodware.engine | component registered: filesystem
2026-09-28T01:11:23 | INFO    | goodware.engine | component registered: process
2026-09-28T01:11:23 | INFO    | goodware.engine | component registered: network
2026-09-28T01:11:23 | INFO    | goodware.engine | component registered: memory
2026-09-28T01:11:23 | INFO    | goodware.engine | component registered: config
2026-09-28T01:11:23 | INFO    | goodware.engine | component registered: behavior
2026-09-28T01:11:23 | INFO    | goodware.engine | component registered: quantum
2026-09-28T01:11:23 | INFO    | goodware.engine | component registered: filesystem
2026-09-28T01:11:23 | INFO    | goodware.engine | component registered: process
2026-09-28T01:11:23 | INFO    | goodware.engine | component registered: network
2026-09-28T01:11:23 | INFO    | goodware.engine | component registered: memory
2026-09-28T01:11:23 | INFO    | goodware.engine | component registered: config
2026-09-28T01:11:23 | INFO    | goodware.engine | component registered: behavior
2026-09-28T01:11:23 | INFO    | goodware.engine | component registered: quantum
2026-09-28T01:11:23 | INFO    | goodware.engine | component registered: filesystem
2026-09-28T01:11:23 | INFO    | goodware.engine | component registered: process
2026-09-28T01:11:23 | INFO    | goodware.engine | component registered: network
2026-09-28T01:11:23 | INFO    | goodware.engine | component registered: memory
2026-09-28T01:11:23 | INFO    | goodware.engine | component registered: config
2026-09-28T01:11:23 | INFO    | goodware.engine | component registered: behavior
2026-09-28T01:11:23 | INFO    | goodware.engine | component registered: quantum
2026-09-28T01:11:23 | INFO    | goodware.engine | component registered: filesystem
2026-09-28T01:11:23 | INFO    | goodware.engine | component registered: process
2026-09-28T01:11:23 | INFO    | goodware.engine | component registered: network
2026-09-28T01:11:23 | INFO    | goodware.engine | component registered: memory
2026-09-28T01:11:23 | INFO    | goodware.engine | component registered: config
2026-09-28T01:11:23 | INFO    | goodware.engine | component registered: behavior
2026-09-28T01:11:23 | INFO    | goodware.engine | component registered: quantum
2026-09-28T01:11:23 | INFO    | goodware.engine | component registered: filesystem
2026-09-28T01:11:23 | INFO    | goodware.engine | component registered: process
2026-09-28T01:11:23 | INFO    | goodware.engine | component registered: network
2026-09-28T01:11:23 | INFO    | goodware.engine | component registered: memory
2026-09-28T01:11:23 | INFO    | goodware.engine | component registered: config
2026-09-28T01:11:23 | INFO    | goodware.engine | component registered: behavior
2026-09-28T01:11:23 | INFO    | goodware.engine | component registered: quantum
2026-09-28T01:11:23 | INFO    | goodware.engine | component registered: filesystem
2026-09-28T01:11:23 | INFO    | goodware.engine | component registered: process
2026-09-28T01:11:23 | INFO    | goodware.engine | component registered: network
2026-09-28T01:11:23 | INFO    | goodware.engine | component registered: memory
2026-09-28T01:11:23 | INFO    | goodware.engine | component registered: config
2026-09-28T01:11:23 | INFO    | goodware.engine | component registered: behavior
2026-09-28T01:11:23 | INFO    | goodware.engine | component registered: quantum
2026-09-28T01:11:23 | INFO    | goodware.engine | component registered: filesystem
2026-09-28T01:11:23 | INFO    | goodware.engine | component registered: process
2026-09-28T01:11:23 | INFO    | goodware.engine | component registered: network
2026-09-28T01:11:23 | INFO    | goodware.engine | component registered: memory
2026-09-28T01:11:23 | INFO    | goodware.engine | component registered: config
2026-09-28T01:11:23 | INFO    | goodware.engine | component registered: behavior
2026-09-28T01:11:23 | INFO    | goodware.engine | component registered: quantum
2026-09-28T01:11:23 | INFO    | goodware.engine |   watching 2 paths: ['/etc', '/tmp']
2026-09-28T01:11:23 | INFO    | goodware.engine | component registered: filesystem
2026-09-28T01:11:23 | INFO    | goodware.engine | component registered: process
2026-09-28T01:11:23 | INFO    | goodware.engine | component registered: network
2026-09-28T01:11:23 | INFO    | goodware.engine | component registered: memory
2026-09-28T01:11:23 | INFO    | goodware.engine | component registered: config
2026-09-28T01:11:23 | INFO    | goodware.engine | component registered: behavior
2026-09-28T01:11:23 | INFO    | goodware.engine | component registered: quantum
2026-09-28T01:11:24 | INFO    | goodware.engine | component registered: filesystem
2026-09-28T01:11:24 | INFO    | goodware.engine | component registered: process
2026-09-28T01:11:24 | INFO    | goodware.engine | component registered: network
2026-09-28T01:11:24 | INFO    | goodware.engine | component registered: memory
2026-09-28T01:11:24 | INFO    | goodware.engine | component registered: config
2026-09-28T01:11:24 | INFO    | goodware.engine | component registered: behavior
2026-09-28T01:11:24 | INFO    | goodware.engine | component registered: quantum
2026-09-28T01:11:24 | INFO    | goodware.engine | component registered: filesystem
2026-09-28T01:11:24 | INFO    | goodware.engine | component registered: process
2026-09-28T01:11:24 | INFO    | goodware.engine | component registered: network
2026-09-28T01:11:24 | INFO    | goodware.engine | component registered: memory
2026-09-28T01:11:24 | INFO    | goodware.engine | component registered: config
2026-09-28T01:11:24 | INFO    | goodware.engine | component registered: behavior
2026-09-28T01:11:24 | INFO    | goodware.engine | component registered: quantum
2026-09-28T01:11:24 | INFO    | goodware.engine | component registered: filesystem
2026-09-28T01:11:24 | INFO    | goodware.engine | component registered: process
2026-09-28T01:11:24 | INFO    | goodware.engine | component registered: network
2026-09-28T01:11:24 | INFO    | goodware.engine | component registered: memory
2026-09-28T01:11:24 | INFO    | goodware.engine | component registered: config
2026-09-28T01:11:24 | INFO    | goodware.engine | component registered: behavior
2026-09-28T01:11:24 | INFO    | goodware.engine | component registered: quantum
2026-09-28T01:11:24 | INFO    | goodware.engine | component registered: filesystem
2026-09-28T01:11:24 | INFO    | goodware.engine | component registered: process
2026-09-28T01:11:24 | INFO    | goodware.engine | component registered: network
2026-09-28T01:11:24 | INFO    | goodware.engine | component registered: memory
2026-09-28T01:11:24 | INFO    | goodware.engine | component registered: config
2026-09-28T01:11:24 | INFO    | goodware.engine | component registered: behavior
2026-09-28T01:11:24 | INFO    | goodware.engine | component registered: quantum
2026-09-28T01:11:24 | INFO    | goodware.engine | component registered: filesystem
2026-09-28T01:11:24 | INFO    | goodware.engine | component registered: process
2026-09-28T01:11:24 | INFO    | goodware.engine | component registered: network
2026-09-28T01:11:24 | INFO    | goodware.engine | component registered: memory
2026-09-28T01:11:24 | INFO    | goodware.engine | component registered: config
2026-09-28T01:11:24 | INFO    | goodware.engine | component registered: behavior
2026-09-28T01:11:24 | INFO    | goodware.engine | component registered: quantum
2026-09-28T01:11:24 | INFO    | goodware.engine | component registered: filesystem
2026-09-28T01:11:24 | INFO    | goodware.engine | component registered: process
2026-09-28T01:11:24 | INFO    | goodware.engine | component registered: network
2026-09-28T01:11:24 | INFO    | goodware.engine | component registered: memory
2026-09-28T01:11:24 | INFO    | goodware.engine | component registered: config
2026-09-28T01:11:24 | INFO    | goodware.engine | component registered: behavior
2026-09-28T01:11:24 | INFO    | goodware.engine | component registered: quantum
2026-09-28T01:11:24 | INFO    | goodware.engine | component registered: filesystem
2026-09-28T01:11:24 | INFO    | goodware.engine | component registered: process
2026-09-28T01:11:24 | INFO    | goodware.engine | component registered: network
2026-09-28T01:11:24 | INFO    | goodware.engine | component registered: memory
2026-09-28T01:11:24 | INFO    | goodware.engine | component registered: config
2026-09-28T01:11:24 | INFO    | goodware.engine | component registered: behavior
2026-09-28T01:11:24 | INFO    | goodware.engine | component registered: quantum
2026-09-28T01:11:24 | INFO    | goodware.engine | component registered: filesystem
2026-09-28T01:11:24 | INFO    | goodware.engine | component registered: process
2026-09-28T01:11:24 | INFO    | goodware.engine | component registered: network
2026-09-28T01:11:24 | INFO    | goodware.engine | component registered: memory
2026-09-28T01:11:24 | INFO    | goodware.engine | component registered: config
2026-09-28T01:11:24 | INFO    | goodware.engine | component registered: behavior
2026-09-28T01:11:24 | INFO    | goodware.engine | component registered: quantum
2026-09-28T01:11:24 | INFO    | goodware.engine | component registered: filesystem
2026-09-28T01:11:24 | INFO    | goodware.engine | component registered: process
2026-09-28T01:11:24 | INFO    | goodware.engine | component registered: network
2026-09-28T01:11:24 | INFO    | goodware.engine | component registered: memory
2026-09-28T01:11:24 | INFO    | goodware.engine | component registered: config
2026-09-28T01:11:24 | INFO    | goodware.engine | component registered: behavior
2026-09-28T01:11:24 | INFO    | goodware.engine | component registered: quantum
2026-09-28T01:11:24 | INFO    | goodware.engine | component registered: filesystem
2026-09-28T01:11:24 | INFO    | goodware.engine | component registered: process
2026-09-28T01:11:24 | INFO    | goodware.engine | component registered: network
2026-09-28T01:11:24 | INFO    | goodware.engine | component registered: memory
2026-09-28T01:11:24 | INFO    | goodware.engine | component registered: config
2026-09-28T01:11:24 | INFO    | goodware.engine | component registered: behavior
2026-09-28T01:11:24 | INFO    | goodware.engine | component registered: quantum
2026-09-28T01:11:24 | INFO    | goodware.engine | component registered: filesystem
2026-09-28T01:11:24 | INFO    | goodware.engine | component registered: process
2026-09-28T01:11:24 | INFO    | goodware.engine | component registered: network
2026-09-28T01:11:24 | INFO    | goodware.engine | component registered: memory
2026-09-28T01:11:24 | INFO    | goodware.engine | component registered: config
2026-09-28T01:11:24 | INFO    | goodware.engine | component registered: behavior
2026-09-28T01:11:24 | INFO    | goodware.engine | component registered: quantum
2026-09-28T01:11:24 | INFO    | goodware.engine | component registered: filesystem
2026-09-28T01:11:24 | INFO    | goodware.engine | component registered: process
2026-09-28T01:11:24 | INFO    | goodware.engine | component registered: network
2026-09-28T01:11:24 | INFO    | goodware.engine | component registered: memory
2026-09-28T01:11:24 | INFO    | goodware.engine | component registered: config
2026-09-28T01:11:24 | INFO    | goodware.engine | component registered: behavior
2026-09-28T01:11:24 | INFO    | goodware.engine | component registered: quantum
2026-09-28T01:11:24 | INFO    | goodware.engine | component registered: filesystem
2026-09-28T01:11:24 | INFO    | goodware.engine | component registered: process
2026-09-28T01:11:24 | INFO    | goodware.engine | component registered: network
2026-09-28T01:11:24 | INFO    | goodware.engine | component registered: memory
2026-09-28T01:11:24 | INFO    | goodware.engine | component registered: config
2026-09-28T01:11:24 | INFO    | goodware.engine | component registered: behavior
2026-09-28T01:11:24 | INFO    | goodware.engine | component registered: quantum
2026-09-28T01:11:24 | INFO    | goodware.engine | component registered: filesystem
2026-09-28T01:11:24 | INFO    | goodware.engine | component registered: process
2026-09-28T01:11:24 | INFO    | goodware.engine | component registered: network
2026-09-28T01:11:24 | INFO    | goodware.engine | component registered: memory
2026-09-28T01:11:24 | INFO    | goodware.engine | component registered: config
2026-09-28T01:11:24 | INFO    | goodware.engine | component registered: behavior
2026-09-28T01:11:24 | INFO    | goodware.engine | component registered: quantum
2026-09-28T01:11:24 | INFO    | goodware.engine | component registered: filesystem
2026-09-28T01:11:24 | INFO    | goodware.engine | component registered: process
2026-09-28T01:11:24 | INFO    | goodware.engine | component registered: network
2026-09-28T01:11:24 | INFO    | goodware.engine | component registered: memory
2026-09-28T01:11:24 | INFO    | goodware.engine | component registered: config
2026-09-28T01:11:24 | INFO    | goodware.engine | component registered: behavior
2026-09-28T01:11:24 | INFO    | goodware.engine | component registered: quantum
2026-09-28T01:11:24 | INFO    | goodware.engine |   watching 2 paths: ['/etc', '/tmp']
2026-09-28T01:11:25 | INFO    | goodware.engine | component registered: filesystem
2026-09-28T01:11:25 | INFO    | goodware.engine | component registered: process
2026-09-28T01:11:25 | INFO    | goodware.engine | component registered: network
2026-09-28T01:11:25 | INFO    | goodware.engine | component registered: memory
2026-09-28T01:11:25 | INFO    | goodware.engine | component registered: config
2026-09-28T01:11:25 | INFO    | goodware.engine | component registered: behavior
2026-09-28T01:11:25 | INFO    | goodware.engine | component registered: quantum
2026-09-28T01:11:25 | INFO    | goodware.engine |   watching 2 paths: ['/etc', '/tmp']
2026-09-28T01:11:25 | INFO    | goodware.engine | ============================================================
2026-09-28T01:11:25 | INFO    | goodware.engine | Goodware v3.0 starting...
2026-09-28T01:11:25 | INFO    | goodware.engine |   node_id: None
2026-09-28T01:11:25 | INFO    | goodware.engine |   organization: None
2026-09-28T01:11:25 | INFO    | goodware.engine | ============================================================
2026-09-28T01:11:26 | INFO    | goodware.engine | Goodware stopped.
2026-09-28T01:11:26 | INFO    | goodware.engine | ============================================================
2026-09-28T01:11:26 | INFO    | goodware.engine | Goodware v3.0 starting...
2026-09-28T01:11:26 | INFO    | goodware.engine |   node_id: None
2026-09-28T01:11:26 | INFO    | goodware.engine |   organization: None
2026-09-28T01:11:26 | INFO    | goodware.engine | ============================================================
2026-09-28T01:11:26 | INFO    | goodware.engine | Goodware stopped.
2026-09-28T01:11:26 | INFO    | goodware.engine | ============================================================
2026-09-28T01:11:26 | INFO    | goodware.engine | Goodware v3.0 starting...
2026-09-28T01:11:26 | INFO    | goodware.engine |   node_id: None
2026-09-28T01:11:26 | INFO    | goodware.engine |   organization: None
2026-09-28T01:11:26 | INFO    | goodware.engine | ============================================================
2026-09-28T01:11:26 | INFO    | goodware.engine | Goodware stopped.
2026-09-28T01:11:26 | INFO    | goodware.engine | ============================================================
2026-09-28T01:11:26 | INFO    | goodware.engine | Goodware v3.0 starting...
2026-09-28T01:11:26 | INFO    | goodware.engine |   node_id: None
2026-09-28T01:11:26 | INFO    | goodware.engine |   organization: None
2026-09-28T01:11:26 | INFO    | goodware.engine | ============================================================
2026-09-28T01:11:27 | INFO    | goodware.engine | Goodware stopped.
2026-09-28T01:11:27 | INFO    | goodware.engine | ============================================================
2026-09-28T01:11:27 | INFO    | goodware.engine | Goodware v3.0 starting...
2026-09-28T01:11:27 | INFO    | goodware.engine |   node_id: None
2026-09-28T01:11:27 | INFO    | goodware.engine |   organization: None
2026-09-28T01:11:27 | INFO    | goodware.engine | ============================================================
2026-09-28T01:11:27 | INFO    | goodware.engine | Goodware stopped.
2026-09-28T01:11:27 | INFO    | goodware.engine | ============================================================
2026-09-28T01:11:27 | INFO    | goodware.engine | Goodware v3.0 starting...
2026-09-28T01:11:27 | INFO    | goodware.engine |   node_id: None
2026-09-28T01:11:27 | INFO    | goodware.engine |   organization: None
2026-09-28T01:11:27 | INFO    | goodware.engine | ============================================================
2026-09-28T01:11:27 | INFO    | goodware.engine | Goodware stopped.
2026-09-28T01:11:27 | INFO    | goodware.engine | ============================================================
2026-09-28T01:11:27 | INFO    | goodware.engine | Goodware v3.0 starting...
2026-09-28T01:11:27 | INFO    | goodware.engine |   node_id: None
2026-09-28T01:11:27 | INFO    | goodware.engine |   organization: None
2026-09-28T01:11:27 | INFO    | goodware.engine | ============================================================
2026-09-28T01:11:28 | INFO    | goodware.engine | Goodware stopped.
2026-09-28T01:11:28 | INFO    | goodware.engine | ============================================================
2026-09-28T01:11:28 | INFO    | goodware.engine | Goodware v3.0 starting...
2026-09-28T01:11:28 | INFO    | goodware.engine |   node_id: None
2026-09-28T01:11:28 | INFO    | goodware.engine |   organization: None
2026-09-28T01:11:28 | INFO    | goodware.engine | ============================================================
2026-09-28T01:11:28 | INFO    | goodware.engine | Goodware stopped.
2026-09-28T01:11:28 | INFO    | goodware.engine | ============================================================
2026-09-28T01:11:28 | INFO    | goodware.engine | Goodware v3.0 starting...
2026-09-28T01:11:28 | INFO    | goodware.engine |   node_id: None
2026-09-28T01:11:28 | INFO    | goodware.engine |   organization: None
2026-09-28T01:11:28 | INFO    | goodware.engine | ============================================================
2026-09-28T01:11:28 | INFO    | goodware.engine | Goodware stopped.
2026-09-28T01:11:28 | INFO    | goodware.engine | ============================================================
2026-09-28T01:11:28 | INFO    | goodware.engine | Goodware v3.0 starting...
2026-09-28T01:11:28 | INFO    | goodware.engine |   node_id: None
2026-09-28T01:11:28 | INFO    | goodware.engine |   organization: None
2026-09-28T01:11:28 | INFO    | goodware.engine | ============================================================
2026-09-28T01:11:28 | INFO    | goodware.engine | Goodware stopped.
2026-09-28T01:11:28 | INFO    | goodware.engine | ============================================================
2026-09-28T01:11:28 | INFO    | goodware.engine | Goodware v3.0 starting...
2026-09-28T01:11:28 | INFO    | goodware.engine |   node_id: None
2026-09-28T01:11:28 | INFO    | goodware.engine |   organization: None
2026-09-28T01:11:28 | INFO    | goodware.engine | ============================================================
2026-09-28T01:11:28 | INFO    | goodware.engine | Goodware stopped.
2026-09-28T01:11:28 | INFO    | goodware.engine | ============================================================
2026-09-28T01:11:28 | INFO    | goodware.engine | Goodware v3.0 starting...
2026-09-28T01:11:28 | INFO    | goodware.engine |   node_id: None
2026-09-28T01:11:28 | INFO    | goodware.engine |   organization: None
2026-09-28T01:11:28 | INFO    | goodware.engine | ============================================================
2026-09-28T01:11:29 | INFO    | goodware.engine | Goodware stopped.
2026-09-28T01:11:29 | INFO    | goodware.engine | ============================================================
2026-09-28T01:11:29 | INFO    | goodware.engine | Goodware v3.0 starting...
2026-09-28T01:11:29 | INFO    | goodware.engine |   node_id: None
2026-09-28T01:11:29 | INFO    | goodware.engine |   organization: None
2026-09-28T01:11:29 | INFO    | goodware.engine | ============================================================
2026-09-28T01:11:29 | INFO    | goodware.engine | Goodware stopped.
2026-09-28T01:11:29 | INFO    | goodware.engine | ============================================================
2026-09-28T01:11:29 | INFO    | goodware.engine | Goodware v3.0 starting...
2026-09-28T01:11:29 | INFO    | goodware.engine |   node_id: None
2026-09-28T01:11:29 | INFO    | goodware.engine |   organization: None
2026-09-28T01:11:29 | INFO    | goodware.engine | ============================================================
2026-09-28T01:11:29 | INFO    | goodware.engine | Goodware stopped.
2026-09-28T01:11:29 | INFO    | goodware.engine | ============================================================
2026-09-28T01:11:29 | INFO    | goodware.engine | Goodware v3.0 starting...
2026-09-28T01:11:29 | INFO    | goodware.engine |   node_id: None
2026-09-28T01:11:29 | INFO    | goodware.engine |   organization: None
2026-09-28T01:11:29 | INFO    | goodware.engine | ============================================================
2026-09-28T01:11:29 | INFO    | goodware.engine | Goodware stopped.
2026-09-28T01:11:29 | INFO    | goodware.engine | ============================================================
2026-09-28T01:11:29 | INFO    | goodware.engine | Goodware v3.0 starting...
2026-09-28T01:11:29 | INFO    | goodware.engine |   node_id: None
2026-09-28T01:11:29 | INFO    | goodware.engine |   organization: None
2026-09-28T01:11:29 | INFO    | goodware.engine | ============================================================
2026-09-28T01:11:29 | INFO    | goodware.engine | Goodware stopped.
2026-09-28T01:11:29 | INFO    | goodware.engine | ============================================================
2026-09-28T01:11:29 | INFO    | goodware.engine | Goodware v3.0 starting...
2026-09-28T01:11:29 | INFO    | goodware.engine |   node_id: None
2026-09-28T01:11:29 | INFO    | goodware.engine |   organization: None
2026-09-28T01:11:29 | INFO    | goodware.engine | ============================================================
2026-09-28T01:11:29 | INFO    | goodware.engine | Goodware stopped.
2026-09-28T01:11:29 | INFO    | goodware.engine | ============================================================
2026-09-28T01:11:29 | INFO    | goodware.engine | Goodware v3.0 starting...
2026-09-28T01:11:29 | INFO    | goodware.engine |   node_id: None
2026-09-28T01:11:29 | INFO    | goodware.engine |   organization: None
2026-09-28T01:11:29 | INFO    | goodware.engine | ============================================================
2026-09-28T01:11:29 | INFO    | goodware.engine | Goodware stopped.
2026-09-28T01:11:29 | INFO    | goodware.engine | ============================================================
2026-09-28T01:11:29 | INFO    | goodware.engine | Goodware v3.0 starting...
2026-09-28T01:11:29 | INFO    | goodware.engine |   node_id: None
2026-09-28T01:11:29 | INFO    | goodware.engine |   organization: None
2026-09-28T01:11:29 | INFO    | goodware.engine | ============================================================
2026-09-28T01:11:29 | INFO    | goodware.engine | Goodware stopped.
2026-09-28T01:11:29 | INFO    | goodware.engine | ============================================================
2026-09-28T01:11:29 | INFO    | goodware.engine | Goodware v3.0 starting...
2026-09-28T01:11:29 | INFO    | goodware.engine |   node_id: None
2026-09-28T01:11:29 | INFO    | goodware.engine |   organization: None
2026-09-28T01:11:30 | INFO    | goodware.engine | ============================================================
2026-09-28T01:11:30 | INFO    | goodware.engine | Goodware stopped.
2026-09-28T01:11:30 | INFO    | goodware.engine | ============================================================
2026-09-28T01:11:30 | INFO    | goodware.engine | Goodware v3.0 starting...
2026-09-28T01:11:30 | INFO    | goodware.engine |   node_id: None
2026-09-28T01:11:30 | INFO    | goodware.engine |   organization: None
2026-09-28T01:11:30 | INFO    | goodware.engine | ============================================================
2026-09-28T01:11:30 | INFO    | goodware.engine | Goodware stopped.
2026-09-28T01:11:30 | INFO    | goodware.engine | ============================================================
2026-09-28T01:11:30 | INFO    | goodware.engine | Goodware v3.0 starting...
2026-09-28T01:11:30 | INFO    | goodware.engine |   node_id: None
2026-09-28T01:11:30 | INFO    | goodware.engine |   organization: None
2026-09-28T01:11:30 | INFO    | goodware.engine | ============================================================
2026-09-28T01:11:31 | INFO    | goodware.engine | Goodware stopped.
2026-09-28T01:13:48 | INFO    | goodware.engine | component registered: filesystem
2026-09-28T01:13:48 | INFO    | goodware.engine | component registered: process
2026-09-28T01:13:48 | INFO    | goodware.engine | component registered: network
2026-09-28T01:13:48 | INFO    | goodware.engine | component registered: memory
2026-09-28T01:13:48 | INFO    | goodware.engine | component registered: config
2026-09-28T01:13:48 | INFO    | goodware.engine | component registered: behavior
2026-09-28T01:13:48 | INFO    | goodware.engine | component registered: quantum
2026-09-28T01:13:48 | INFO    | goodware.engine |   watching 4 paths: ['/etc', '/usr/local/bin', '/usr/bin', '/tmp']
2026-09-28T01:13:51 | INFO    | goodware.engine | component registered: threat
2026-09-28T01:13:51 | INFO    | goodware.engine | component registered: anomaly
2026-09-28T01:13:51 | INFO    | goodware.engine | component registered: simulator
2026-09-28T01:13:52 | INFO    | goodware.engine | component registered: federated-server
2026-09-28T01:13:52 | INFO    | goodware.engine | component registered: federated-client
2026-09-28T01:13:52 | INFO    | goodware.engine | federated server listening on 127.0.0.1:8443
2026-09-28T01:13:54 | INFO    | goodware.engine | component registered: decision-engine
2026-09-28T01:13:54 | INFO    | goodware.engine | component registered: adaptive
2026-09-28T01:13:54 | INFO    | goodware.engine | component registered: mutation
2026-09-28T01:13:54 | INFO    | goodware.engine | component registered: zero_day
2026-09-28T01:14:02 | INFO    | goodware.engine | component registered: decision-engine
2026-09-28T01:14:02 | INFO    | goodware.engine | component registered: adaptive
2026-09-28T01:14:02 | INFO    | goodware.engine | component registered: mutation
2026-09-28T01:14:02 | INFO    | goodware.engine | component registered: zero_day
2026-09-28T01:14:02 | INFO    | goodware.engine | component registered: crypto
2026-09-28T01:14:03 | INFO    | goodware.engine | component registered: human-factor
2026-09-28T01:14:03 | INFO    | goodware.engine | component registered: decision
2026-09-28T01:14:03 | INFO    | goodware.engine | component registered: effector
2026-09-28T01:14:03 | INFO    | goodware.engine | component registered: chainsaw
2026-09-28T01:14:05 | INFO    | goodware.engine | component registered: immune
2026-09-28T01:14:05 | INFO    | goodware.engine | component registered: physical
2026-09-28T01:14:05 | INFO    | goodware.engine | component registered: supply-chain
2026-09-28T01:14:09 | INFO    | goodware.engine | ============================================================
2026-09-28T01:14:09 | INFO    | goodware.engine | Goodware v3.0 starting...
2026-09-28T01:14:09 | INFO    | goodware.engine |   node_id: None
2026-09-28T01:14:09 | INFO    | goodware.engine |   organization: None
2026-09-28T01:14:09 | INFO    | goodware.engine | ============================================================
2026-09-28T01:14:09 | INFO    | goodware.engine | Goodware stopped.
2026-09-28T01:14:09 | INFO    | goodware.engine | ============================================================
2026-09-28T01:14:09 | INFO    | goodware.engine | Goodware v3.0 starting...
2026-09-28T01:14:09 | INFO    | goodware.engine |   node_id: None
2026-09-28T01:14:09 | INFO    | goodware.engine |   organization: None
2026-09-28T01:14:09 | INFO    | goodware.engine | ============================================================
2026-09-28T01:14:10 | INFO    | goodware.engine | Goodware stopped.
2026-09-28T01:14:10 | INFO    | goodware.engine | hunter2
2026-09-28T01:14:11 | INFO    | goodware.engine | component registered: dummy
2026-09-28T01:14:11 | INFO    | goodware.engine | test
2026-09-28T01:14:11 | WARNING | goodware.engine | warn
2026-09-28T01:14:11 | ERROR   | goodware.engine | err
2026-09-28T01:14:11 | INFO    | goodware.engine | component registered: with_attach
2026-09-28T01:14:12 | INFO    | goodware.engine | component registered: dummy
2026-09-28T01:14:12 | INFO    | goodware.engine | ============================================================
2026-09-28T01:14:12 | INFO    | goodware.engine | Goodware v3.0 starting...
2026-09-28T01:14:12 | INFO    | goodware.engine |   node_id: None
2026-09-28T01:14:12 | INFO    | goodware.engine |   organization: None
2026-09-28T01:14:12 | INFO    | goodware.engine | ============================================================
2026-09-28T01:14:12 | INFO    | goodware.engine |   ✓ dummy running
2026-09-28T01:14:12 | INFO    | goodware.engine | Goodware stopped.
2026-09-28T01:14:14 | INFO    | goodware.engine | component registered: threat
2026-09-28T01:14:14 | INFO    | goodware.engine | component registered: anomaly
2026-09-28T01:14:14 | INFO    | goodware.engine | component registered: simulator
2026-09-28T01:14:14 | INFO    | goodware.engine | component registered: filesystem
2026-09-28T01:14:14 | INFO    | goodware.engine | component registered: process
2026-09-28T01:14:14 | INFO    | goodware.engine | component registered: network
2026-09-28T01:14:14 | INFO    | goodware.engine | component registered: memory
2026-09-28T01:14:14 | INFO    | goodware.engine | component registered: config
2026-09-28T01:14:14 | INFO    | goodware.engine | component registered: behavior
2026-09-28T01:14:14 | INFO    | goodware.engine | component registered: quantum
2026-09-28T01:14:14 | INFO    | goodware.engine | component registered: filesystem
2026-09-28T01:14:14 | INFO    | goodware.engine | component registered: process
2026-09-28T01:14:14 | INFO    | goodware.engine | component registered: network
2026-09-28T01:14:14 | INFO    | goodware.engine | component registered: memory
2026-09-28T01:14:14 | INFO    | goodware.engine | component registered: config
2026-09-28T01:14:14 | INFO    | goodware.engine | component registered: behavior
2026-09-28T01:14:14 | INFO    | goodware.engine | component registered: quantum
2026-09-28T01:14:14 | INFO    | goodware.engine | component registered: filesystem
2026-09-28T01:14:14 | INFO    | goodware.engine | component registered: process
2026-09-28T01:14:14 | INFO    | goodware.engine | component registered: network
2026-09-28T01:14:14 | INFO    | goodware.engine | component registered: memory
2026-09-28T01:14:14 | INFO    | goodware.engine | component registered: config
2026-09-28T01:14:14 | INFO    | goodware.engine | component registered: behavior
2026-09-28T01:14:14 | INFO    | goodware.engine | component registered: quantum
2026-09-28T01:14:14 | INFO    | goodware.engine | component registered: filesystem
2026-09-28T01:14:14 | INFO    | goodware.engine | component registered: process
2026-09-28T01:14:14 | INFO    | goodware.engine | component registered: network
2026-09-28T01:14:14 | INFO    | goodware.engine | component registered: memory
2026-09-28T01:14:14 | INFO    | goodware.engine | component registered: config
2026-09-28T01:14:14 | INFO    | goodware.engine | component registered: behavior
2026-09-28T01:14:14 | INFO    | goodware.engine | component registered: quantum
2026-09-28T01:14:14 | INFO    | goodware.engine | component registered: filesystem
2026-09-28T01:14:14 | INFO    | goodware.engine | component registered: process
2026-09-28T01:14:14 | INFO    | goodware.engine | component registered: network
2026-09-28T01:14:14 | INFO    | goodware.engine | component registered: memory
2026-09-28T01:14:14 | INFO    | goodware.engine | component registered: config
2026-09-28T01:14:14 | INFO    | goodware.engine | component registered: behavior
2026-09-28T01:14:14 | INFO    | goodware.engine | component registered: quantum
2026-09-28T01:14:14 | INFO    | goodware.engine | component registered: filesystem
2026-09-28T01:14:14 | INFO    | goodware.engine | component registered: process
2026-09-28T01:14:14 | INFO    | goodware.engine | component registered: network
2026-09-28T01:14:14 | INFO    | goodware.engine | component registered: memory
2026-09-28T01:14:14 | INFO    | goodware.engine | component registered: config
2026-09-28T01:14:14 | INFO    | goodware.engine | component registered: behavior
2026-09-28T01:14:14 | INFO    | goodware.engine | component registered: quantum
2026-09-28T01:14:14 | INFO    | goodware.engine | component registered: filesystem
2026-09-28T01:14:14 | INFO    | goodware.engine | component registered: process
2026-09-28T01:14:14 | INFO    | goodware.engine | component registered: network
2026-09-28T01:14:14 | INFO    | goodware.engine | component registered: memory
2026-09-28T01:14:14 | INFO    | goodware.engine | component registered: config
2026-09-28T01:14:14 | INFO    | goodware.engine | component registered: behavior
2026-09-28T01:14:14 | INFO    | goodware.engine | component registered: quantum
2026-09-28T01:14:14 | INFO    | goodware.engine | component registered: filesystem
2026-09-28T01:14:14 | INFO    | goodware.engine | component registered: process
2026-09-28T01:14:14 | INFO    | goodware.engine | component registered: network
2026-09-28T01:14:14 | INFO    | goodware.engine | component registered: memory
2026-09-28T01:14:14 | INFO    | goodware.engine | component registered: config
2026-09-28T01:14:14 | INFO    | goodware.engine | component registered: behavior
2026-09-28T01:14:14 | INFO    | goodware.engine | component registered: quantum
2026-09-28T01:14:14 | INFO    | goodware.engine | component registered: filesystem
2026-09-28T01:14:14 | INFO    | goodware.engine | component registered: process
2026-09-28T01:14:14 | INFO    | goodware.engine | component registered: network
2026-09-28T01:14:14 | INFO    | goodware.engine | component registered: memory
2026-09-28T01:14:14 | INFO    | goodware.engine | component registered: config
2026-09-28T01:14:14 | INFO    | goodware.engine | component registered: behavior
2026-09-28T01:14:14 | INFO    | goodware.engine | component registered: quantum
2026-09-28T01:14:14 | INFO    | goodware.engine | component registered: filesystem
2026-09-28T01:14:14 | INFO    | goodware.engine | component registered: process
2026-09-28T01:14:14 | INFO    | goodware.engine | component registered: network
2026-09-28T01:14:14 | INFO    | goodware.engine | component registered: memory
2026-09-28T01:14:14 | INFO    | goodware.engine | component registered: config
2026-09-28T01:14:14 | INFO    | goodware.engine | component registered: behavior
2026-09-28T01:14:14 | INFO    | goodware.engine | component registered: quantum
2026-09-28T01:14:14 | INFO    | goodware.engine | component registered: filesystem
2026-09-28T01:14:14 | INFO    | goodware.engine | component registered: process
2026-09-28T01:14:14 | INFO    | goodware.engine | component registered: network
2026-09-28T01:14:14 | INFO    | goodware.engine | component registered: memory
2026-09-28T01:14:14 | INFO    | goodware.engine | component registered: config
2026-09-28T01:14:14 | INFO    | goodware.engine | component registered: behavior
2026-09-28T01:14:14 | INFO    | goodware.engine | component registered: quantum
2026-09-28T01:14:15 | INFO    | goodware.engine | component registered: filesystem
2026-09-28T01:14:15 | INFO    | goodware.engine | component registered: process
2026-09-28T01:14:15 | INFO    | goodware.engine | component registered: network
2026-09-28T01:14:15 | INFO    | goodware.engine | component registered: memory
2026-09-28T01:14:15 | INFO    | goodware.engine | component registered: config
2026-09-28T01:14:15 | INFO    | goodware.engine | component registered: behavior
2026-09-28T01:14:15 | INFO    | goodware.engine | component registered: quantum
2026-09-28T01:14:15 | INFO    | goodware.engine | component registered: filesystem
2026-09-28T01:14:15 | INFO    | goodware.engine | component registered: process
2026-09-28T01:14:15 | INFO    | goodware.engine | component registered: network
2026-09-28T01:14:15 | INFO    | goodware.engine | component registered: memory
2026-09-28T01:14:15 | INFO    | goodware.engine | component registered: config
2026-09-28T01:14:15 | INFO    | goodware.engine | component registered: behavior
2026-09-28T01:14:15 | INFO    | goodware.engine | component registered: quantum
2026-09-28T01:14:15 | INFO    | goodware.engine | component registered: filesystem
2026-09-28T01:14:15 | INFO    | goodware.engine | component registered: process
2026-09-28T01:14:15 | INFO    | goodware.engine | component registered: network
2026-09-28T01:14:15 | INFO    | goodware.engine | component registered: memory
2026-09-28T01:14:15 | INFO    | goodware.engine | component registered: config
2026-09-28T01:14:15 | INFO    | goodware.engine | component registered: behavior
2026-09-28T01:14:15 | INFO    | goodware.engine | component registered: quantum
2026-09-28T01:14:15 | INFO    | goodware.engine | component registered: filesystem
2026-09-28T01:14:15 | INFO    | goodware.engine | component registered: process
2026-09-28T01:14:15 | INFO    | goodware.engine | component registered: network
2026-09-28T01:14:15 | INFO    | goodware.engine | component registered: memory
2026-09-28T01:14:15 | INFO    | goodware.engine | component registered: config
2026-09-28T01:14:15 | INFO    | goodware.engine | component registered: behavior
2026-09-28T01:14:15 | INFO    | goodware.engine | component registered: quantum
2026-09-28T01:14:15 | INFO    | goodware.engine | component registered: filesystem
2026-09-28T01:14:15 | INFO    | goodware.engine | component registered: process
2026-09-28T01:14:15 | INFO    | goodware.engine | component registered: network
2026-09-28T01:14:15 | INFO    | goodware.engine | component registered: memory
2026-09-28T01:14:15 | INFO    | goodware.engine | component registered: config
2026-09-28T01:14:15 | INFO    | goodware.engine | component registered: behavior
2026-09-28T01:14:15 | INFO    | goodware.engine | component registered: quantum
2026-09-28T01:14:15 | INFO    | goodware.engine |   watching 2 paths: ['/etc', '/tmp']
2026-09-28T01:14:15 | INFO    | goodware.engine | component registered: filesystem
2026-09-28T01:14:15 | INFO    | goodware.engine | component registered: process
2026-09-28T01:14:15 | INFO    | goodware.engine | component registered: network
2026-09-28T01:14:15 | INFO    | goodware.engine | component registered: memory
2026-09-28T01:14:15 | INFO    | goodware.engine | component registered: config
2026-09-28T01:14:15 | INFO    | goodware.engine | component registered: behavior
2026-09-28T01:14:15 | INFO    | goodware.engine | component registered: quantum
2026-09-28T01:14:15 | INFO    | goodware.engine | component registered: filesystem
2026-09-28T01:14:15 | INFO    | goodware.engine | component registered: process
2026-09-28T01:14:15 | INFO    | goodware.engine | component registered: network
2026-09-28T01:14:15 | INFO    | goodware.engine | component registered: memory
2026-09-28T01:14:15 | INFO    | goodware.engine | component registered: config
2026-09-28T01:14:15 | INFO    | goodware.engine | component registered: behavior
2026-09-28T01:14:15 | INFO    | goodware.engine | component registered: quantum
2026-09-28T01:14:15 | INFO    | goodware.engine | component registered: filesystem
2026-09-28T01:14:15 | INFO    | goodware.engine | component registered: process
2026-09-28T01:14:15 | INFO    | goodware.engine | component registered: network
2026-09-28T01:14:15 | INFO    | goodware.engine | component registered: memory
2026-09-28T01:14:15 | INFO    | goodware.engine | component registered: config
2026-09-28T01:14:15 | INFO    | goodware.engine | component registered: behavior
2026-09-28T01:14:15 | INFO    | goodware.engine | component registered: quantum
2026-09-28T01:14:15 | INFO    | goodware.engine | component registered: filesystem
2026-09-28T01:14:15 | INFO    | goodware.engine | component registered: process
2026-09-28T01:14:15 | INFO    | goodware.engine | component registered: network
2026-09-28T01:14:15 | INFO    | goodware.engine | component registered: memory
2026-09-28T01:14:15 | INFO    | goodware.engine | component registered: config
2026-09-28T01:14:15 | INFO    | goodware.engine | component registered: behavior
2026-09-28T01:14:15 | INFO    | goodware.engine | component registered: quantum
2026-09-28T01:14:15 | INFO    | goodware.engine | component registered: filesystem
2026-09-28T01:14:15 | INFO    | goodware.engine | component registered: process
2026-09-28T01:14:15 | INFO    | goodware.engine | component registered: network
2026-09-28T01:14:15 | INFO    | goodware.engine | component registered: memory
2026-09-28T01:14:15 | INFO    | goodware.engine | component registered: config
2026-09-28T01:14:15 | INFO    | goodware.engine | component registered: behavior
2026-09-28T01:14:15 | INFO    | goodware.engine | component registered: quantum
2026-09-28T01:14:15 | INFO    | goodware.engine | component registered: filesystem
2026-09-28T01:14:15 | INFO    | goodware.engine | component registered: process
2026-09-28T01:14:15 | INFO    | goodware.engine | component registered: network
2026-09-28T01:14:15 | INFO    | goodware.engine | component registered: memory
2026-09-28T01:14:15 | INFO    | goodware.engine | component registered: config
2026-09-28T01:14:15 | INFO    | goodware.engine | component registered: behavior
2026-09-28T01:14:15 | INFO    | goodware.engine | component registered: quantum
2026-09-28T01:14:15 | INFO    | goodware.engine | component registered: filesystem
2026-09-28T01:14:15 | INFO    | goodware.engine | component registered: process
2026-09-28T01:14:15 | INFO    | goodware.engine | component registered: network
2026-09-28T01:14:15 | INFO    | goodware.engine | component registered: memory
2026-09-28T01:14:15 | INFO    | goodware.engine | component registered: config
2026-09-28T01:14:15 | INFO    | goodware.engine | component registered: behavior
2026-09-28T01:14:15 | INFO    | goodware.engine | component registered: quantum
2026-09-28T01:14:15 | INFO    | goodware.engine | component registered: filesystem
2026-09-28T01:14:15 | INFO    | goodware.engine | component registered: process
2026-09-28T01:14:15 | INFO    | goodware.engine | component registered: network
2026-09-28T01:14:15 | INFO    | goodware.engine | component registered: memory
2026-09-28T01:14:15 | INFO    | goodware.engine | component registered: config
2026-09-28T01:14:15 | INFO    | goodware.engine | component registered: behavior
2026-09-28T01:14:15 | INFO    | goodware.engine | component registered: quantum
2026-09-28T01:14:15 | INFO    | goodware.engine | component registered: filesystem
2026-09-28T01:14:15 | INFO    | goodware.engine | component registered: process
2026-09-28T01:14:15 | INFO    | goodware.engine | component registered: network
2026-09-28T01:14:15 | INFO    | goodware.engine | component registered: memory
2026-09-28T01:14:15 | INFO    | goodware.engine | component registered: config
2026-09-28T01:14:15 | INFO    | goodware.engine | component registered: behavior
2026-09-28T01:14:15 | INFO    | goodware.engine | component registered: quantum
2026-09-28T01:14:15 | INFO    | goodware.engine | component registered: filesystem
2026-09-28T01:14:15 | INFO    | goodware.engine | component registered: process
2026-09-28T01:14:15 | INFO    | goodware.engine | component registered: network
2026-09-28T01:14:16 | INFO    | goodware.engine | component registered: memory
2026-09-28T01:14:16 | INFO    | goodware.engine | component registered: config
2026-09-28T01:14:16 | INFO    | goodware.engine | component registered: behavior
2026-09-28T01:14:16 | INFO    | goodware.engine | component registered: quantum
2026-09-28T01:14:16 | INFO    | goodware.engine | component registered: filesystem
2026-09-28T01:14:16 | INFO    | goodware.engine | component registered: process
2026-09-28T01:14:16 | INFO    | goodware.engine | component registered: network
2026-09-28T01:14:16 | INFO    | goodware.engine | component registered: memory
2026-09-28T01:14:16 | INFO    | goodware.engine | component registered: config
2026-09-28T01:14:16 | INFO    | goodware.engine | component registered: behavior
2026-09-28T01:14:16 | INFO    | goodware.engine | component registered: quantum
2026-09-28T01:14:16 | INFO    | goodware.engine | component registered: filesystem
2026-09-28T01:14:16 | INFO    | goodware.engine | component registered: process
2026-09-28T01:14:16 | INFO    | goodware.engine | component registered: network
2026-09-28T01:14:16 | INFO    | goodware.engine | component registered: memory
2026-09-28T01:14:16 | INFO    | goodware.engine | component registered: config
2026-09-28T01:14:16 | INFO    | goodware.engine | component registered: behavior
2026-09-28T01:14:16 | INFO    | goodware.engine | component registered: quantum
2026-09-28T01:14:16 | INFO    | goodware.engine | component registered: filesystem
2026-09-28T01:14:16 | INFO    | goodware.engine | component registered: process
2026-09-28T01:14:16 | INFO    | goodware.engine | component registered: network
2026-09-28T01:14:16 | INFO    | goodware.engine | component registered: memory
2026-09-28T01:14:16 | INFO    | goodware.engine | component registered: config
2026-09-28T01:14:16 | INFO    | goodware.engine | component registered: behavior
2026-09-28T01:14:16 | INFO    | goodware.engine | component registered: quantum
2026-09-28T01:14:16 | INFO    | goodware.engine | component registered: filesystem
2026-09-28T01:14:16 | INFO    | goodware.engine | component registered: process
2026-09-28T01:14:16 | INFO    | goodware.engine | component registered: network
2026-09-28T01:14:16 | INFO    | goodware.engine | component registered: memory
2026-09-28T01:14:16 | INFO    | goodware.engine | component registered: config
2026-09-28T01:14:16 | INFO    | goodware.engine | component registered: behavior
2026-09-28T01:14:16 | INFO    | goodware.engine | component registered: quantum
2026-09-28T01:14:16 | INFO    | goodware.engine | component registered: filesystem
2026-09-28T01:14:16 | INFO    | goodware.engine | component registered: process
2026-09-28T01:14:16 | INFO    | goodware.engine | component registered: network
2026-09-28T01:14:16 | INFO    | goodware.engine | component registered: memory
2026-09-28T01:14:16 | INFO    | goodware.engine | component registered: config
2026-09-28T01:14:16 | INFO    | goodware.engine | component registered: behavior
2026-09-28T01:14:16 | INFO    | goodware.engine | component registered: quantum
2026-09-28T01:14:16 | INFO    | goodware.engine | component registered: filesystem
2026-09-28T01:14:16 | INFO    | goodware.engine | component registered: process
2026-09-28T01:14:16 | INFO    | goodware.engine | component registered: network
2026-09-28T01:14:16 | INFO    | goodware.engine | component registered: memory
2026-09-28T01:14:16 | INFO    | goodware.engine | component registered: config
2026-09-28T01:14:16 | INFO    | goodware.engine | component registered: behavior
2026-09-28T01:14:16 | INFO    | goodware.engine | component registered: quantum
2026-09-28T01:14:16 | INFO    | goodware.engine |   watching 2 paths: ['/etc', '/tmp']
2026-09-28T01:14:16 | INFO    | goodware.engine | component registered: filesystem
2026-09-28T01:14:16 | INFO    | goodware.engine | component registered: process
2026-09-28T01:14:16 | INFO    | goodware.engine | component registered: network
2026-09-28T01:14:16 | INFO    | goodware.engine | component registered: memory
2026-09-28T01:14:16 | INFO    | goodware.engine | component registered: config
2026-09-28T01:14:16 | INFO    | goodware.engine | component registered: behavior
2026-09-28T01:14:16 | INFO    | goodware.engine | component registered: quantum
2026-09-28T01:14:16 | INFO    | goodware.engine |   watching 2 paths: ['/etc', '/tmp']
2026-09-28T01:14:17 | INFO    | goodware.engine | ============================================================
2026-09-28T01:14:17 | INFO    | goodware.engine | Goodware v3.0 starting...
2026-09-28T01:14:17 | INFO    | goodware.engine |   node_id: None
2026-09-28T01:14:17 | INFO    | goodware.engine |   organization: None
2026-09-28T01:14:17 | INFO    | goodware.engine | ============================================================
2026-09-28T01:14:17 | INFO    | goodware.engine | Goodware stopped.
2026-09-28T01:14:17 | INFO    | goodware.engine | ============================================================
2026-09-28T01:14:17 | INFO    | goodware.engine | Goodware v3.0 starting...
2026-09-28T01:14:17 | INFO    | goodware.engine |   node_id: None
2026-09-28T01:14:17 | INFO    | goodware.engine |   organization: None
2026-09-28T01:14:17 | INFO    | goodware.engine | ============================================================
2026-09-28T01:14:17 | INFO    | goodware.engine | Goodware stopped.
2026-09-28T01:14:17 | INFO    | goodware.engine | ============================================================
2026-09-28T01:14:17 | INFO    | goodware.engine | Goodware v3.0 starting...
2026-09-28T01:14:17 | INFO    | goodware.engine |   node_id: None
2026-09-28T01:14:17 | INFO    | goodware.engine |   organization: None
2026-09-28T01:14:17 | INFO    | goodware.engine | ============================================================
2026-09-28T01:14:18 | INFO    | goodware.engine | Goodware stopped.
2026-09-28T01:14:18 | INFO    | goodware.engine | ============================================================
2026-09-28T01:14:18 | INFO    | goodware.engine | Goodware v3.0 starting...
2026-09-28T01:14:18 | INFO    | goodware.engine |   node_id: None
2026-09-28T01:14:18 | INFO    | goodware.engine |   organization: None
2026-09-28T01:14:18 | INFO    | goodware.engine | ============================================================
2026-09-28T01:14:19 | INFO    | goodware.engine | Goodware stopped.
2026-09-28T01:14:19 | INFO    | goodware.engine | ============================================================
2026-09-28T01:14:19 | INFO    | goodware.engine | Goodware v3.0 starting...
2026-09-28T01:14:19 | INFO    | goodware.engine |   node_id: None
2026-09-28T01:14:19 | INFO    | goodware.engine |   organization: None
2026-09-28T01:14:19 | INFO    | goodware.engine | ============================================================
2026-09-28T01:14:19 | INFO    | goodware.engine | Goodware stopped.
2026-09-28T01:14:19 | INFO    | goodware.engine | ============================================================
2026-09-28T01:14:19 | INFO    | goodware.engine | Goodware v3.0 starting...
2026-09-28T01:14:19 | INFO    | goodware.engine |   node_id: None
2026-09-28T01:14:19 | INFO    | goodware.engine |   organization: None
2026-09-28T01:14:19 | INFO    | goodware.engine | ============================================================
2026-09-28T01:14:19 | INFO    | goodware.engine | Goodware stopped.
2026-09-28T01:14:19 | INFO    | goodware.engine | ============================================================
2026-09-28T01:14:19 | INFO    | goodware.engine | Goodware v3.0 starting...
2026-09-28T01:14:19 | INFO    | goodware.engine |   node_id: None
2026-09-28T01:14:19 | INFO    | goodware.engine |   organization: None
2026-09-28T01:14:19 | INFO    | goodware.engine | ============================================================
2026-09-28T01:14:19 | INFO    | goodware.engine | Goodware stopped.
2026-09-28T01:14:19 | INFO    | goodware.engine | ============================================================
2026-09-28T01:14:19 | INFO    | goodware.engine | Goodware v3.0 starting...
2026-09-28T01:14:19 | INFO    | goodware.engine |   node_id: None
2026-09-28T01:14:19 | INFO    | goodware.engine |   organization: None
2026-09-28T01:14:19 | INFO    | goodware.engine | ============================================================
2026-09-28T01:14:19 | INFO    | goodware.engine | Goodware stopped.
2026-09-28T01:14:19 | INFO    | goodware.engine | ============================================================
2026-09-28T01:14:19 | INFO    | goodware.engine | Goodware v3.0 starting...
2026-09-28T01:14:19 | INFO    | goodware.engine |   node_id: None
2026-09-28T01:14:19 | INFO    | goodware.engine |   organization: None
2026-09-28T01:14:19 | INFO    | goodware.engine | ============================================================
2026-09-28T01:14:20 | INFO    | goodware.engine | Goodware stopped.
2026-09-28T01:14:20 | INFO    | goodware.engine | ============================================================
2026-09-28T01:14:20 | INFO    | goodware.engine | Goodware v3.0 starting...
2026-09-28T01:14:20 | INFO    | goodware.engine |   node_id: None
2026-09-28T01:14:20 | INFO    | goodware.engine |   organization: None
2026-09-28T01:14:20 | INFO    | goodware.engine | ============================================================
2026-09-28T01:14:20 | INFO    | goodware.engine | Goodware stopped.
2026-09-28T01:14:20 | INFO    | goodware.engine | ============================================================
2026-09-28T01:14:20 | INFO    | goodware.engine | Goodware v3.0 starting...
2026-09-28T01:14:20 | INFO    | goodware.engine |   node_id: None
2026-09-28T01:14:20 | INFO    | goodware.engine |   organization: None
2026-09-28T01:14:20 | INFO    | goodware.engine | ============================================================
2026-09-28T01:14:20 | INFO    | goodware.engine | Goodware stopped.
2026-09-28T01:14:20 | INFO    | goodware.engine | ============================================================
2026-09-28T01:14:20 | INFO    | goodware.engine | Goodware v3.0 starting...
2026-09-28T01:14:20 | INFO    | goodware.engine |   node_id: None
2026-09-28T01:14:20 | INFO    | goodware.engine |   organization: None
2026-09-28T01:14:20 | INFO    | goodware.engine | ============================================================
2026-09-28T01:14:20 | INFO    | goodware.engine | Goodware stopped.
2026-09-28T01:14:20 | INFO    | goodware.engine | ============================================================
2026-09-28T01:14:20 | INFO    | goodware.engine | Goodware v3.0 starting...
2026-09-28T01:14:20 | INFO    | goodware.engine |   node_id: None
2026-09-28T01:14:20 | INFO    | goodware.engine |   organization: None
2026-09-28T01:14:20 | INFO    | goodware.engine | ============================================================
2026-09-28T01:14:20 | INFO    | goodware.engine | Goodware stopped.
2026-09-28T01:14:20 | INFO    | goodware.engine | ============================================================
2026-09-28T01:14:20 | INFO    | goodware.engine | Goodware v3.0 starting...
2026-09-28T01:14:20 | INFO    | goodware.engine |   node_id: None
2026-09-28T01:14:20 | INFO    | goodware.engine |   organization: None
2026-09-28T01:14:20 | INFO    | goodware.engine | ============================================================
2026-09-28T01:14:20 | INFO    | goodware.engine | Goodware stopped.
2026-09-28T01:14:20 | INFO    | goodware.engine | ============================================================
2026-09-28T01:14:20 | INFO    | goodware.engine | Goodware v3.0 starting...
2026-09-28T01:14:20 | INFO    | goodware.engine |   node_id: None
2026-09-28T01:14:20 | INFO    | goodware.engine |   organization: None
2026-09-28T01:14:20 | INFO    | goodware.engine | ============================================================
2026-09-28T01:14:21 | INFO    | goodware.engine | Goodware stopped.
2026-09-28T01:14:21 | INFO    | goodware.engine | ============================================================
2026-09-28T01:14:21 | INFO    | goodware.engine | Goodware v3.0 starting...
2026-09-28T01:14:21 | INFO    | goodware.engine |   node_id: None
2026-09-28T01:14:21 | INFO    | goodware.engine |   organization: None
2026-09-28T01:14:21 | INFO    | goodware.engine | ============================================================
2026-09-28T01:14:21 | INFO    | goodware.engine | Goodware stopped.
2026-09-28T01:14:21 | INFO    | goodware.engine | ============================================================
2026-09-28T01:14:21 | INFO    | goodware.engine | Goodware v3.0 starting...
2026-09-28T01:14:21 | INFO    | goodware.engine |   node_id: None
2026-09-28T01:14:21 | INFO    | goodware.engine |   organization: None
2026-09-28T01:14:21 | INFO    | goodware.engine | ============================================================
2026-09-28T01:14:21 | INFO    | goodware.engine | Goodware stopped.
2026-09-28T01:14:21 | INFO    | goodware.engine | ============================================================
2026-09-28T01:14:21 | INFO    | goodware.engine | Goodware v3.0 starting...
2026-09-28T01:14:21 | INFO    | goodware.engine |   node_id: None
2026-09-28T01:14:21 | INFO    | goodware.engine |   organization: None
2026-09-28T01:14:21 | INFO    | goodware.engine | ============================================================
2026-09-28T01:14:21 | INFO    | goodware.engine | Goodware stopped.
2026-09-28T01:14:21 | INFO    | goodware.engine | ============================================================
2026-09-28T01:14:21 | INFO    | goodware.engine | Goodware v3.0 starting...
2026-09-28T01:14:21 | INFO    | goodware.engine |   node_id: None
2026-09-28T01:14:21 | INFO    | goodware.engine |   organization: None
2026-09-28T01:14:21 | INFO    | goodware.engine | ============================================================
2026-09-28T01:14:21 | INFO    | goodware.engine | Goodware stopped.
2026-09-28T01:14:21 | INFO    | goodware.engine | ============================================================
2026-09-28T01:14:21 | INFO    | goodware.engine | Goodware v3.0 starting...
2026-09-28T01:14:21 | INFO    | goodware.engine |   node_id: None
2026-09-28T01:14:21 | INFO    | goodware.engine |   organization: None
2026-09-28T01:14:21 | INFO    | goodware.engine | ============================================================
2026-09-28T01:14:21 | INFO    | goodware.engine | Goodware stopped.
2026-09-28T01:14:22 | INFO    | goodware.engine | ============================================================
2026-09-28T01:14:22 | INFO    | goodware.engine | Goodware v3.0 starting...
2026-09-28T01:14:22 | INFO    | goodware.engine |   node_id: None
2026-09-28T01:14:22 | INFO    | goodware.engine |   organization: None
2026-09-28T01:14:22 | INFO    | goodware.engine | ============================================================
2026-09-28T01:14:22 | INFO    | goodware.engine | Goodware stopped.
2026-09-28T01:14:22 | INFO    | goodware.engine | ============================================================
2026-09-28T01:14:22 | INFO    | goodware.engine | Goodware v3.0 starting...
2026-09-28T01:14:22 | INFO    | goodware.engine |   node_id: None
2026-09-28T01:14:22 | INFO    | goodware.engine |   organization: None
2026-09-28T01:14:22 | INFO    | goodware.engine | ============================================================
2026-09-28T01:14:22 | INFO    | goodware.engine | Goodware stopped.
2026-09-28T01:14:56 | INFO    | goodware.engine | component registered: filesystem
2026-09-28T01:14:56 | INFO    | goodware.engine | component registered: process
2026-09-28T01:14:56 | INFO    | goodware.engine | component registered: network
2026-09-28T01:14:56 | INFO    | goodware.engine | component registered: memory
2026-09-28T01:14:56 | INFO    | goodware.engine | component registered: config
2026-09-28T01:14:56 | INFO    | goodware.engine | component registered: behavior
2026-09-28T01:14:56 | INFO    | goodware.engine | component registered: quantum
2026-09-28T01:14:56 | INFO    | goodware.engine |   watching 4 paths: ['/etc', '/usr/local/bin', '/usr/bin', '/tmp']
2026-09-28T01:14:59 | INFO    | goodware.engine | component registered: threat
2026-09-28T01:14:59 | INFO    | goodware.engine | component registered: anomaly
2026-09-28T01:14:59 | INFO    | goodware.engine | component registered: simulator
2026-09-28T01:15:01 | INFO    | goodware.engine | component registered: federated-server
2026-09-28T01:15:01 | INFO    | goodware.engine | component registered: federated-client
2026-09-28T01:15:01 | INFO    | goodware.engine | federated server listening on 127.0.0.1:8443
2026-09-28T01:15:03 | INFO    | goodware.engine | component registered: decision-engine
2026-09-28T01:15:03 | INFO    | goodware.engine | component registered: adaptive
2026-09-28T01:15:03 | INFO    | goodware.engine | component registered: mutation
2026-09-28T01:15:03 | INFO    | goodware.engine | component registered: zero_day
2026-09-28T01:15:11 | INFO    | goodware.engine | component registered: decision-engine
2026-09-28T01:15:11 | INFO    | goodware.engine | component registered: adaptive
2026-09-28T01:15:11 | INFO    | goodware.engine | component registered: mutation
2026-09-28T01:15:11 | INFO    | goodware.engine | component registered: zero_day
2026-09-28T01:15:11 | INFO    | goodware.engine | component registered: crypto
2026-09-28T01:15:11 | INFO    | goodware.engine | component registered: human-factor
2026-09-28T01:15:11 | INFO    | goodware.engine | component registered: decision
2026-09-28T01:15:11 | INFO    | goodware.engine | component registered: effector
2026-09-28T01:15:11 | INFO    | goodware.engine | component registered: chainsaw
2026-09-28T01:15:14 | INFO    | goodware.engine | component registered: immune
2026-09-28T01:15:14 | INFO    | goodware.engine | component registered: physical
2026-09-28T01:15:15 | INFO    | goodware.engine | component registered: supply-chain
2026-09-28T01:15:18 | INFO    | goodware.engine | ============================================================
2026-09-28T01:15:18 | INFO    | goodware.engine | Goodware v3.0 starting...
2026-09-28T01:15:18 | INFO    | goodware.engine |   node_id: None
2026-09-28T01:15:18 | INFO    | goodware.engine |   organization: None
2026-09-28T01:15:18 | INFO    | goodware.engine | ============================================================
2026-09-28T01:15:18 | INFO    | goodware.engine | Goodware stopped.
2026-09-28T01:15:18 | INFO    | goodware.engine | ============================================================
2026-09-28T01:15:18 | INFO    | goodware.engine | Goodware v3.0 starting...
2026-09-28T01:15:18 | INFO    | goodware.engine |   node_id: None
2026-09-28T01:15:18 | INFO    | goodware.engine |   organization: None
2026-09-28T01:15:18 | INFO    | goodware.engine | ============================================================
2026-09-28T01:15:18 | INFO    | goodware.engine | Goodware stopped.
2026-09-28T01:15:19 | INFO    | goodware.engine | hunter2
2026-09-28T01:15:21 | INFO    | goodware.engine | component registered: dummy
2026-09-28T01:15:22 | INFO    | goodware.engine | test
2026-09-28T01:15:22 | WARNING | goodware.engine | warn
2026-09-28T01:15:22 | ERROR   | goodware.engine | err
2026-09-28T01:15:22 | INFO    | goodware.engine | component registered: with_attach
2026-09-28T01:15:22 | INFO    | goodware.engine | component registered: dummy
2026-09-28T01:15:22 | INFO    | goodware.engine | ============================================================
2026-09-28T01:15:22 | INFO    | goodware.engine | Goodware v3.0 starting...
2026-09-28T01:15:22 | INFO    | goodware.engine |   node_id: None
2026-09-28T01:15:22 | INFO    | goodware.engine |   organization: None
2026-09-28T01:15:22 | INFO    | goodware.engine | ============================================================
2026-09-28T01:15:23 | INFO    | goodware.engine |   ✓ dummy running
2026-09-28T01:15:23 | INFO    | goodware.engine | Goodware stopped.
2026-09-28T01:15:25 | INFO    | goodware.engine | component registered: threat
2026-09-28T01:15:25 | INFO    | goodware.engine | component registered: anomaly
2026-09-28T01:15:25 | INFO    | goodware.engine | component registered: simulator
2026-09-28T01:15:25 | INFO    | goodware.engine | component registered: filesystem
2026-09-28T01:15:25 | INFO    | goodware.engine | component registered: process
2026-09-28T01:15:25 | INFO    | goodware.engine | component registered: network
2026-09-28T01:15:25 | INFO    | goodware.engine | component registered: memory
2026-09-28T01:15:25 | INFO    | goodware.engine | component registered: config
2026-09-28T01:15:25 | INFO    | goodware.engine | component registered: behavior
2026-09-28T01:15:25 | INFO    | goodware.engine | component registered: quantum
2026-09-28T01:15:25 | INFO    | goodware.engine | component registered: filesystem
2026-09-28T01:15:25 | INFO    | goodware.engine | component registered: process
2026-09-28T01:15:25 | INFO    | goodware.engine | component registered: network
2026-09-28T01:15:25 | INFO    | goodware.engine | component registered: memory
2026-09-28T01:15:25 | INFO    | goodware.engine | component registered: config
2026-09-28T01:15:25 | INFO    | goodware.engine | component registered: behavior
2026-09-28T01:15:25 | INFO    | goodware.engine | component registered: quantum
2026-09-28T01:15:25 | INFO    | goodware.engine | component registered: filesystem
2026-09-28T01:15:25 | INFO    | goodware.engine | component registered: process
2026-09-28T01:15:25 | INFO    | goodware.engine | component registered: network
2026-09-28T01:15:25 | INFO    | goodware.engine | component registered: memory
2026-09-28T01:15:25 | INFO    | goodware.engine | component registered: config
2026-09-28T01:15:25 | INFO    | goodware.engine | component registered: behavior
2026-09-28T01:15:25 | INFO    | goodware.engine | component registered: quantum
2026-09-28T01:15:25 | INFO    | goodware.engine | component registered: filesystem
2026-09-28T01:15:25 | INFO    | goodware.engine | component registered: process
2026-09-28T01:15:25 | INFO    | goodware.engine | component registered: network
2026-09-28T01:15:25 | INFO    | goodware.engine | component registered: memory
2026-09-28T01:15:25 | INFO    | goodware.engine | component registered: config
2026-09-28T01:15:25 | INFO    | goodware.engine | component registered: behavior
2026-09-28T01:15:25 | INFO    | goodware.engine | component registered: quantum
2026-09-28T01:15:25 | INFO    | goodware.engine | component registered: filesystem
2026-09-28T01:15:25 | INFO    | goodware.engine | component registered: process
2026-09-28T01:15:25 | INFO    | goodware.engine | component registered: network
2026-09-28T01:15:25 | INFO    | goodware.engine | component registered: memory
2026-09-28T01:15:25 | INFO    | goodware.engine | component registered: config
2026-09-28T01:15:25 | INFO    | goodware.engine | component registered: behavior
2026-09-28T01:15:25 | INFO    | goodware.engine | component registered: quantum
2026-09-28T01:15:25 | INFO    | goodware.engine | component registered: filesystem
2026-09-28T01:15:25 | INFO    | goodware.engine | component registered: process
2026-09-28T01:15:25 | INFO    | goodware.engine | component registered: network
2026-09-28T01:15:25 | INFO    | goodware.engine | component registered: memory
2026-09-28T01:15:25 | INFO    | goodware.engine | component registered: config
2026-09-28T01:15:25 | INFO    | goodware.engine | component registered: behavior
2026-09-28T01:15:25 | INFO    | goodware.engine | component registered: quantum
2026-09-28T01:15:25 | INFO    | goodware.engine | component registered: filesystem
2026-09-28T01:15:25 | INFO    | goodware.engine | component registered: process
2026-09-28T01:15:25 | INFO    | goodware.engine | component registered: network
2026-09-28T01:15:25 | INFO    | goodware.engine | component registered: memory
2026-09-28T01:15:25 | INFO    | goodware.engine | component registered: config
2026-09-28T01:15:25 | INFO    | goodware.engine | component registered: behavior
2026-09-28T01:15:25 | INFO    | goodware.engine | component registered: quantum
2026-09-28T01:15:25 | INFO    | goodware.engine | component registered: filesystem
2026-09-28T01:15:25 | INFO    | goodware.engine | component registered: process
2026-09-28T01:15:25 | INFO    | goodware.engine | component registered: network
2026-09-28T01:15:25 | INFO    | goodware.engine | component registered: memory
2026-09-28T01:15:25 | INFO    | goodware.engine | component registered: config
2026-09-28T01:15:25 | INFO    | goodware.engine | component registered: behavior
2026-09-28T01:15:25 | INFO    | goodware.engine | component registered: quantum
2026-09-28T01:15:25 | INFO    | goodware.engine | component registered: filesystem
2026-09-28T01:15:25 | INFO    | goodware.engine | component registered: process
2026-09-28T01:15:25 | INFO    | goodware.engine | component registered: network
2026-09-28T01:15:25 | INFO    | goodware.engine | component registered: memory
2026-09-28T01:15:25 | INFO    | goodware.engine | component registered: config
2026-09-28T01:15:25 | INFO    | goodware.engine | component registered: behavior
2026-09-28T01:15:25 | INFO    | goodware.engine | component registered: quantum
2026-09-28T01:15:25 | INFO    | goodware.engine | component registered: filesystem
2026-09-28T01:15:25 | INFO    | goodware.engine | component registered: process
2026-09-28T01:15:25 | INFO    | goodware.engine | component registered: network
2026-09-28T01:15:25 | INFO    | goodware.engine | component registered: memory
2026-09-28T01:15:25 | INFO    | goodware.engine | component registered: config
2026-09-28T01:15:25 | INFO    | goodware.engine | component registered: behavior
2026-09-28T01:15:25 | INFO    | goodware.engine | component registered: quantum
2026-09-28T01:15:25 | INFO    | goodware.engine | component registered: filesystem
2026-09-28T01:15:25 | INFO    | goodware.engine | component registered: process
2026-09-28T01:15:25 | INFO    | goodware.engine | component registered: network
2026-09-28T01:15:25 | INFO    | goodware.engine | component registered: memory
2026-09-28T01:15:25 | INFO    | goodware.engine | component registered: config
2026-09-28T01:15:25 | INFO    | goodware.engine | component registered: behavior
2026-09-28T01:15:25 | INFO    | goodware.engine | component registered: quantum
2026-09-28T01:15:25 | INFO    | goodware.engine | component registered: filesystem
2026-09-28T01:15:25 | INFO    | goodware.engine | component registered: process
2026-09-28T01:15:25 | INFO    | goodware.engine | component registered: network
2026-09-28T01:15:25 | INFO    | goodware.engine | component registered: memory
2026-09-28T01:15:25 | INFO    | goodware.engine | component registered: config
2026-09-28T01:15:25 | INFO    | goodware.engine | component registered: behavior
2026-09-28T01:15:25 | INFO    | goodware.engine | component registered: quantum
2026-09-28T01:15:26 | INFO    | goodware.engine | component registered: filesystem
2026-09-28T01:15:26 | INFO    | goodware.engine | component registered: process
2026-09-28T01:15:26 | INFO    | goodware.engine | component registered: network
2026-09-28T01:15:26 | INFO    | goodware.engine | component registered: memory
2026-09-28T01:15:26 | INFO    | goodware.engine | component registered: config
2026-09-28T01:15:26 | INFO    | goodware.engine | component registered: behavior
2026-09-28T01:15:26 | INFO    | goodware.engine | component registered: quantum
2026-09-28T01:15:26 | INFO    | goodware.engine | component registered: filesystem
2026-09-28T01:15:26 | INFO    | goodware.engine | component registered: process
2026-09-28T01:15:26 | INFO    | goodware.engine | component registered: network
2026-09-28T01:15:26 | INFO    | goodware.engine | component registered: memory
2026-09-28T01:15:26 | INFO    | goodware.engine | component registered: config
2026-09-28T01:15:26 | INFO    | goodware.engine | component registered: behavior
2026-09-28T01:15:26 | INFO    | goodware.engine | component registered: quantum
2026-09-28T01:15:26 | INFO    | goodware.engine | component registered: filesystem
2026-09-28T01:15:26 | INFO    | goodware.engine | component registered: process
2026-09-28T01:15:26 | INFO    | goodware.engine | component registered: network
2026-09-28T01:15:26 | INFO    | goodware.engine | component registered: memory
2026-09-28T01:15:26 | INFO    | goodware.engine | component registered: config
2026-09-28T01:15:26 | INFO    | goodware.engine | component registered: behavior
2026-09-28T01:15:26 | INFO    | goodware.engine | component registered: quantum
2026-09-28T01:15:26 | INFO    | goodware.engine | component registered: filesystem
2026-09-28T01:15:26 | INFO    | goodware.engine | component registered: process
2026-09-28T01:15:26 | INFO    | goodware.engine | component registered: network
2026-09-28T01:15:26 | INFO    | goodware.engine | component registered: memory
2026-09-28T01:15:26 | INFO    | goodware.engine | component registered: config
2026-09-28T01:15:26 | INFO    | goodware.engine | component registered: behavior
2026-09-28T01:15:26 | INFO    | goodware.engine | component registered: quantum
2026-09-28T01:15:26 | INFO    | goodware.engine |   watching 2 paths: ['/etc', '/tmp']
2026-09-28T01:15:26 | INFO    | goodware.engine | component registered: filesystem
2026-09-28T01:15:26 | INFO    | goodware.engine | component registered: process
2026-09-28T01:15:26 | INFO    | goodware.engine | component registered: network
2026-09-28T01:15:26 | INFO    | goodware.engine | component registered: memory
2026-09-28T01:15:26 | INFO    | goodware.engine | component registered: config
2026-09-28T01:15:26 | INFO    | goodware.engine | component registered: behavior
2026-09-28T01:15:26 | INFO    | goodware.engine | component registered: quantum
2026-09-28T01:15:26 | INFO    | goodware.engine | component registered: filesystem
2026-09-28T01:15:26 | INFO    | goodware.engine | component registered: process
2026-09-28T01:15:26 | INFO    | goodware.engine | component registered: network
2026-09-28T01:15:26 | INFO    | goodware.engine | component registered: memory
2026-09-28T01:15:26 | INFO    | goodware.engine | component registered: config
2026-09-28T01:15:26 | INFO    | goodware.engine | component registered: behavior
2026-09-28T01:15:26 | INFO    | goodware.engine | component registered: quantum
2026-09-28T01:15:26 | INFO    | goodware.engine | component registered: filesystem
2026-09-28T01:15:26 | INFO    | goodware.engine | component registered: process
2026-09-28T01:15:26 | INFO    | goodware.engine | component registered: network
2026-09-28T01:15:26 | INFO    | goodware.engine | component registered: memory
2026-09-28T01:15:26 | INFO    | goodware.engine | component registered: config
2026-09-28T01:15:26 | INFO    | goodware.engine | component registered: behavior
2026-09-28T01:15:26 | INFO    | goodware.engine | component registered: quantum
2026-09-28T01:15:26 | INFO    | goodware.engine | component registered: filesystem
2026-09-28T01:15:26 | INFO    | goodware.engine | component registered: process
2026-09-28T01:15:26 | INFO    | goodware.engine | component registered: network
2026-09-28T01:15:26 | INFO    | goodware.engine | component registered: memory
2026-09-28T01:15:26 | INFO    | goodware.engine | component registered: config
2026-09-28T01:15:26 | INFO    | goodware.engine | component registered: behavior
2026-09-28T01:15:26 | INFO    | goodware.engine | component registered: quantum
2026-09-28T01:15:26 | INFO    | goodware.engine | component registered: filesystem
2026-09-28T01:15:26 | INFO    | goodware.engine | component registered: process
2026-09-28T01:15:26 | INFO    | goodware.engine | component registered: network
2026-09-28T01:15:26 | INFO    | goodware.engine | component registered: memory
2026-09-28T01:15:26 | INFO    | goodware.engine | component registered: config
2026-09-28T01:15:26 | INFO    | goodware.engine | component registered: behavior
2026-09-28T01:15:26 | INFO    | goodware.engine | component registered: quantum
2026-09-28T01:15:26 | INFO    | goodware.engine | component registered: filesystem
2026-09-28T01:15:26 | INFO    | goodware.engine | component registered: process
2026-09-28T01:15:26 | INFO    | goodware.engine | component registered: network
2026-09-28T01:15:26 | INFO    | goodware.engine | component registered: memory
2026-09-28T01:15:26 | INFO    | goodware.engine | component registered: config
2026-09-28T01:15:26 | INFO    | goodware.engine | component registered: behavior
2026-09-28T01:15:26 | INFO    | goodware.engine | component registered: quantum
2026-09-28T01:15:26 | INFO    | goodware.engine | component registered: filesystem
2026-09-28T01:15:26 | INFO    | goodware.engine | component registered: process
2026-09-28T01:15:26 | INFO    | goodware.engine | component registered: network
2026-09-28T01:15:26 | INFO    | goodware.engine | component registered: memory
2026-09-28T01:15:26 | INFO    | goodware.engine | component registered: config
2026-09-28T01:15:26 | INFO    | goodware.engine | component registered: behavior
2026-09-28T01:15:26 | INFO    | goodware.engine | component registered: quantum
2026-09-28T01:15:26 | INFO    | goodware.engine | component registered: filesystem
2026-09-28T01:15:26 | INFO    | goodware.engine | component registered: process
2026-09-28T01:15:26 | INFO    | goodware.engine | component registered: network
2026-09-28T01:15:26 | INFO    | goodware.engine | component registered: memory
2026-09-28T01:15:26 | INFO    | goodware.engine | component registered: config
2026-09-28T01:15:26 | INFO    | goodware.engine | component registered: behavior
2026-09-28T01:15:26 | INFO    | goodware.engine | component registered: quantum
2026-09-28T01:15:26 | INFO    | goodware.engine | component registered: filesystem
2026-09-28T01:15:26 | INFO    | goodware.engine | component registered: process
2026-09-28T01:15:26 | INFO    | goodware.engine | component registered: network
2026-09-28T01:15:26 | INFO    | goodware.engine | component registered: memory
2026-09-28T01:15:26 | INFO    | goodware.engine | component registered: config
2026-09-28T01:15:26 | INFO    | goodware.engine | component registered: behavior
2026-09-28T01:15:26 | INFO    | goodware.engine | component registered: quantum
2026-09-28T01:15:26 | INFO    | goodware.engine | component registered: filesystem
2026-09-28T01:15:26 | INFO    | goodware.engine | component registered: process
2026-09-28T01:15:26 | INFO    | goodware.engine | component registered: network
2026-09-28T01:15:26 | INFO    | goodware.engine | component registered: memory
2026-09-28T01:15:26 | INFO    | goodware.engine | component registered: config
2026-09-28T01:15:26 | INFO    | goodware.engine | component registered: behavior
2026-09-28T01:15:26 | INFO    | goodware.engine | component registered: quantum
2026-09-28T01:15:26 | INFO    | goodware.engine | component registered: filesystem
2026-09-28T01:15:26 | INFO    | goodware.engine | component registered: process
2026-09-28T01:15:26 | INFO    | goodware.engine | component registered: network
2026-09-28T01:15:26 | INFO    | goodware.engine | component registered: memory
2026-09-28T01:15:26 | INFO    | goodware.engine | component registered: config
2026-09-28T01:15:27 | INFO    | goodware.engine | component registered: behavior
2026-09-28T01:15:27 | INFO    | goodware.engine | component registered: quantum
2026-09-28T01:15:27 | INFO    | goodware.engine | component registered: filesystem
2026-09-28T01:15:27 | INFO    | goodware.engine | component registered: process
2026-09-28T01:15:27 | INFO    | goodware.engine | component registered: network
2026-09-28T01:15:27 | INFO    | goodware.engine | component registered: memory
2026-09-28T01:15:27 | INFO    | goodware.engine | component registered: config
2026-09-28T01:15:27 | INFO    | goodware.engine | component registered: behavior
2026-09-28T01:15:27 | INFO    | goodware.engine | component registered: quantum
2026-09-28T01:15:27 | INFO    | goodware.engine | component registered: filesystem
2026-09-28T01:15:27 | INFO    | goodware.engine | component registered: process
2026-09-28T01:15:27 | INFO    | goodware.engine | component registered: network
2026-09-28T01:15:27 | INFO    | goodware.engine | component registered: memory
2026-09-28T01:15:27 | INFO    | goodware.engine | component registered: config
2026-09-28T01:15:27 | INFO    | goodware.engine | component registered: behavior
2026-09-28T01:15:27 | INFO    | goodware.engine | component registered: quantum
2026-09-28T01:15:27 | INFO    | goodware.engine | component registered: filesystem
2026-09-28T01:15:27 | INFO    | goodware.engine | component registered: process
2026-09-28T01:15:27 | INFO    | goodware.engine | component registered: network
2026-09-28T01:15:27 | INFO    | goodware.engine | component registered: memory
2026-09-28T01:15:27 | INFO    | goodware.engine | component registered: config
2026-09-28T01:15:27 | INFO    | goodware.engine | component registered: behavior
2026-09-28T01:15:27 | INFO    | goodware.engine | component registered: quantum
2026-09-28T01:15:27 | INFO    | goodware.engine | component registered: filesystem
2026-09-28T01:15:27 | INFO    | goodware.engine | component registered: process
2026-09-28T01:15:27 | INFO    | goodware.engine | component registered: network
2026-09-28T01:15:27 | INFO    | goodware.engine | component registered: memory
2026-09-28T01:15:27 | INFO    | goodware.engine | component registered: config
2026-09-28T01:15:27 | INFO    | goodware.engine | component registered: behavior
2026-09-28T01:15:27 | INFO    | goodware.engine | component registered: quantum
2026-09-28T01:15:27 | INFO    | goodware.engine | component registered: filesystem
2026-09-28T01:15:27 | INFO    | goodware.engine | component registered: process
2026-09-28T01:15:27 | INFO    | goodware.engine | component registered: network
2026-09-28T01:15:27 | INFO    | goodware.engine | component registered: memory
2026-09-28T01:15:27 | INFO    | goodware.engine | component registered: config
2026-09-28T01:15:27 | INFO    | goodware.engine | component registered: behavior
2026-09-28T01:15:27 | INFO    | goodware.engine | component registered: quantum
2026-09-28T01:15:27 | INFO    | goodware.engine |   watching 2 paths: ['/etc', '/tmp']
2026-09-28T01:15:27 | INFO    | goodware.engine | component registered: filesystem
2026-09-28T01:15:27 | INFO    | goodware.engine | component registered: process
2026-09-28T01:15:27 | INFO    | goodware.engine | component registered: network
2026-09-28T01:15:27 | INFO    | goodware.engine | component registered: memory
2026-09-28T01:15:27 | INFO    | goodware.engine | component registered: config
2026-09-28T01:15:27 | INFO    | goodware.engine | component registered: behavior
2026-09-28T01:15:27 | INFO    | goodware.engine | component registered: quantum
2026-09-28T01:15:27 | INFO    | goodware.engine |   watching 2 paths: ['/etc', '/tmp']
2026-09-28T01:15:28 | INFO    | goodware.engine | ============================================================
2026-09-28T01:15:28 | INFO    | goodware.engine | Goodware v3.0 starting...
2026-09-28T01:15:28 | INFO    | goodware.engine |   node_id: None
2026-09-28T01:15:28 | INFO    | goodware.engine |   organization: None
2026-09-28T01:15:28 | INFO    | goodware.engine | ============================================================
2026-09-28T01:15:28 | INFO    | goodware.engine | Goodware stopped.
2026-09-28T01:15:28 | INFO    | goodware.engine | ============================================================
2026-09-28T01:15:28 | INFO    | goodware.engine | Goodware v3.0 starting...
2026-09-28T01:15:28 | INFO    | goodware.engine |   node_id: None
2026-09-28T01:15:28 | INFO    | goodware.engine |   organization: None
2026-09-28T01:15:28 | INFO    | goodware.engine | ============================================================
2026-09-28T01:15:28 | INFO    | goodware.engine | Goodware stopped.
2026-09-28T01:15:28 | INFO    | goodware.engine | ============================================================
2026-09-28T01:15:28 | INFO    | goodware.engine | Goodware v3.0 starting...
2026-09-28T01:15:28 | INFO    | goodware.engine |   node_id: None
2026-09-28T01:15:28 | INFO    | goodware.engine |   organization: None
2026-09-28T01:15:28 | INFO    | goodware.engine | ============================================================
2026-09-28T01:15:29 | INFO    | goodware.engine | Goodware stopped.
2026-09-28T01:15:29 | INFO    | goodware.engine | ============================================================
2026-09-28T01:15:29 | INFO    | goodware.engine | Goodware v3.0 starting...
2026-09-28T01:15:29 | INFO    | goodware.engine |   node_id: None
2026-09-28T01:15:29 | INFO    | goodware.engine |   organization: None
2026-09-28T01:15:29 | INFO    | goodware.engine | ============================================================
2026-09-28T01:15:29 | INFO    | goodware.engine | Goodware stopped.
2026-09-28T01:15:29 | INFO    | goodware.engine | ============================================================
2026-09-28T01:15:29 | INFO    | goodware.engine | Goodware v3.0 starting...
2026-09-28T01:15:29 | INFO    | goodware.engine |   node_id: None
2026-09-28T01:15:29 | INFO    | goodware.engine |   organization: None
2026-09-28T01:15:29 | INFO    | goodware.engine | ============================================================
2026-09-28T01:15:29 | INFO    | goodware.engine | Goodware stopped.
2026-09-28T01:15:29 | INFO    | goodware.engine | ============================================================
2026-09-28T01:15:29 | INFO    | goodware.engine | Goodware v3.0 starting...
2026-09-28T01:15:29 | INFO    | goodware.engine |   node_id: None
2026-09-28T01:15:29 | INFO    | goodware.engine |   organization: None
2026-09-28T01:15:29 | INFO    | goodware.engine | ============================================================
2026-09-28T01:15:29 | INFO    | goodware.engine | Goodware stopped.
2026-09-28T01:15:29 | INFO    | goodware.engine | ============================================================
2026-09-28T01:15:29 | INFO    | goodware.engine | Goodware v3.0 starting...
2026-09-28T01:15:29 | INFO    | goodware.engine |   node_id: None
2026-09-28T01:15:29 | INFO    | goodware.engine |   organization: None
2026-09-28T01:15:29 | INFO    | goodware.engine | ============================================================
2026-09-28T01:15:29 | INFO    | goodware.engine | Goodware stopped.
2026-09-28T01:15:29 | INFO    | goodware.engine | ============================================================
2026-09-28T01:15:29 | INFO    | goodware.engine | Goodware v3.0 starting...
2026-09-28T01:15:29 | INFO    | goodware.engine |   node_id: None
2026-09-28T01:15:29 | INFO    | goodware.engine |   organization: None
2026-09-28T01:15:29 | INFO    | goodware.engine | ============================================================
2026-09-28T01:15:30 | INFO    | goodware.engine | Goodware stopped.
2026-09-28T01:15:30 | INFO    | goodware.engine | ============================================================
2026-09-28T01:15:30 | INFO    | goodware.engine | Goodware v3.0 starting...
2026-09-28T01:15:30 | INFO    | goodware.engine |   node_id: None
2026-09-28T01:15:30 | INFO    | goodware.engine |   organization: None
2026-09-28T01:15:30 | INFO    | goodware.engine | ============================================================
2026-09-28T01:15:30 | INFO    | goodware.engine | Goodware stopped.
2026-09-28T01:15:30 | INFO    | goodware.engine | ============================================================
2026-09-28T01:15:30 | INFO    | goodware.engine | Goodware v3.0 starting...
2026-09-28T01:15:30 | INFO    | goodware.engine |   node_id: None
2026-09-28T01:15:30 | INFO    | goodware.engine |   organization: None
2026-09-28T01:15:30 | INFO    | goodware.engine | ============================================================
2026-09-28T01:15:30 | INFO    | goodware.engine | Goodware stopped.
2026-09-28T01:15:30 | INFO    | goodware.engine | ============================================================
2026-09-28T01:15:30 | INFO    | goodware.engine | Goodware v3.0 starting...
2026-09-28T01:15:30 | INFO    | goodware.engine |   node_id: None
2026-09-28T01:15:30 | INFO    | goodware.engine |   organization: None
2026-09-28T01:15:30 | INFO    | goodware.engine | ============================================================
2026-09-28T01:15:30 | INFO    | goodware.engine | Goodware stopped.
2026-09-28T01:15:30 | INFO    | goodware.engine | ============================================================
2026-09-28T01:15:30 | INFO    | goodware.engine | Goodware v3.0 starting...
2026-09-28T01:15:30 | INFO    | goodware.engine |   node_id: None
2026-09-28T01:15:30 | INFO    | goodware.engine |   organization: None
2026-09-28T01:15:30 | INFO    | goodware.engine | ============================================================
2026-09-28T01:15:31 | INFO    | goodware.engine | Goodware stopped.
2026-09-28T01:15:31 | INFO    | goodware.engine | ============================================================
2026-09-28T01:15:31 | INFO    | goodware.engine | Goodware v3.0 starting...
2026-09-28T01:15:31 | INFO    | goodware.engine |   node_id: None
2026-09-28T01:15:31 | INFO    | goodware.engine |   organization: None
2026-09-28T01:15:31 | INFO    | goodware.engine | ============================================================
2026-09-28T01:15:31 | INFO    | goodware.engine | Goodware stopped.
2026-09-28T01:15:31 | INFO    | goodware.engine | ============================================================
2026-09-28T01:15:31 | INFO    | goodware.engine | Goodware v3.0 starting...
2026-09-28T01:15:31 | INFO    | goodware.engine |   node_id: None
2026-09-28T01:15:31 | INFO    | goodware.engine |   organization: None
2026-09-28T01:15:31 | INFO    | goodware.engine | ============================================================
2026-09-28T01:15:31 | INFO    | goodware.engine | Goodware stopped.
2026-09-28T01:15:31 | INFO    | goodware.engine | ============================================================
2026-09-28T01:15:31 | INFO    | goodware.engine | Goodware v3.0 starting...
2026-09-28T01:15:31 | INFO    | goodware.engine |   node_id: None
2026-09-28T01:15:31 | INFO    | goodware.engine |   organization: None
2026-09-28T01:15:31 | INFO    | goodware.engine | ============================================================
2026-09-28T01:15:31 | INFO    | goodware.engine | Goodware stopped.
2026-09-28T01:15:31 | INFO    | goodware.engine | ============================================================
2026-09-28T01:15:31 | INFO    | goodware.engine | Goodware v3.0 starting...
2026-09-28T01:15:31 | INFO    | goodware.engine |   node_id: None
2026-09-28T01:15:31 | INFO    | goodware.engine |   organization: None
2026-09-28T01:15:31 | INFO    | goodware.engine | ============================================================
2026-09-28T01:15:31 | INFO    | goodware.engine | Goodware stopped.
2026-09-28T01:15:31 | INFO    | goodware.engine | ============================================================
2026-09-28T01:15:31 | INFO    | goodware.engine | Goodware v3.0 starting...
2026-09-28T01:15:31 | INFO    | goodware.engine |   node_id: None
2026-09-28T01:15:31 | INFO    | goodware.engine |   organization: None
2026-09-28T01:15:31 | INFO    | goodware.engine | ============================================================
2026-09-28T01:15:32 | INFO    | goodware.engine | Goodware stopped.
2026-09-28T01:15:32 | INFO    | goodware.engine | ============================================================
2026-09-28T01:15:32 | INFO    | goodware.engine | Goodware v3.0 starting...
2026-09-28T01:15:32 | INFO    | goodware.engine |   node_id: None
2026-09-28T01:15:32 | INFO    | goodware.engine |   organization: None
2026-09-28T01:15:32 | INFO    | goodware.engine | ============================================================
2026-09-28T01:15:32 | INFO    | goodware.engine | Goodware stopped.
2026-09-28T01:15:32 | INFO    | goodware.engine | ============================================================
2026-09-28T01:15:32 | INFO    | goodware.engine | Goodware v3.0 starting...
2026-09-28T01:15:32 | INFO    | goodware.engine |   node_id: None
2026-09-28T01:15:32 | INFO    | goodware.engine |   organization: None
2026-09-28T01:15:32 | INFO    | goodware.engine | ============================================================
2026-09-28T01:15:32 | INFO    | goodware.engine | Goodware stopped.
2026-09-28T01:15:32 | INFO    | goodware.engine | ============================================================
2026-09-28T01:15:32 | INFO    | goodware.engine | Goodware v3.0 starting...
2026-09-28T01:15:32 | INFO    | goodware.engine |   node_id: None
2026-09-28T01:15:32 | INFO    | goodware.engine |   organization: None
2026-09-28T01:15:32 | INFO    | goodware.engine | ============================================================
2026-09-28T01:15:32 | INFO    | goodware.engine | Goodware stopped.
2026-09-28T01:15:33 | INFO    | goodware.engine | ============================================================
2026-09-28T01:15:33 | INFO    | goodware.engine | Goodware v3.0 starting...
2026-09-28T01:15:33 | INFO    | goodware.engine |   node_id: None
2026-09-28T01:15:33 | INFO    | goodware.engine |   organization: None
2026-09-28T01:15:33 | INFO    | goodware.engine | ============================================================
2026-09-28T01:15:33 | INFO    | goodware.engine | Goodware stopped.
2026-09-28T01:15:33 | INFO    | goodware.engine | ============================================================
2026-09-28T01:15:33 | INFO    | goodware.engine | Goodware v3.0 starting...
2026-09-28T01:15:33 | INFO    | goodware.engine |   node_id: None
2026-09-28T01:15:33 | INFO    | goodware.engine |   organization: None
2026-09-28T01:15:33 | INFO    | goodware.engine | ============================================================
2026-09-28T01:15:33 | INFO    | goodware.engine | Goodware stopped.
2026-09-29T23:11:22 | INFO    | goodware.engine | component registered: filesystem
2026-09-29T23:11:22 | INFO    | goodware.engine | component registered: process
2026-09-29T23:11:22 | INFO    | goodware.engine | component registered: network
2026-09-29T23:11:22 | INFO    | goodware.engine | component registered: memory
2026-09-29T23:11:22 | INFO    | goodware.engine | component registered: config
2026-09-29T23:11:22 | INFO    | goodware.engine | component registered: behavior
2026-09-29T23:11:22 | INFO    | goodware.engine | component registered: quantum
2026-09-29T23:11:22 | INFO    | goodware.engine |   watching 4 paths: ['/etc', '/usr/local/bin', '/usr/bin', '/tmp']
2026-09-29T23:11:25 | INFO    | goodware.engine | component registered: threat
2026-09-29T23:11:25 | INFO    | goodware.engine | component registered: anomaly
2026-09-29T23:11:25 | INFO    | goodware.engine | component registered: simulator
2026-09-29T23:11:26 | INFO    | goodware.engine | component registered: federated-server
2026-09-29T23:11:26 | INFO    | goodware.engine | component registered: federated-client
2026-09-29T23:11:26 | INFO    | goodware.engine | federated server listening on 127.0.0.1:8443
2026-09-29T23:11:28 | INFO    | goodware.engine | component registered: decision-engine
2026-09-29T23:11:28 | INFO    | goodware.engine | component registered: adaptive
2026-09-29T23:11:28 | INFO    | goodware.engine | component registered: mutation
2026-09-29T23:11:28 | INFO    | goodware.engine | component registered: zero_day
2026-09-29T23:11:36 | INFO    | goodware.engine | component registered: decision-engine
2026-09-29T23:11:36 | INFO    | goodware.engine | component registered: adaptive
2026-09-29T23:11:36 | INFO    | goodware.engine | component registered: mutation
2026-09-29T23:11:36 | INFO    | goodware.engine | component registered: zero_day
2026-09-29T23:11:36 | INFO    | goodware.engine | component registered: crypto
2026-09-29T23:11:36 | INFO    | goodware.engine | component registered: human-factor
2026-09-29T23:11:36 | INFO    | goodware.engine | component registered: decision
2026-09-29T23:11:36 | INFO    | goodware.engine | component registered: effector
2026-09-29T23:11:36 | INFO    | goodware.engine | component registered: chainsaw
2026-09-29T23:11:39 | INFO    | goodware.engine | component registered: immune
2026-09-29T23:11:39 | INFO    | goodware.engine | component registered: physical
2026-09-29T23:11:39 | INFO    | goodware.engine | component registered: supply-chain
2026-09-29T23:11:43 | INFO    | goodware.engine | ============================================================
2026-09-29T23:11:43 | INFO    | goodware.engine | Goodware v3.0 starting...
2026-09-29T23:11:43 | INFO    | goodware.engine |   node_id: None
2026-09-29T23:11:43 | INFO    | goodware.engine |   organization: None
2026-09-29T23:11:43 | INFO    | goodware.engine | ============================================================
2026-09-29T23:11:43 | INFO    | goodware.engine | Goodware stopped.
2026-09-29T23:11:43 | INFO    | goodware.engine | ============================================================
2026-09-29T23:11:43 | INFO    | goodware.engine | Goodware v3.0 starting...
2026-09-29T23:11:43 | INFO    | goodware.engine |   node_id: None
2026-09-29T23:11:43 | INFO    | goodware.engine |   organization: None
2026-09-29T23:11:43 | INFO    | goodware.engine | ============================================================
2026-09-29T23:11:43 | INFO    | goodware.engine | Goodware stopped.
2026-09-29T23:11:44 | INFO    | goodware.engine | hunter2
2026-09-29T23:11:44 | INFO    | goodware.engine | component registered: dummy
2026-09-29T23:11:45 | INFO    | goodware.engine | test
2026-09-29T23:11:45 | WARNING | goodware.engine | warn
2026-09-29T23:11:45 | ERROR   | goodware.engine | err
2026-09-29T23:11:45 | INFO    | goodware.engine | component registered: with_attach
2026-09-29T23:11:45 | INFO    | goodware.engine | component registered: dummy
2026-09-29T23:11:45 | INFO    | goodware.engine | ============================================================
2026-09-29T23:11:45 | INFO    | goodware.engine | Goodware v3.0 starting...
2026-09-29T23:11:45 | INFO    | goodware.engine |   node_id: None
2026-09-29T23:11:45 | INFO    | goodware.engine |   organization: None
2026-09-29T23:11:45 | INFO    | goodware.engine | ============================================================
2026-09-29T23:11:45 | INFO    | goodware.engine |   ✓ dummy running
2026-09-29T23:11:45 | INFO    | goodware.engine | Goodware stopped.
2026-09-29T23:11:48 | INFO    | goodware.engine | component registered: threat
2026-09-29T23:11:48 | INFO    | goodware.engine | component registered: anomaly
2026-09-29T23:11:48 | INFO    | goodware.engine | component registered: simulator
2026-09-29T23:11:48 | INFO    | goodware.engine | component registered: filesystem
2026-09-29T23:11:48 | INFO    | goodware.engine | component registered: process
2026-09-29T23:11:48 | INFO    | goodware.engine | component registered: network
2026-09-29T23:11:48 | INFO    | goodware.engine | component registered: memory
2026-09-29T23:11:48 | INFO    | goodware.engine | component registered: config
2026-09-29T23:11:48 | INFO    | goodware.engine | component registered: behavior
2026-09-29T23:11:48 | INFO    | goodware.engine | component registered: quantum
2026-09-29T23:11:48 | INFO    | goodware.engine | component registered: filesystem
2026-09-29T23:11:48 | INFO    | goodware.engine | component registered: process
2026-09-29T23:11:48 | INFO    | goodware.engine | component registered: network
2026-09-29T23:11:48 | INFO    | goodware.engine | component registered: memory
2026-09-29T23:11:48 | INFO    | goodware.engine | component registered: config
2026-09-29T23:11:48 | INFO    | goodware.engine | component registered: behavior
2026-09-29T23:11:48 | INFO    | goodware.engine | component registered: quantum
2026-09-29T23:11:48 | INFO    | goodware.engine | component registered: filesystem
2026-09-29T23:11:48 | INFO    | goodware.engine | component registered: process
2026-09-29T23:11:48 | INFO    | goodware.engine | component registered: network
2026-09-29T23:11:48 | INFO    | goodware.engine | component registered: memory
2026-09-29T23:11:48 | INFO    | goodware.engine | component registered: config
2026-09-29T23:11:48 | INFO    | goodware.engine | component registered: behavior
2026-09-29T23:11:48 | INFO    | goodware.engine | component registered: quantum
2026-09-29T23:11:48 | INFO    | goodware.engine | component registered: filesystem
2026-09-29T23:11:48 | INFO    | goodware.engine | component registered: process
2026-09-29T23:11:48 | INFO    | goodware.engine | component registered: network
2026-09-29T23:11:48 | INFO    | goodware.engine | component registered: memory
2026-09-29T23:11:48 | INFO    | goodware.engine | component registered: config
2026-09-29T23:11:48 | INFO    | goodware.engine | component registered: behavior
2026-09-29T23:11:48 | INFO    | goodware.engine | component registered: quantum
2026-09-29T23:11:48 | INFO    | goodware.engine | component registered: filesystem
2026-09-29T23:11:48 | INFO    | goodware.engine | component registered: process
2026-09-29T23:11:48 | INFO    | goodware.engine | component registered: network
2026-09-29T23:11:48 | INFO    | goodware.engine | component registered: memory
2026-09-29T23:11:48 | INFO    | goodware.engine | component registered: config
2026-09-29T23:11:48 | INFO    | goodware.engine | component registered: behavior
2026-09-29T23:11:48 | INFO    | goodware.engine | component registered: quantum
2026-09-29T23:11:48 | INFO    | goodware.engine | component registered: filesystem
2026-09-29T23:11:48 | INFO    | goodware.engine | component registered: process
2026-09-29T23:11:48 | INFO    | goodware.engine | component registered: network
2026-09-29T23:11:48 | INFO    | goodware.engine | component registered: memory
2026-09-29T23:11:48 | INFO    | goodware.engine | component registered: config
2026-09-29T23:11:48 | INFO    | goodware.engine | component registered: behavior
2026-09-29T23:11:48 | INFO    | goodware.engine | component registered: quantum
2026-09-29T23:11:48 | INFO    | goodware.engine | component registered: filesystem
2026-09-29T23:11:48 | INFO    | goodware.engine | component registered: process
2026-09-29T23:11:48 | INFO    | goodware.engine | component registered: network
2026-09-29T23:11:48 | INFO    | goodware.engine | component registered: memory
2026-09-29T23:11:48 | INFO    | goodware.engine | component registered: config
2026-09-29T23:11:48 | INFO    | goodware.engine | component registered: behavior
2026-09-29T23:11:48 | INFO    | goodware.engine | component registered: quantum
2026-09-29T23:11:48 | INFO    | goodware.engine | component registered: filesystem
2026-09-29T23:11:48 | INFO    | goodware.engine | component registered: process
2026-09-29T23:11:48 | INFO    | goodware.engine | component registered: network
2026-09-29T23:11:48 | INFO    | goodware.engine | component registered: memory
2026-09-29T23:11:48 | INFO    | goodware.engine | component registered: config
2026-09-29T23:11:48 | INFO    | goodware.engine | component registered: behavior
2026-09-29T23:11:48 | INFO    | goodware.engine | component registered: quantum
2026-09-29T23:11:48 | INFO    | goodware.engine | component registered: filesystem
2026-09-29T23:11:48 | INFO    | goodware.engine | component registered: process
2026-09-29T23:11:48 | INFO    | goodware.engine | component registered: network
2026-09-29T23:11:48 | INFO    | goodware.engine | component registered: memory
2026-09-29T23:11:48 | INFO    | goodware.engine | component registered: config
2026-09-29T23:11:48 | INFO    | goodware.engine | component registered: behavior
2026-09-29T23:11:48 | INFO    | goodware.engine | component registered: quantum
2026-09-29T23:11:48 | INFO    | goodware.engine | component registered: filesystem
2026-09-29T23:11:48 | INFO    | goodware.engine | component registered: process
2026-09-29T23:11:48 | INFO    | goodware.engine | component registered: network
2026-09-29T23:11:48 | INFO    | goodware.engine | component registered: memory
2026-09-29T23:11:48 | INFO    | goodware.engine | component registered: config
2026-09-29T23:11:48 | INFO    | goodware.engine | component registered: behavior
2026-09-29T23:11:48 | INFO    | goodware.engine | component registered: quantum
2026-09-29T23:11:48 | INFO    | goodware.engine | component registered: filesystem
2026-09-29T23:11:48 | INFO    | goodware.engine | component registered: process
2026-09-29T23:11:48 | INFO    | goodware.engine | component registered: network
2026-09-29T23:11:48 | INFO    | goodware.engine | component registered: memory
2026-09-29T23:11:48 | INFO    | goodware.engine | component registered: config
2026-09-29T23:11:48 | INFO    | goodware.engine | component registered: behavior
2026-09-29T23:11:48 | INFO    | goodware.engine | component registered: quantum
2026-09-29T23:11:48 | INFO    | goodware.engine | component registered: filesystem
2026-09-29T23:11:48 | INFO    | goodware.engine | component registered: process
2026-09-29T23:11:48 | INFO    | goodware.engine | component registered: network
2026-09-29T23:11:48 | INFO    | goodware.engine | component registered: memory
2026-09-29T23:11:48 | INFO    | goodware.engine | component registered: config
2026-09-29T23:11:48 | INFO    | goodware.engine | component registered: behavior
2026-09-29T23:11:48 | INFO    | goodware.engine | component registered: quantum
2026-09-29T23:11:49 | INFO    | goodware.engine | component registered: filesystem
2026-09-29T23:11:49 | INFO    | goodware.engine | component registered: process
2026-09-29T23:11:49 | INFO    | goodware.engine | component registered: network
2026-09-29T23:11:49 | INFO    | goodware.engine | component registered: memory
2026-09-29T23:11:49 | INFO    | goodware.engine | component registered: config
2026-09-29T23:11:49 | INFO    | goodware.engine | component registered: behavior
2026-09-29T23:11:49 | INFO    | goodware.engine | component registered: quantum
2026-09-29T23:11:49 | INFO    | goodware.engine | component registered: filesystem
2026-09-29T23:11:49 | INFO    | goodware.engine | component registered: process
2026-09-29T23:11:49 | INFO    | goodware.engine | component registered: network
2026-09-29T23:11:49 | INFO    | goodware.engine | component registered: memory
2026-09-29T23:11:49 | INFO    | goodware.engine | component registered: config
2026-09-29T23:11:49 | INFO    | goodware.engine | component registered: behavior
2026-09-29T23:11:49 | INFO    | goodware.engine | component registered: quantum
2026-09-29T23:11:49 | INFO    | goodware.engine | component registered: filesystem
2026-09-29T23:11:49 | INFO    | goodware.engine | component registered: process
2026-09-29T23:11:49 | INFO    | goodware.engine | component registered: network
2026-09-29T23:11:49 | INFO    | goodware.engine | component registered: memory
2026-09-29T23:11:49 | INFO    | goodware.engine | component registered: config
2026-09-29T23:11:49 | INFO    | goodware.engine | component registered: behavior
2026-09-29T23:11:49 | INFO    | goodware.engine | component registered: quantum
2026-09-29T23:11:49 | INFO    | goodware.engine | component registered: filesystem
2026-09-29T23:11:49 | INFO    | goodware.engine | component registered: process
2026-09-29T23:11:49 | INFO    | goodware.engine | component registered: network
2026-09-29T23:11:49 | INFO    | goodware.engine | component registered: memory
2026-09-29T23:11:49 | INFO    | goodware.engine | component registered: config
2026-09-29T23:11:49 | INFO    | goodware.engine | component registered: behavior
2026-09-29T23:11:49 | INFO    | goodware.engine | component registered: quantum
2026-09-29T23:11:49 | INFO    | goodware.engine |   watching 2 paths: ['/etc', '/tmp']
2026-09-29T23:11:49 | INFO    | goodware.engine | component registered: filesystem
2026-09-29T23:11:49 | INFO    | goodware.engine | component registered: process
2026-09-29T23:11:49 | INFO    | goodware.engine | component registered: network
2026-09-29T23:11:49 | INFO    | goodware.engine | component registered: memory
2026-09-29T23:11:49 | INFO    | goodware.engine | component registered: config
2026-09-29T23:11:49 | INFO    | goodware.engine | component registered: behavior
2026-09-29T23:11:49 | INFO    | goodware.engine | component registered: quantum
2026-09-29T23:11:49 | INFO    | goodware.engine | component registered: filesystem
2026-09-29T23:11:49 | INFO    | goodware.engine | component registered: process
2026-09-29T23:11:49 | INFO    | goodware.engine | component registered: network
2026-09-29T23:11:49 | INFO    | goodware.engine | component registered: memory
2026-09-29T23:11:49 | INFO    | goodware.engine | component registered: config
2026-09-29T23:11:49 | INFO    | goodware.engine | component registered: behavior
2026-09-29T23:11:49 | INFO    | goodware.engine | component registered: quantum
2026-09-29T23:11:49 | INFO    | goodware.engine | component registered: filesystem
2026-09-29T23:11:49 | INFO    | goodware.engine | component registered: process
2026-09-29T23:11:49 | INFO    | goodware.engine | component registered: network
2026-09-29T23:11:49 | INFO    | goodware.engine | component registered: memory
2026-09-29T23:11:49 | INFO    | goodware.engine | component registered: config
2026-09-29T23:11:49 | INFO    | goodware.engine | component registered: behavior
2026-09-29T23:11:49 | INFO    | goodware.engine | component registered: quantum
2026-09-29T23:11:49 | INFO    | goodware.engine | component registered: filesystem
2026-09-29T23:11:49 | INFO    | goodware.engine | component registered: process
2026-09-29T23:11:49 | INFO    | goodware.engine | component registered: network
2026-09-29T23:11:49 | INFO    | goodware.engine | component registered: memory
2026-09-29T23:11:49 | INFO    | goodware.engine | component registered: config
2026-09-29T23:11:49 | INFO    | goodware.engine | component registered: behavior
2026-09-29T23:11:49 | INFO    | goodware.engine | component registered: quantum
2026-09-29T23:11:49 | INFO    | goodware.engine | component registered: filesystem
2026-09-29T23:11:49 | INFO    | goodware.engine | component registered: process
2026-09-29T23:11:49 | INFO    | goodware.engine | component registered: network
2026-09-29T23:11:49 | INFO    | goodware.engine | component registered: memory
2026-09-29T23:11:49 | INFO    | goodware.engine | component registered: config
2026-09-29T23:11:49 | INFO    | goodware.engine | component registered: behavior
2026-09-29T23:11:49 | INFO    | goodware.engine | component registered: quantum
2026-09-29T23:11:49 | INFO    | goodware.engine | component registered: filesystem
2026-09-29T23:11:49 | INFO    | goodware.engine | component registered: process
2026-09-29T23:11:49 | INFO    | goodware.engine | component registered: network
2026-09-29T23:11:49 | INFO    | goodware.engine | component registered: memory
2026-09-29T23:11:49 | INFO    | goodware.engine | component registered: config
2026-09-29T23:11:49 | INFO    | goodware.engine | component registered: behavior
2026-09-29T23:11:49 | INFO    | goodware.engine | component registered: quantum
2026-09-29T23:11:49 | INFO    | goodware.engine | component registered: filesystem
2026-09-29T23:11:49 | INFO    | goodware.engine | component registered: process
2026-09-29T23:11:49 | INFO    | goodware.engine | component registered: network
2026-09-29T23:11:49 | INFO    | goodware.engine | component registered: memory
2026-09-29T23:11:49 | INFO    | goodware.engine | component registered: config
2026-09-29T23:11:49 | INFO    | goodware.engine | component registered: behavior
2026-09-29T23:11:49 | INFO    | goodware.engine | component registered: quantum
2026-09-29T23:11:49 | INFO    | goodware.engine | component registered: filesystem
2026-09-29T23:11:49 | INFO    | goodware.engine | component registered: process
2026-09-29T23:11:49 | INFO    | goodware.engine | component registered: network
2026-09-29T23:11:49 | INFO    | goodware.engine | component registered: memory
2026-09-29T23:11:49 | INFO    | goodware.engine | component registered: config
2026-09-29T23:11:49 | INFO    | goodware.engine | component registered: behavior
2026-09-29T23:11:49 | INFO    | goodware.engine | component registered: quantum
2026-09-29T23:11:49 | INFO    | goodware.engine | component registered: filesystem
2026-09-29T23:11:49 | INFO    | goodware.engine | component registered: process
2026-09-29T23:11:49 | INFO    | goodware.engine | component registered: network
2026-09-29T23:11:49 | INFO    | goodware.engine | component registered: memory
2026-09-29T23:11:49 | INFO    | goodware.engine | component registered: config
2026-09-29T23:11:49 | INFO    | goodware.engine | component registered: behavior
2026-09-29T23:11:49 | INFO    | goodware.engine | component registered: quantum
2026-09-29T23:11:49 | INFO    | goodware.engine | component registered: filesystem
2026-09-29T23:11:49 | INFO    | goodware.engine | component registered: process
2026-09-29T23:11:49 | INFO    | goodware.engine | component registered: network
2026-09-29T23:11:49 | INFO    | goodware.engine | component registered: memory
2026-09-29T23:11:49 | INFO    | goodware.engine | component registered: config
2026-09-29T23:11:49 | INFO    | goodware.engine | component registered: behavior
2026-09-29T23:11:49 | INFO    | goodware.engine | component registered: quantum
2026-09-29T23:11:49 | INFO    | goodware.engine | component registered: filesystem
2026-09-29T23:11:49 | INFO    | goodware.engine | component registered: process
2026-09-29T23:11:49 | INFO    | goodware.engine | component registered: network
2026-09-29T23:11:49 | INFO    | goodware.engine | component registered: memory
2026-09-29T23:11:49 | INFO    | goodware.engine | component registered: config
2026-09-29T23:11:49 | INFO    | goodware.engine | component registered: behavior
2026-09-29T23:11:49 | INFO    | goodware.engine | component registered: quantum
2026-09-29T23:11:50 | INFO    | goodware.engine | component registered: filesystem
2026-09-29T23:11:50 | INFO    | goodware.engine | component registered: process
2026-09-29T23:11:50 | INFO    | goodware.engine | component registered: network
2026-09-29T23:11:50 | INFO    | goodware.engine | component registered: memory
2026-09-29T23:11:50 | INFO    | goodware.engine | component registered: config
2026-09-29T23:11:50 | INFO    | goodware.engine | component registered: behavior
2026-09-29T23:11:50 | INFO    | goodware.engine | component registered: quantum
2026-09-29T23:11:50 | INFO    | goodware.engine | component registered: filesystem
2026-09-29T23:11:50 | INFO    | goodware.engine | component registered: process
2026-09-29T23:11:50 | INFO    | goodware.engine | component registered: network
2026-09-29T23:11:50 | INFO    | goodware.engine | component registered: memory
2026-09-29T23:11:50 | INFO    | goodware.engine | component registered: config
2026-09-29T23:11:50 | INFO    | goodware.engine | component registered: behavior
2026-09-29T23:11:50 | INFO    | goodware.engine | component registered: quantum
2026-09-29T23:11:50 | INFO    | goodware.engine | component registered: filesystem
2026-09-29T23:11:50 | INFO    | goodware.engine | component registered: process
2026-09-29T23:11:50 | INFO    | goodware.engine | component registered: network
2026-09-29T23:11:50 | INFO    | goodware.engine | component registered: memory
2026-09-29T23:11:50 | INFO    | goodware.engine | component registered: config
2026-09-29T23:11:50 | INFO    | goodware.engine | component registered: behavior
2026-09-29T23:11:50 | INFO    | goodware.engine | component registered: quantum
2026-09-29T23:11:50 | INFO    | goodware.engine | component registered: filesystem
2026-09-29T23:11:50 | INFO    | goodware.engine | component registered: process
2026-09-29T23:11:50 | INFO    | goodware.engine | component registered: network
2026-09-29T23:11:50 | INFO    | goodware.engine | component registered: memory
2026-09-29T23:11:50 | INFO    | goodware.engine | component registered: config
2026-09-29T23:11:50 | INFO    | goodware.engine | component registered: behavior
2026-09-29T23:11:50 | INFO    | goodware.engine | component registered: quantum
2026-09-29T23:11:50 | INFO    | goodware.engine | component registered: filesystem
2026-09-29T23:11:50 | INFO    | goodware.engine | component registered: process
2026-09-29T23:11:50 | INFO    | goodware.engine | component registered: network
2026-09-29T23:11:50 | INFO    | goodware.engine | component registered: memory
2026-09-29T23:11:50 | INFO    | goodware.engine | component registered: config
2026-09-29T23:11:50 | INFO    | goodware.engine | component registered: behavior
2026-09-29T23:11:50 | INFO    | goodware.engine | component registered: quantum
2026-09-29T23:11:50 | INFO    | goodware.engine |   watching 2 paths: ['/etc', '/tmp']
2026-09-29T23:11:50 | INFO    | goodware.engine | component registered: filesystem
2026-09-29T23:11:50 | INFO    | goodware.engine | component registered: process
2026-09-29T23:11:50 | INFO    | goodware.engine | component registered: network
2026-09-29T23:11:50 | INFO    | goodware.engine | component registered: memory
2026-09-29T23:11:50 | INFO    | goodware.engine | component registered: config
2026-09-29T23:11:50 | INFO    | goodware.engine | component registered: behavior
2026-09-29T23:11:50 | INFO    | goodware.engine | component registered: quantum
2026-09-29T23:11:50 | INFO    | goodware.engine |   watching 2 paths: ['/etc', '/tmp']
2026-09-29T23:11:51 | INFO    | goodware.engine | ============================================================
2026-09-29T23:11:51 | INFO    | goodware.engine | Goodware v3.0 starting...
2026-09-29T23:11:51 | INFO    | goodware.engine |   node_id: None
2026-09-29T23:11:51 | INFO    | goodware.engine |   organization: None
2026-09-29T23:11:51 | INFO    | goodware.engine | ============================================================
2026-09-29T23:11:52 | INFO    | goodware.engine | Goodware stopped.
2026-09-29T23:11:52 | INFO    | goodware.engine | ============================================================
2026-09-29T23:11:52 | INFO    | goodware.engine | Goodware v3.0 starting...
2026-09-29T23:11:52 | INFO    | goodware.engine |   node_id: None
2026-09-29T23:11:52 | INFO    | goodware.engine |   organization: None
2026-09-29T23:11:52 | INFO    | goodware.engine | ============================================================
2026-09-29T23:11:52 | INFO    | goodware.engine | Goodware stopped.
2026-09-29T23:11:52 | INFO    | goodware.engine | ============================================================
2026-09-29T23:11:52 | INFO    | goodware.engine | Goodware v3.0 starting...
2026-09-29T23:11:52 | INFO    | goodware.engine |   node_id: None
2026-09-29T23:11:52 | INFO    | goodware.engine |   organization: None
2026-09-29T23:11:52 | INFO    | goodware.engine | ============================================================
2026-09-29T23:11:52 | INFO    | goodware.engine | Goodware stopped.
2026-09-29T23:11:52 | INFO    | goodware.engine | ============================================================
2026-09-29T23:11:52 | INFO    | goodware.engine | Goodware v3.0 starting...
2026-09-29T23:11:52 | INFO    | goodware.engine |   node_id: None
2026-09-29T23:11:52 | INFO    | goodware.engine |   organization: None
2026-09-29T23:11:52 | INFO    | goodware.engine | ============================================================
2026-09-29T23:11:53 | INFO    | goodware.engine | Goodware stopped.
2026-09-29T23:11:53 | INFO    | goodware.engine | ============================================================
2026-09-29T23:11:53 | INFO    | goodware.engine | Goodware v3.0 starting...
2026-09-29T23:11:53 | INFO    | goodware.engine |   node_id: None
2026-09-29T23:11:53 | INFO    | goodware.engine |   organization: None
2026-09-29T23:11:53 | INFO    | goodware.engine | ============================================================
2026-09-29T23:11:53 | INFO    | goodware.engine | Goodware stopped.
2026-09-29T23:11:53 | INFO    | goodware.engine | ============================================================
2026-09-29T23:11:53 | INFO    | goodware.engine | Goodware v3.0 starting...
2026-09-29T23:11:53 | INFO    | goodware.engine |   node_id: None
2026-09-29T23:11:53 | INFO    | goodware.engine |   organization: None
2026-09-29T23:11:53 | INFO    | goodware.engine | ============================================================
2026-09-29T23:11:53 | INFO    | goodware.engine | Goodware stopped.
2026-09-29T23:11:53 | INFO    | goodware.engine | ============================================================
2026-09-29T23:11:53 | INFO    | goodware.engine | Goodware v3.0 starting...
2026-09-29T23:11:53 | INFO    | goodware.engine |   node_id: None
2026-09-29T23:11:53 | INFO    | goodware.engine |   organization: None
2026-09-29T23:11:53 | INFO    | goodware.engine | ============================================================
2026-09-29T23:11:53 | INFO    | goodware.engine | Goodware stopped.
2026-09-29T23:11:53 | INFO    | goodware.engine | ============================================================
2026-09-29T23:11:53 | INFO    | goodware.engine | Goodware v3.0 starting...
2026-09-29T23:11:53 | INFO    | goodware.engine |   node_id: None
2026-09-29T23:11:53 | INFO    | goodware.engine |   organization: None
2026-09-29T23:11:53 | INFO    | goodware.engine | ============================================================
2026-09-29T23:11:54 | INFO    | goodware.engine | Goodware stopped.
2026-09-29T23:11:54 | INFO    | goodware.engine | ============================================================
2026-09-29T23:11:54 | INFO    | goodware.engine | Goodware v3.0 starting...
2026-09-29T23:11:54 | INFO    | goodware.engine |   node_id: None
2026-09-29T23:11:54 | INFO    | goodware.engine |   organization: None
2026-09-29T23:11:54 | INFO    | goodware.engine | ============================================================
2026-09-29T23:11:54 | INFO    | goodware.engine | Goodware stopped.
2026-09-29T23:11:54 | INFO    | goodware.engine | ============================================================
2026-09-29T23:11:54 | INFO    | goodware.engine | Goodware v3.0 starting...
2026-09-29T23:11:54 | INFO    | goodware.engine |   node_id: None
2026-09-29T23:11:54 | INFO    | goodware.engine |   organization: None
2026-09-29T23:11:54 | INFO    | goodware.engine | ============================================================
2026-09-29T23:11:54 | INFO    | goodware.engine | Goodware stopped.
2026-09-29T23:11:54 | INFO    | goodware.engine | ============================================================
2026-09-29T23:11:54 | INFO    | goodware.engine | Goodware v3.0 starting...
2026-09-29T23:11:54 | INFO    | goodware.engine |   node_id: None
2026-09-29T23:11:54 | INFO    | goodware.engine |   organization: None
2026-09-29T23:11:54 | INFO    | goodware.engine | ============================================================
2026-09-29T23:11:54 | INFO    | goodware.engine | Goodware stopped.
2026-09-29T23:11:54 | INFO    | goodware.engine | ============================================================
2026-09-29T23:11:54 | INFO    | goodware.engine | Goodware v3.0 starting...
2026-09-29T23:11:54 | INFO    | goodware.engine |   node_id: None
2026-09-29T23:11:54 | INFO    | goodware.engine |   organization: None
2026-09-29T23:11:54 | INFO    | goodware.engine | ============================================================
2026-09-29T23:11:55 | INFO    | goodware.engine | Goodware stopped.
2026-09-29T23:11:55 | INFO    | goodware.engine | ============================================================
2026-09-29T23:11:55 | INFO    | goodware.engine | Goodware v3.0 starting...
2026-09-29T23:11:55 | INFO    | goodware.engine |   node_id: None
2026-09-29T23:11:55 | INFO    | goodware.engine |   organization: None
2026-09-29T23:11:55 | INFO    | goodware.engine | ============================================================
2026-09-29T23:11:55 | INFO    | goodware.engine | Goodware stopped.
2026-09-29T23:11:55 | INFO    | goodware.engine | ============================================================
2026-09-29T23:11:55 | INFO    | goodware.engine | Goodware v3.0 starting...
2026-09-29T23:11:55 | INFO    | goodware.engine |   node_id: None
2026-09-29T23:11:55 | INFO    | goodware.engine |   organization: None
2026-09-29T23:11:55 | INFO    | goodware.engine | ============================================================
2026-09-29T23:11:55 | INFO    | goodware.engine | Goodware stopped.
2026-09-29T23:11:55 | INFO    | goodware.engine | ============================================================
2026-09-29T23:11:55 | INFO    | goodware.engine | Goodware v3.0 starting...
2026-09-29T23:11:55 | INFO    | goodware.engine |   node_id: None
2026-09-29T23:11:55 | INFO    | goodware.engine |   organization: None
2026-09-29T23:11:55 | INFO    | goodware.engine | ============================================================
2026-09-29T23:11:55 | INFO    | goodware.engine | Goodware stopped.
2026-09-29T23:11:55 | INFO    | goodware.engine | ============================================================
2026-09-29T23:11:55 | INFO    | goodware.engine | Goodware v3.0 starting...
2026-09-29T23:11:55 | INFO    | goodware.engine |   node_id: None
2026-09-29T23:11:55 | INFO    | goodware.engine |   organization: None
2026-09-29T23:11:55 | INFO    | goodware.engine | ============================================================
2026-09-29T23:11:55 | INFO    | goodware.engine | Goodware stopped.
2026-09-29T23:11:55 | INFO    | goodware.engine | ============================================================
2026-09-29T23:11:55 | INFO    | goodware.engine | Goodware v3.0 starting...
2026-09-29T23:11:55 | INFO    | goodware.engine |   node_id: None
2026-09-29T23:11:55 | INFO    | goodware.engine |   organization: None
2026-09-29T23:11:55 | INFO    | goodware.engine | ============================================================
2026-09-29T23:11:55 | INFO    | goodware.engine | Goodware stopped.
2026-09-29T23:11:55 | INFO    | goodware.engine | ============================================================
2026-09-29T23:11:55 | INFO    | goodware.engine | Goodware v3.0 starting...
2026-09-29T23:11:55 | INFO    | goodware.engine |   node_id: None
2026-09-29T23:11:55 | INFO    | goodware.engine |   organization: None
2026-09-29T23:11:55 | INFO    | goodware.engine | ============================================================
2026-09-29T23:11:55 | INFO    | goodware.engine | Goodware stopped.
2026-09-29T23:11:55 | INFO    | goodware.engine | ============================================================
2026-09-29T23:11:55 | INFO    | goodware.engine | Goodware v3.0 starting...
2026-09-29T23:11:55 | INFO    | goodware.engine |   node_id: None
2026-09-29T23:11:55 | INFO    | goodware.engine |   organization: None
2026-09-29T23:11:55 | INFO    | goodware.engine | ============================================================
2026-09-29T23:11:56 | INFO    | goodware.engine | Goodware stopped.
2026-09-29T23:11:56 | INFO    | goodware.engine | ============================================================
2026-09-29T23:11:56 | INFO    | goodware.engine | Goodware v3.0 starting...
2026-09-29T23:11:56 | INFO    | goodware.engine |   node_id: None
2026-09-29T23:11:56 | INFO    | goodware.engine |   organization: None
2026-09-29T23:11:56 | INFO    | goodware.engine | ============================================================
2026-09-29T23:11:56 | INFO    | goodware.engine | Goodware stopped.
2026-09-29T23:11:56 | INFO    | goodware.engine | ============================================================
2026-09-29T23:11:56 | INFO    | goodware.engine | Goodware v3.0 starting...
2026-09-29T23:11:56 | INFO    | goodware.engine |   node_id: None
2026-09-29T23:11:56 | INFO    | goodware.engine |   organization: None
2026-09-29T23:11:56 | INFO    | goodware.engine | ============================================================
2026-09-29T23:11:56 | INFO    | goodware.engine | Goodware stopped.
2026-09-29T23:11:56 | INFO    | goodware.engine | ============================================================
2026-09-29T23:11:56 | INFO    | goodware.engine | Goodware v3.0 starting...
2026-09-29T23:11:56 | INFO    | goodware.engine |   node_id: None
2026-09-29T23:11:56 | INFO    | goodware.engine |   organization: None
2026-09-29T23:11:56 | INFO    | goodware.engine | ============================================================
2026-09-29T23:11:57 | INFO    | goodware.engine | Goodware stopped.
2026-09-29T23:13:45 | INFO    | goodware.engine | component registered: filesystem
2026-09-29T23:13:45 | INFO    | goodware.engine | component registered: process
2026-09-29T23:13:45 | INFO    | goodware.engine | component registered: network
2026-09-29T23:13:45 | INFO    | goodware.engine | component registered: memory
2026-09-29T23:13:45 | INFO    | goodware.engine | component registered: config
2026-09-29T23:13:45 | INFO    | goodware.engine | component registered: behavior
2026-09-29T23:13:45 | INFO    | goodware.engine | component registered: quantum
2026-09-29T23:13:45 | INFO    | goodware.engine |   watching 4 paths: ['/etc', '/usr/local/bin', '/usr/bin', '/tmp']
2026-09-29T23:13:48 | INFO    | goodware.engine | component registered: threat
2026-09-29T23:13:48 | INFO    | goodware.engine | component registered: anomaly
2026-09-29T23:13:48 | INFO    | goodware.engine | component registered: simulator
2026-09-29T23:13:50 | INFO    | goodware.engine | component registered: federated-server
2026-09-29T23:13:50 | INFO    | goodware.engine | component registered: federated-client
2026-09-29T23:13:50 | INFO    | goodware.engine | federated server listening on 127.0.0.1:8443
2026-09-29T23:13:51 | INFO    | goodware.engine | component registered: decision-engine
2026-09-29T23:13:51 | INFO    | goodware.engine | component registered: adaptive
2026-09-29T23:13:51 | INFO    | goodware.engine | component registered: mutation
2026-09-29T23:13:51 | INFO    | goodware.engine | component registered: zero_day
2026-09-29T23:13:59 | INFO    | goodware.engine | component registered: decision-engine
2026-09-29T23:13:59 | INFO    | goodware.engine | component registered: adaptive
2026-09-29T23:13:59 | INFO    | goodware.engine | component registered: mutation
2026-09-29T23:13:59 | INFO    | goodware.engine | component registered: zero_day
2026-09-29T23:13:59 | INFO    | goodware.engine | component registered: crypto
2026-09-29T23:13:59 | INFO    | goodware.engine | component registered: human-factor
2026-09-29T23:13:59 | INFO    | goodware.engine | component registered: decision
2026-09-29T23:13:59 | INFO    | goodware.engine | component registered: effector
2026-09-29T23:13:59 | INFO    | goodware.engine | component registered: chainsaw
2026-09-29T23:14:02 | INFO    | goodware.engine | component registered: immune
2026-09-29T23:14:02 | INFO    | goodware.engine | component registered: physical
2026-09-29T23:14:02 | INFO    | goodware.engine | component registered: supply-chain
2026-09-29T23:14:06 | INFO    | goodware.engine | ============================================================
2026-09-29T23:14:06 | INFO    | goodware.engine | Goodware v3.0 starting...
2026-09-29T23:14:06 | INFO    | goodware.engine |   node_id: None
2026-09-29T23:14:06 | INFO    | goodware.engine |   organization: None
2026-09-29T23:14:06 | INFO    | goodware.engine | ============================================================
2026-09-29T23:14:06 | INFO    | goodware.engine | Goodware stopped.
2026-09-29T23:14:06 | INFO    | goodware.engine | ============================================================
2026-09-29T23:14:06 | INFO    | goodware.engine | Goodware v3.0 starting...
2026-09-29T23:14:06 | INFO    | goodware.engine |   node_id: None
2026-09-29T23:14:06 | INFO    | goodware.engine |   organization: None
2026-09-29T23:14:06 | INFO    | goodware.engine | ============================================================
2026-09-29T23:14:06 | INFO    | goodware.engine | Goodware stopped.
2026-09-29T23:14:07 | INFO    | goodware.engine | hunter2
2026-09-29T23:14:08 | INFO    | goodware.engine | component registered: dummy
2026-09-29T23:14:08 | INFO    | goodware.engine | test
2026-09-29T23:14:08 | WARNING | goodware.engine | warn
2026-09-29T23:14:08 | ERROR   | goodware.engine | err
2026-09-29T23:14:08 | INFO    | goodware.engine | component registered: with_attach
2026-09-29T23:14:08 | INFO    | goodware.engine | component registered: dummy
2026-09-29T23:14:08 | INFO    | goodware.engine | ============================================================
2026-09-29T23:14:08 | INFO    | goodware.engine | Goodware v3.0 starting...
2026-09-29T23:14:08 | INFO    | goodware.engine |   node_id: None
2026-09-29T23:14:08 | INFO    | goodware.engine |   organization: None
2026-09-29T23:14:08 | INFO    | goodware.engine | ============================================================
2026-09-29T23:14:08 | INFO    | goodware.engine |   ✓ dummy running
2026-09-29T23:14:08 | INFO    | goodware.engine | Goodware stopped.
2026-09-29T23:14:11 | INFO    | goodware.engine | component registered: threat
2026-09-29T23:14:11 | INFO    | goodware.engine | component registered: anomaly
2026-09-29T23:14:11 | INFO    | goodware.engine | component registered: simulator
2026-09-29T23:14:11 | INFO    | goodware.engine | component registered: filesystem
2026-09-29T23:14:11 | INFO    | goodware.engine | component registered: process
2026-09-29T23:14:11 | INFO    | goodware.engine | component registered: network
2026-09-29T23:14:11 | INFO    | goodware.engine | component registered: memory
2026-09-29T23:14:11 | INFO    | goodware.engine | component registered: config
2026-09-29T23:14:11 | INFO    | goodware.engine | component registered: behavior
2026-09-29T23:14:11 | INFO    | goodware.engine | component registered: quantum
2026-09-29T23:14:11 | INFO    | goodware.engine | component registered: filesystem
2026-09-29T23:14:11 | INFO    | goodware.engine | component registered: process
2026-09-29T23:14:11 | INFO    | goodware.engine | component registered: network
2026-09-29T23:14:11 | INFO    | goodware.engine | component registered: memory
2026-09-29T23:14:11 | INFO    | goodware.engine | component registered: config
2026-09-29T23:14:11 | INFO    | goodware.engine | component registered: behavior
2026-09-29T23:14:11 | INFO    | goodware.engine | component registered: quantum
2026-09-29T23:14:11 | INFO    | goodware.engine | component registered: filesystem
2026-09-29T23:14:11 | INFO    | goodware.engine | component registered: process
2026-09-29T23:14:11 | INFO    | goodware.engine | component registered: network
2026-09-29T23:14:11 | INFO    | goodware.engine | component registered: memory
2026-09-29T23:14:11 | INFO    | goodware.engine | component registered: config
2026-09-29T23:14:11 | INFO    | goodware.engine | component registered: behavior
2026-09-29T23:14:11 | INFO    | goodware.engine | component registered: quantum
2026-09-29T23:14:11 | INFO    | goodware.engine | component registered: filesystem
2026-09-29T23:14:11 | INFO    | goodware.engine | component registered: process
2026-09-29T23:14:11 | INFO    | goodware.engine | component registered: network
2026-09-29T23:14:11 | INFO    | goodware.engine | component registered: memory
2026-09-29T23:14:11 | INFO    | goodware.engine | component registered: config
2026-09-29T23:14:11 | INFO    | goodware.engine | component registered: behavior
2026-09-29T23:14:11 | INFO    | goodware.engine | component registered: quantum
2026-09-29T23:14:11 | INFO    | goodware.engine | component registered: filesystem
2026-09-29T23:14:11 | INFO    | goodware.engine | component registered: process
2026-09-29T23:14:11 | INFO    | goodware.engine | component registered: network
2026-09-29T23:14:11 | INFO    | goodware.engine | component registered: memory
2026-09-29T23:14:11 | INFO    | goodware.engine | component registered: config
2026-09-29T23:14:11 | INFO    | goodware.engine | component registered: behavior
2026-09-29T23:14:11 | INFO    | goodware.engine | component registered: quantum
2026-09-29T23:14:11 | INFO    | goodware.engine | component registered: filesystem
2026-09-29T23:14:11 | INFO    | goodware.engine | component registered: process
2026-09-29T23:14:11 | INFO    | goodware.engine | component registered: network
2026-09-29T23:14:11 | INFO    | goodware.engine | component registered: memory
2026-09-29T23:14:11 | INFO    | goodware.engine | component registered: config
2026-09-29T23:14:11 | INFO    | goodware.engine | component registered: behavior
2026-09-29T23:14:11 | INFO    | goodware.engine | component registered: quantum
2026-09-29T23:14:11 | INFO    | goodware.engine | component registered: filesystem
2026-09-29T23:14:11 | INFO    | goodware.engine | component registered: process
2026-09-29T23:14:11 | INFO    | goodware.engine | component registered: network
2026-09-29T23:14:11 | INFO    | goodware.engine | component registered: memory
2026-09-29T23:14:11 | INFO    | goodware.engine | component registered: config
2026-09-29T23:14:11 | INFO    | goodware.engine | component registered: behavior
2026-09-29T23:14:11 | INFO    | goodware.engine | component registered: quantum
2026-09-29T23:14:11 | INFO    | goodware.engine | component registered: filesystem
2026-09-29T23:14:11 | INFO    | goodware.engine | component registered: process
2026-09-29T23:14:11 | INFO    | goodware.engine | component registered: network
2026-09-29T23:14:11 | INFO    | goodware.engine | component registered: memory
2026-09-29T23:14:11 | INFO    | goodware.engine | component registered: config
2026-09-29T23:14:11 | INFO    | goodware.engine | component registered: behavior
2026-09-29T23:14:11 | INFO    | goodware.engine | component registered: quantum
2026-09-29T23:14:12 | INFO    | goodware.engine | component registered: filesystem
2026-09-29T23:14:12 | INFO    | goodware.engine | component registered: process
2026-09-29T23:14:12 | INFO    | goodware.engine | component registered: network
2026-09-29T23:14:12 | INFO    | goodware.engine | component registered: memory
2026-09-29T23:14:12 | INFO    | goodware.engine | component registered: config
2026-09-29T23:14:12 | INFO    | goodware.engine | component registered: behavior
2026-09-29T23:14:12 | INFO    | goodware.engine | component registered: quantum
2026-09-29T23:14:12 | INFO    | goodware.engine | component registered: filesystem
2026-09-29T23:14:12 | INFO    | goodware.engine | component registered: process
2026-09-29T23:14:12 | INFO    | goodware.engine | component registered: network
2026-09-29T23:14:12 | INFO    | goodware.engine | component registered: memory
2026-09-29T23:14:12 | INFO    | goodware.engine | component registered: config
2026-09-29T23:14:12 | INFO    | goodware.engine | component registered: behavior
2026-09-29T23:14:12 | INFO    | goodware.engine | component registered: quantum
2026-09-29T23:14:12 | INFO    | goodware.engine | component registered: filesystem
2026-09-29T23:14:12 | INFO    | goodware.engine | component registered: process
2026-09-29T23:14:12 | INFO    | goodware.engine | component registered: network
2026-09-29T23:14:12 | INFO    | goodware.engine | component registered: memory
2026-09-29T23:14:12 | INFO    | goodware.engine | component registered: config
2026-09-29T23:14:12 | INFO    | goodware.engine | component registered: behavior
2026-09-29T23:14:12 | INFO    | goodware.engine | component registered: quantum
2026-09-29T23:14:12 | INFO    | goodware.engine | component registered: filesystem
2026-09-29T23:14:12 | INFO    | goodware.engine | component registered: process
2026-09-29T23:14:12 | INFO    | goodware.engine | component registered: network
2026-09-29T23:14:12 | INFO    | goodware.engine | component registered: memory
2026-09-29T23:14:12 | INFO    | goodware.engine | component registered: config
2026-09-29T23:14:12 | INFO    | goodware.engine | component registered: behavior
2026-09-29T23:14:12 | INFO    | goodware.engine | component registered: quantum
2026-09-29T23:14:12 | INFO    | goodware.engine | component registered: filesystem
2026-09-29T23:14:12 | INFO    | goodware.engine | component registered: process
2026-09-29T23:14:12 | INFO    | goodware.engine | component registered: network
2026-09-29T23:14:12 | INFO    | goodware.engine | component registered: memory
2026-09-29T23:14:12 | INFO    | goodware.engine | component registered: config
2026-09-29T23:14:12 | INFO    | goodware.engine | component registered: behavior
2026-09-29T23:14:12 | INFO    | goodware.engine | component registered: quantum
2026-09-29T23:14:12 | INFO    | goodware.engine | component registered: filesystem
2026-09-29T23:14:12 | INFO    | goodware.engine | component registered: process
2026-09-29T23:14:12 | INFO    | goodware.engine | component registered: network
2026-09-29T23:14:12 | INFO    | goodware.engine | component registered: memory
2026-09-29T23:14:12 | INFO    | goodware.engine | component registered: config
2026-09-29T23:14:12 | INFO    | goodware.engine | component registered: behavior
2026-09-29T23:14:12 | INFO    | goodware.engine | component registered: quantum
2026-09-29T23:14:12 | INFO    | goodware.engine | component registered: filesystem
2026-09-29T23:14:12 | INFO    | goodware.engine | component registered: process
2026-09-29T23:14:12 | INFO    | goodware.engine | component registered: network
2026-09-29T23:14:12 | INFO    | goodware.engine | component registered: memory
2026-09-29T23:14:12 | INFO    | goodware.engine | component registered: config
2026-09-29T23:14:12 | INFO    | goodware.engine | component registered: behavior
2026-09-29T23:14:12 | INFO    | goodware.engine | component registered: quantum
2026-09-29T23:14:12 | INFO    | goodware.engine | component registered: filesystem
2026-09-29T23:14:12 | INFO    | goodware.engine | component registered: process
2026-09-29T23:14:12 | INFO    | goodware.engine | component registered: network
2026-09-29T23:14:12 | INFO    | goodware.engine | component registered: memory
2026-09-29T23:14:12 | INFO    | goodware.engine | component registered: config
2026-09-29T23:14:12 | INFO    | goodware.engine | component registered: behavior
2026-09-29T23:14:12 | INFO    | goodware.engine | component registered: quantum
2026-09-29T23:14:12 | INFO    | goodware.engine |   watching 2 paths: ['/etc', '/tmp']
2026-09-29T23:14:12 | INFO    | goodware.engine | component registered: filesystem
2026-09-29T23:14:12 | INFO    | goodware.engine | component registered: process
2026-09-29T23:14:12 | INFO    | goodware.engine | component registered: network
2026-09-29T23:14:12 | INFO    | goodware.engine | component registered: memory
2026-09-29T23:14:12 | INFO    | goodware.engine | component registered: config
2026-09-29T23:14:12 | INFO    | goodware.engine | component registered: behavior
2026-09-29T23:14:12 | INFO    | goodware.engine | component registered: quantum
2026-09-29T23:14:12 | INFO    | goodware.engine | component registered: filesystem
2026-09-29T23:14:12 | INFO    | goodware.engine | component registered: process
2026-09-29T23:14:12 | INFO    | goodware.engine | component registered: network
2026-09-29T23:14:12 | INFO    | goodware.engine | component registered: memory
2026-09-29T23:14:12 | INFO    | goodware.engine | component registered: config
2026-09-29T23:14:12 | INFO    | goodware.engine | component registered: behavior
2026-09-29T23:14:12 | INFO    | goodware.engine | component registered: quantum
2026-09-29T23:14:12 | INFO    | goodware.engine | component registered: filesystem
2026-09-29T23:14:12 | INFO    | goodware.engine | component registered: process
2026-09-29T23:14:12 | INFO    | goodware.engine | component registered: network
2026-09-29T23:14:12 | INFO    | goodware.engine | component registered: memory
2026-09-29T23:14:12 | INFO    | goodware.engine | component registered: config
2026-09-29T23:14:12 | INFO    | goodware.engine | component registered: behavior
2026-09-29T23:14:12 | INFO    | goodware.engine | component registered: quantum
2026-09-29T23:14:12 | INFO    | goodware.engine | component registered: filesystem
2026-09-29T23:14:12 | INFO    | goodware.engine | component registered: process
2026-09-29T23:14:12 | INFO    | goodware.engine | component registered: network
2026-09-29T23:14:12 | INFO    | goodware.engine | component registered: memory
2026-09-29T23:14:12 | INFO    | goodware.engine | component registered: config
2026-09-29T23:14:12 | INFO    | goodware.engine | component registered: behavior
2026-09-29T23:14:12 | INFO    | goodware.engine | component registered: quantum
2026-09-29T23:14:12 | INFO    | goodware.engine | component registered: filesystem
2026-09-29T23:14:12 | INFO    | goodware.engine | component registered: process
2026-09-29T23:14:12 | INFO    | goodware.engine | component registered: network
2026-09-29T23:14:12 | INFO    | goodware.engine | component registered: memory
2026-09-29T23:14:12 | INFO    | goodware.engine | component registered: config
2026-09-29T23:14:12 | INFO    | goodware.engine | component registered: behavior
2026-09-29T23:14:12 | INFO    | goodware.engine | component registered: quantum
2026-09-29T23:14:12 | INFO    | goodware.engine | component registered: filesystem
2026-09-29T23:14:12 | INFO    | goodware.engine | component registered: process
2026-09-29T23:14:12 | INFO    | goodware.engine | component registered: network
2026-09-29T23:14:12 | INFO    | goodware.engine | component registered: memory
2026-09-29T23:14:12 | INFO    | goodware.engine | component registered: config
2026-09-29T23:14:12 | INFO    | goodware.engine | component registered: behavior
2026-09-29T23:14:12 | INFO    | goodware.engine | component registered: quantum
2026-09-29T23:14:13 | INFO    | goodware.engine | component registered: filesystem
2026-09-29T23:14:13 | INFO    | goodware.engine | component registered: process
2026-09-29T23:14:13 | INFO    | goodware.engine | component registered: network
2026-09-29T23:14:13 | INFO    | goodware.engine | component registered: memory
2026-09-29T23:14:13 | INFO    | goodware.engine | component registered: config
2026-09-29T23:14:13 | INFO    | goodware.engine | component registered: behavior
2026-09-29T23:14:13 | INFO    | goodware.engine | component registered: quantum
2026-09-29T23:14:13 | INFO    | goodware.engine | component registered: filesystem
2026-09-29T23:14:13 | INFO    | goodware.engine | component registered: process
2026-09-29T23:14:13 | INFO    | goodware.engine | component registered: network
2026-09-29T23:14:13 | INFO    | goodware.engine | component registered: memory
2026-09-29T23:14:13 | INFO    | goodware.engine | component registered: config
2026-09-29T23:14:13 | INFO    | goodware.engine | component registered: behavior
2026-09-29T23:14:13 | INFO    | goodware.engine | component registered: quantum
2026-09-29T23:14:13 | INFO    | goodware.engine | component registered: filesystem
2026-09-29T23:14:13 | INFO    | goodware.engine | component registered: process
2026-09-29T23:14:13 | INFO    | goodware.engine | component registered: network
2026-09-29T23:14:13 | INFO    | goodware.engine | component registered: memory
2026-09-29T23:14:13 | INFO    | goodware.engine | component registered: config
2026-09-29T23:14:13 | INFO    | goodware.engine | component registered: behavior
2026-09-29T23:14:13 | INFO    | goodware.engine | component registered: quantum
2026-09-29T23:14:13 | INFO    | goodware.engine | component registered: filesystem
2026-09-29T23:14:13 | INFO    | goodware.engine | component registered: process
2026-09-29T23:14:13 | INFO    | goodware.engine | component registered: network
2026-09-29T23:14:13 | INFO    | goodware.engine | component registered: memory
2026-09-29T23:14:13 | INFO    | goodware.engine | component registered: config
2026-09-29T23:14:13 | INFO    | goodware.engine | component registered: behavior
2026-09-29T23:14:13 | INFO    | goodware.engine | component registered: quantum
2026-09-29T23:14:13 | INFO    | goodware.engine | component registered: filesystem
2026-09-29T23:14:13 | INFO    | goodware.engine | component registered: process
2026-09-29T23:14:13 | INFO    | goodware.engine | component registered: network
2026-09-29T23:14:13 | INFO    | goodware.engine | component registered: memory
2026-09-29T23:14:13 | INFO    | goodware.engine | component registered: config
2026-09-29T23:14:13 | INFO    | goodware.engine | component registered: behavior
2026-09-29T23:14:13 | INFO    | goodware.engine | component registered: quantum
2026-09-29T23:14:13 | INFO    | goodware.engine | component registered: filesystem
2026-09-29T23:14:13 | INFO    | goodware.engine | component registered: process
2026-09-29T23:14:13 | INFO    | goodware.engine | component registered: network
2026-09-29T23:14:13 | INFO    | goodware.engine | component registered: memory
2026-09-29T23:14:13 | INFO    | goodware.engine | component registered: config
2026-09-29T23:14:13 | INFO    | goodware.engine | component registered: behavior
2026-09-29T23:14:13 | INFO    | goodware.engine | component registered: quantum
2026-09-29T23:14:13 | INFO    | goodware.engine | component registered: filesystem
2026-09-29T23:14:13 | INFO    | goodware.engine | component registered: process
2026-09-29T23:14:13 | INFO    | goodware.engine | component registered: network
2026-09-29T23:14:13 | INFO    | goodware.engine | component registered: memory
2026-09-29T23:14:13 | INFO    | goodware.engine | component registered: config
2026-09-29T23:14:13 | INFO    | goodware.engine | component registered: behavior
2026-09-29T23:14:13 | INFO    | goodware.engine | component registered: quantum
2026-09-29T23:14:13 | INFO    | goodware.engine | component registered: filesystem
2026-09-29T23:14:13 | INFO    | goodware.engine | component registered: process
2026-09-29T23:14:13 | INFO    | goodware.engine | component registered: network
2026-09-29T23:14:13 | INFO    | goodware.engine | component registered: memory
2026-09-29T23:14:13 | INFO    | goodware.engine | component registered: config
2026-09-29T23:14:13 | INFO    | goodware.engine | component registered: behavior
2026-09-29T23:14:13 | INFO    | goodware.engine | component registered: quantum
2026-09-29T23:14:13 | INFO    | goodware.engine | component registered: filesystem
2026-09-29T23:14:13 | INFO    | goodware.engine | component registered: process
2026-09-29T23:14:13 | INFO    | goodware.engine | component registered: network
2026-09-29T23:14:13 | INFO    | goodware.engine | component registered: memory
2026-09-29T23:14:13 | INFO    | goodware.engine | component registered: config
2026-09-29T23:14:13 | INFO    | goodware.engine | component registered: behavior
2026-09-29T23:14:13 | INFO    | goodware.engine | component registered: quantum
2026-09-29T23:14:13 | INFO    | goodware.engine | component registered: filesystem
2026-09-29T23:14:13 | INFO    | goodware.engine | component registered: process
2026-09-29T23:14:13 | INFO    | goodware.engine | component registered: network
2026-09-29T23:14:13 | INFO    | goodware.engine | component registered: memory
2026-09-29T23:14:13 | INFO    | goodware.engine | component registered: config
2026-09-29T23:14:13 | INFO    | goodware.engine | component registered: behavior
2026-09-29T23:14:13 | INFO    | goodware.engine | component registered: quantum
2026-09-29T23:14:13 | INFO    | goodware.engine |   watching 2 paths: ['/etc', '/tmp']
2026-09-29T23:14:14 | INFO    | goodware.engine | component registered: filesystem
2026-09-29T23:14:14 | INFO    | goodware.engine | component registered: process
2026-09-29T23:14:14 | INFO    | goodware.engine | component registered: network
2026-09-29T23:14:14 | INFO    | goodware.engine | component registered: memory
2026-09-29T23:14:14 | INFO    | goodware.engine | component registered: config
2026-09-29T23:14:14 | INFO    | goodware.engine | component registered: behavior
2026-09-29T23:14:14 | INFO    | goodware.engine | component registered: quantum
2026-09-29T23:14:14 | INFO    | goodware.engine |   watching 2 paths: ['/etc', '/tmp']
2026-09-29T23:14:14 | INFO    | goodware.engine | ============================================================
2026-09-29T23:14:14 | INFO    | goodware.engine | Goodware v3.0 starting...
2026-09-29T23:14:14 | INFO    | goodware.engine |   node_id: None
2026-09-29T23:14:14 | INFO    | goodware.engine |   organization: None
2026-09-29T23:14:14 | INFO    | goodware.engine | ============================================================
2026-09-29T23:14:15 | INFO    | goodware.engine | Goodware stopped.
2026-09-29T23:14:15 | INFO    | goodware.engine | ============================================================
2026-09-29T23:14:15 | INFO    | goodware.engine | Goodware v3.0 starting...
2026-09-29T23:14:15 | INFO    | goodware.engine |   node_id: None
2026-09-29T23:14:15 | INFO    | goodware.engine |   organization: None
2026-09-29T23:14:15 | INFO    | goodware.engine | ============================================================
2026-09-29T23:14:15 | INFO    | goodware.engine | Goodware stopped.
2026-09-29T23:14:15 | INFO    | goodware.engine | ============================================================
2026-09-29T23:14:15 | INFO    | goodware.engine | Goodware v3.0 starting...
2026-09-29T23:14:15 | INFO    | goodware.engine |   node_id: None
2026-09-29T23:14:15 | INFO    | goodware.engine |   organization: None
2026-09-29T23:14:15 | INFO    | goodware.engine | ============================================================
2026-09-29T23:14:15 | INFO    | goodware.engine | Goodware stopped.
2026-09-29T23:14:15 | INFO    | goodware.engine | ============================================================
2026-09-29T23:14:15 | INFO    | goodware.engine | Goodware v3.0 starting...
2026-09-29T23:14:15 | INFO    | goodware.engine |   node_id: None
2026-09-29T23:14:15 | INFO    | goodware.engine |   organization: None
2026-09-29T23:14:15 | INFO    | goodware.engine | ============================================================
2026-09-29T23:14:16 | INFO    | goodware.engine | Goodware stopped.
2026-09-29T23:14:16 | INFO    | goodware.engine | ============================================================
2026-09-29T23:14:16 | INFO    | goodware.engine | Goodware v3.0 starting...
2026-09-29T23:14:16 | INFO    | goodware.engine |   node_id: None
2026-09-29T23:14:16 | INFO    | goodware.engine |   organization: None
2026-09-29T23:14:16 | INFO    | goodware.engine | ============================================================
2026-09-29T23:14:16 | INFO    | goodware.engine | Goodware stopped.
2026-09-29T23:14:16 | INFO    | goodware.engine | ============================================================
2026-09-29T23:14:16 | INFO    | goodware.engine | Goodware v3.0 starting...
2026-09-29T23:14:16 | INFO    | goodware.engine |   node_id: None
2026-09-29T23:14:16 | INFO    | goodware.engine |   organization: None
2026-09-29T23:14:16 | INFO    | goodware.engine | ============================================================
2026-09-29T23:14:16 | INFO    | goodware.engine | Goodware stopped.
2026-09-29T23:14:16 | INFO    | goodware.engine | ============================================================
2026-09-29T23:14:16 | INFO    | goodware.engine | Goodware v3.0 starting...
2026-09-29T23:14:16 | INFO    | goodware.engine |   node_id: None
2026-09-29T23:14:16 | INFO    | goodware.engine |   organization: None
2026-09-29T23:14:16 | INFO    | goodware.engine | ============================================================
2026-09-29T23:14:17 | INFO    | goodware.engine | Goodware stopped.
2026-09-29T23:14:17 | INFO    | goodware.engine | ============================================================
2026-09-29T23:14:17 | INFO    | goodware.engine | Goodware v3.0 starting...
2026-09-29T23:14:17 | INFO    | goodware.engine |   node_id: None
2026-09-29T23:14:17 | INFO    | goodware.engine |   organization: None
2026-09-29T23:14:17 | INFO    | goodware.engine | ============================================================
2026-09-29T23:14:18 | INFO    | goodware.engine | Goodware stopped.
2026-09-29T23:14:18 | INFO    | goodware.engine | ============================================================
2026-09-29T23:14:18 | INFO    | goodware.engine | Goodware v3.0 starting...
2026-09-29T23:14:18 | INFO    | goodware.engine |   node_id: None
2026-09-29T23:14:18 | INFO    | goodware.engine |   organization: None
2026-09-29T23:14:18 | INFO    | goodware.engine | ============================================================
2026-09-29T23:14:18 | INFO    | goodware.engine | Goodware stopped.
2026-09-29T23:14:18 | INFO    | goodware.engine | ============================================================
2026-09-29T23:14:18 | INFO    | goodware.engine | Goodware v3.0 starting...
2026-09-29T23:14:18 | INFO    | goodware.engine |   node_id: None
2026-09-29T23:14:18 | INFO    | goodware.engine |   organization: None
2026-09-29T23:14:18 | INFO    | goodware.engine | ============================================================
2026-09-29T23:14:18 | INFO    | goodware.engine | Goodware stopped.
2026-09-29T23:14:18 | INFO    | goodware.engine | ============================================================
2026-09-29T23:14:18 | INFO    | goodware.engine | Goodware v3.0 starting...
2026-09-29T23:14:18 | INFO    | goodware.engine |   node_id: None
2026-09-29T23:14:18 | INFO    | goodware.engine |   organization: None
2026-09-29T23:14:18 | INFO    | goodware.engine | ============================================================
2026-09-29T23:14:18 | INFO    | goodware.engine | Goodware stopped.
2026-09-29T23:14:18 | INFO    | goodware.engine | ============================================================
2026-09-29T23:14:18 | INFO    | goodware.engine | Goodware v3.0 starting...
2026-09-29T23:14:18 | INFO    | goodware.engine |   node_id: None
2026-09-29T23:14:18 | INFO    | goodware.engine |   organization: None
2026-09-29T23:14:18 | INFO    | goodware.engine | ============================================================
2026-09-29T23:14:18 | INFO    | goodware.engine | Goodware stopped.
2026-09-29T23:14:18 | INFO    | goodware.engine | ============================================================
2026-09-29T23:14:18 | INFO    | goodware.engine | Goodware v3.0 starting...
2026-09-29T23:14:18 | INFO    | goodware.engine |   node_id: None
2026-09-29T23:14:18 | INFO    | goodware.engine |   organization: None
2026-09-29T23:14:18 | INFO    | goodware.engine | ============================================================
2026-09-29T23:14:18 | INFO    | goodware.engine | Goodware stopped.
2026-09-29T23:14:18 | INFO    | goodware.engine | ============================================================
2026-09-29T23:14:18 | INFO    | goodware.engine | Goodware v3.0 starting...
2026-09-29T23:14:18 | INFO    | goodware.engine |   node_id: None
2026-09-29T23:14:18 | INFO    | goodware.engine |   organization: None
2026-09-29T23:14:18 | INFO    | goodware.engine | ============================================================
2026-09-29T23:14:18 | INFO    | goodware.engine | Goodware stopped.
2026-09-29T23:14:18 | INFO    | goodware.engine | ============================================================
2026-09-29T23:14:18 | INFO    | goodware.engine | Goodware v3.0 starting...
2026-09-29T23:14:18 | INFO    | goodware.engine |   node_id: None
2026-09-29T23:14:18 | INFO    | goodware.engine |   organization: None
2026-09-29T23:14:18 | INFO    | goodware.engine | ============================================================
2026-09-29T23:14:18 | INFO    | goodware.engine | Goodware stopped.
2026-09-29T23:14:18 | INFO    | goodware.engine | ============================================================
2026-09-29T23:14:18 | INFO    | goodware.engine | Goodware v3.0 starting...
2026-09-29T23:14:19 | INFO    | goodware.engine |   node_id: None
2026-09-29T23:14:19 | INFO    | goodware.engine |   organization: None
2026-09-29T23:14:19 | INFO    | goodware.engine | ============================================================
2026-09-29T23:14:19 | INFO    | goodware.engine | Goodware stopped.
2026-09-29T23:14:19 | INFO    | goodware.engine | ============================================================
2026-09-29T23:14:19 | INFO    | goodware.engine | Goodware v3.0 starting...
2026-09-29T23:14:19 | INFO    | goodware.engine |   node_id: None
2026-09-29T23:14:19 | INFO    | goodware.engine |   organization: None
2026-09-29T23:14:19 | INFO    | goodware.engine | ============================================================
2026-09-29T23:14:19 | INFO    | goodware.engine | Goodware stopped.
2026-09-29T23:14:19 | INFO    | goodware.engine | ============================================================
2026-09-29T23:14:19 | INFO    | goodware.engine | Goodware v3.0 starting...
2026-09-29T23:14:19 | INFO    | goodware.engine |   node_id: None
2026-09-29T23:14:19 | INFO    | goodware.engine |   organization: None
2026-09-29T23:14:19 | INFO    | goodware.engine | ============================================================
2026-09-29T23:14:19 | INFO    | goodware.engine | Goodware stopped.
2026-09-29T23:14:19 | INFO    | goodware.engine | ============================================================
2026-09-29T23:14:19 | INFO    | goodware.engine | Goodware v3.0 starting...
2026-09-29T23:14:19 | INFO    | goodware.engine |   node_id: None
2026-09-29T23:14:19 | INFO    | goodware.engine |   organization: None
2026-09-29T23:14:19 | INFO    | goodware.engine | ============================================================
2026-09-29T23:14:19 | INFO    | goodware.engine | Goodware stopped.
2026-09-29T23:14:19 | INFO    | goodware.engine | ============================================================
2026-09-29T23:14:19 | INFO    | goodware.engine | Goodware v3.0 starting...
2026-09-29T23:14:19 | INFO    | goodware.engine |   node_id: None
2026-09-29T23:14:19 | INFO    | goodware.engine |   organization: None
2026-09-29T23:14:19 | INFO    | goodware.engine | ============================================================
2026-09-29T23:14:19 | INFO    | goodware.engine | Goodware stopped.
2026-09-29T23:14:20 | INFO    | goodware.engine | ============================================================
2026-09-29T23:14:20 | INFO    | goodware.engine | Goodware v3.0 starting...
2026-09-29T23:14:20 | INFO    | goodware.engine |   node_id: None
2026-09-29T23:14:20 | INFO    | goodware.engine |   organization: None
2026-09-29T23:14:20 | INFO    | goodware.engine | ============================================================
2026-09-29T23:14:20 | INFO    | goodware.engine | Goodware stopped.
2026-09-29T23:14:20 | INFO    | goodware.engine | ============================================================
2026-09-29T23:14:20 | INFO    | goodware.engine | Goodware v3.0 starting...
2026-09-29T23:14:20 | INFO    | goodware.engine |   node_id: None
2026-09-29T23:14:20 | INFO    | goodware.engine |   organization: None
2026-09-29T23:14:20 | INFO    | goodware.engine | ============================================================
2026-09-29T23:14:20 | INFO    | goodware.engine | Goodware stopped.
2026-09-30T22:35:36 | INFO    | goodware.engine | component registered: decision-engine
2026-09-30T22:35:36 | INFO    | goodware.engine | component registered: adaptive
2026-09-30T22:35:36 | INFO    | goodware.engine | component registered: mutation
2026-09-30T22:35:36 | INFO    | goodware.engine | component registered: zero_day
2026-09-30T22:35:45 | INFO    | goodware.engine | ============================================================
2026-09-30T22:35:45 | INFO    | goodware.engine | Goodware v3.0 starting...
2026-09-30T22:35:45 | INFO    | goodware.engine |   node_id: None
2026-09-30T22:35:45 | INFO    | goodware.engine |   organization: None
2026-09-30T22:35:45 | INFO    | goodware.engine | ============================================================
2026-09-30T22:35:45 | INFO    | goodware.engine | Goodware stopped.
2026-09-30T22:35:45 | INFO    | goodware.engine | ============================================================
2026-09-30T22:35:45 | INFO    | goodware.engine | Goodware v3.0 starting...
2026-09-30T22:35:45 | INFO    | goodware.engine |   node_id: None
2026-09-30T22:35:45 | INFO    | goodware.engine |   organization: None
2026-09-30T22:35:45 | INFO    | goodware.engine | ============================================================
2026-09-30T22:35:45 | INFO    | goodware.engine | Goodware stopped.
2026-09-30T22:35:45 | INFO    | goodware.engine | hunter2
2026-09-30T22:35:46 | INFO    | goodware.engine | component registered: dummy
2026-09-30T22:35:46 | INFO    | goodware.engine | test
2026-09-30T22:35:46 | WARNING | goodware.engine | warn
2026-09-30T22:35:46 | ERROR   | goodware.engine | err
2026-09-30T22:35:47 | INFO    | goodware.engine | component registered: with_attach
2026-09-30T22:35:47 | INFO    | goodware.engine | component registered: dummy
2026-09-30T22:35:47 | INFO    | goodware.engine | ============================================================
2026-09-30T22:35:47 | INFO    | goodware.engine | Goodware v3.0 starting...
2026-09-30T22:35:47 | INFO    | goodware.engine |   node_id: None
2026-09-30T22:35:47 | INFO    | goodware.engine |   organization: None
2026-09-30T22:35:47 | INFO    | goodware.engine | ============================================================
2026-09-30T22:35:47 | INFO    | goodware.engine |   ✓ dummy running
2026-09-30T22:35:47 | INFO    | goodware.engine | Goodware stopped.
2026-09-30T22:35:48 | INFO    | goodware.engine | ============================================================
2026-09-30T22:35:48 | INFO    | goodware.engine | Goodware v3.0 starting...
2026-09-30T22:35:48 | INFO    | goodware.engine |   node_id: None
2026-09-30T22:35:48 | INFO    | goodware.engine |   organization: None
2026-09-30T22:35:48 | INFO    | goodware.engine | ============================================================
2026-09-30T22:35:48 | INFO    | goodware.engine | Goodware stopped.
2026-09-30T22:35:48 | INFO    | goodware.engine | ============================================================
2026-09-30T22:35:48 | INFO    | goodware.engine | Goodware v3.0 starting...
2026-09-30T22:35:48 | INFO    | goodware.engine |   node_id: None
2026-09-30T22:35:48 | INFO    | goodware.engine |   organization: None
2026-09-30T22:35:48 | INFO    | goodware.engine | ============================================================
2026-09-30T22:35:48 | INFO    | goodware.engine | Goodware stopped.
2026-09-30T22:35:48 | INFO    | goodware.engine | ============================================================
2026-09-30T22:35:48 | INFO    | goodware.engine | Goodware v3.0 starting...
2026-09-30T22:35:48 | INFO    | goodware.engine |   node_id: None
2026-09-30T22:35:48 | INFO    | goodware.engine |   organization: None
2026-09-30T22:35:48 | INFO    | goodware.engine | ============================================================
2026-09-30T22:35:48 | INFO    | goodware.engine | Goodware stopped.
2026-09-30T22:35:48 | INFO    | goodware.engine | ============================================================
2026-09-30T22:35:48 | INFO    | goodware.engine | Goodware v3.0 starting...
2026-09-30T22:35:48 | INFO    | goodware.engine |   node_id: None
2026-09-30T22:35:48 | INFO    | goodware.engine |   organization: None
2026-09-30T22:35:48 | INFO    | goodware.engine | ============================================================
2026-09-30T22:35:48 | INFO    | goodware.engine | Goodware stopped.
2026-09-30T22:35:48 | INFO    | goodware.engine | ============================================================
2026-09-30T22:35:48 | INFO    | goodware.engine | Goodware v3.0 starting...
2026-09-30T22:35:48 | INFO    | goodware.engine |   node_id: None
2026-09-30T22:35:48 | INFO    | goodware.engine |   organization: None
2026-09-30T22:35:48 | INFO    | goodware.engine | ============================================================
2026-09-30T22:35:48 | INFO    | goodware.engine | Goodware stopped.
2026-09-30T22:35:48 | INFO    | goodware.engine | ============================================================
2026-09-30T22:35:48 | INFO    | goodware.engine | Goodware v3.0 starting...
2026-09-30T22:35:48 | INFO    | goodware.engine |   node_id: None
2026-09-30T22:35:48 | INFO    | goodware.engine |   organization: None
2026-09-30T22:35:48 | INFO    | goodware.engine | ============================================================
2026-09-30T22:35:48 | INFO    | goodware.engine | Goodware stopped.
2026-09-30T22:35:48 | INFO    | goodware.engine | ============================================================
2026-09-30T22:35:48 | INFO    | goodware.engine | Goodware v3.0 starting...
2026-09-30T22:35:48 | INFO    | goodware.engine |   node_id: None
2026-09-30T22:35:48 | INFO    | goodware.engine |   organization: None
2026-09-30T22:35:48 | INFO    | goodware.engine | ============================================================
2026-09-30T22:35:48 | INFO    | goodware.engine | Goodware stopped.
2026-09-30T22:35:48 | INFO    | goodware.engine | ============================================================
2026-09-30T22:35:48 | INFO    | goodware.engine | Goodware v3.0 starting...
2026-09-30T22:35:48 | INFO    | goodware.engine |   node_id: None
2026-09-30T22:35:48 | INFO    | goodware.engine |   organization: None
2026-09-30T22:35:48 | INFO    | goodware.engine | ============================================================
2026-09-30T22:35:48 | INFO    | goodware.engine | Goodware stopped.
2026-09-30T22:35:48 | INFO    | goodware.engine | ============================================================
2026-09-30T22:35:48 | INFO    | goodware.engine | Goodware v3.0 starting...
2026-09-30T22:35:48 | INFO    | goodware.engine |   node_id: None
2026-09-30T22:35:48 | INFO    | goodware.engine |   organization: None
2026-09-30T22:35:48 | INFO    | goodware.engine | ============================================================
2026-09-30T22:35:49 | INFO    | goodware.engine | Goodware stopped.
2026-09-30T22:35:49 | INFO    | goodware.engine | ============================================================
2026-09-30T22:35:49 | INFO    | goodware.engine | Goodware v3.0 starting...
2026-09-30T22:35:49 | INFO    | goodware.engine |   node_id: None
2026-09-30T22:35:49 | INFO    | goodware.engine |   organization: None
2026-09-30T22:35:49 | INFO    | goodware.engine | ============================================================
2026-09-30T22:35:49 | INFO    | goodware.engine | Goodware stopped.
2026-09-30T22:35:49 | INFO    | goodware.engine | ============================================================
2026-09-30T22:35:49 | INFO    | goodware.engine | Goodware v3.0 starting...
2026-09-30T22:35:49 | INFO    | goodware.engine |   node_id: None
2026-09-30T22:35:49 | INFO    | goodware.engine |   organization: None
2026-09-30T22:35:49 | INFO    | goodware.engine | ============================================================
2026-09-30T22:35:49 | INFO    | goodware.engine | Goodware stopped.
2026-09-30T22:35:49 | INFO    | goodware.engine | ============================================================
2026-09-30T22:35:49 | INFO    | goodware.engine | Goodware v3.0 starting...
2026-09-30T22:35:49 | INFO    | goodware.engine |   node_id: None
2026-09-30T22:35:49 | INFO    | goodware.engine |   organization: None
2026-09-30T22:35:49 | INFO    | goodware.engine | ============================================================
2026-09-30T22:35:49 | INFO    | goodware.engine | Goodware stopped.
2026-09-30T22:35:49 | INFO    | goodware.engine | ============================================================
2026-09-30T22:35:49 | INFO    | goodware.engine | Goodware v3.0 starting...
2026-09-30T22:35:49 | INFO    | goodware.engine |   node_id: None
2026-09-30T22:35:49 | INFO    | goodware.engine |   organization: None
2026-09-30T22:35:49 | INFO    | goodware.engine | ============================================================
2026-09-30T22:35:49 | INFO    | goodware.engine | Goodware stopped.
2026-09-30T22:35:49 | INFO    | goodware.engine | ============================================================
2026-09-30T22:35:49 | INFO    | goodware.engine | Goodware v3.0 starting...
2026-09-30T22:35:49 | INFO    | goodware.engine |   node_id: None
2026-09-30T22:35:49 | INFO    | goodware.engine |   organization: None
2026-09-30T22:35:49 | INFO    | goodware.engine | ============================================================
2026-09-30T22:35:49 | INFO    | goodware.engine | Goodware stopped.
2026-09-30T22:35:49 | INFO    | goodware.engine | ============================================================
2026-09-30T22:35:49 | INFO    | goodware.engine | Goodware v3.0 starting...
2026-09-30T22:35:49 | INFO    | goodware.engine |   node_id: None
2026-09-30T22:35:49 | INFO    | goodware.engine |   organization: None
2026-09-30T22:35:49 | INFO    | goodware.engine | ============================================================
2026-09-30T22:35:50 | INFO    | goodware.engine | Goodware stopped.
2026-09-30T22:35:50 | INFO    | goodware.engine | ============================================================
2026-09-30T22:35:50 | INFO    | goodware.engine | Goodware v3.0 starting...
2026-09-30T22:35:50 | INFO    | goodware.engine |   node_id: None
2026-09-30T22:35:50 | INFO    | goodware.engine |   organization: None
2026-09-30T22:35:50 | INFO    | goodware.engine | ============================================================
2026-09-30T22:35:50 | INFO    | goodware.engine | Goodware stopped.
2026-09-30T22:35:50 | INFO    | goodware.engine | ============================================================
2026-09-30T22:35:50 | INFO    | goodware.engine | Goodware v3.0 starting...
2026-09-30T22:35:50 | INFO    | goodware.engine |   node_id: None
2026-09-30T22:35:50 | INFO    | goodware.engine |   organization: None
2026-09-30T22:35:50 | INFO    | goodware.engine | ============================================================
2026-09-30T22:35:50 | INFO    | goodware.engine | Goodware stopped.
2026-09-30T22:35:50 | INFO    | goodware.engine | ============================================================
2026-09-30T22:35:50 | INFO    | goodware.engine | Goodware v3.0 starting...
2026-09-30T22:35:50 | INFO    | goodware.engine |   node_id: None
2026-09-30T22:35:50 | INFO    | goodware.engine |   organization: None
2026-09-30T22:35:50 | INFO    | goodware.engine | ============================================================
2026-09-30T22:35:51 | INFO    | goodware.engine | Goodware stopped.
2026-09-30T22:35:51 | INFO    | goodware.engine | ============================================================
2026-09-30T22:35:51 | INFO    | goodware.engine | Goodware v3.0 starting...
2026-09-30T22:35:51 | INFO    | goodware.engine |   node_id: None
2026-09-30T22:35:51 | INFO    | goodware.engine |   organization: None
2026-09-30T22:35:51 | INFO    | goodware.engine | ============================================================
2026-09-30T22:35:51 | INFO    | goodware.engine | Goodware stopped.
2026-09-30T22:35:51 | INFO    | goodware.engine | ============================================================
2026-09-30T22:35:51 | INFO    | goodware.engine | Goodware v3.0 starting...
2026-09-30T22:35:51 | INFO    | goodware.engine |   node_id: None
2026-09-30T22:35:51 | INFO    | goodware.engine |   organization: None
2026-09-30T22:35:51 | INFO    | goodware.engine | ============================================================
2026-09-30T22:35:51 | INFO    | goodware.engine | Goodware stopped.
2026-09-30T22:35:52 | INFO    | goodware.engine | ============================================================
2026-09-30T22:35:52 | INFO    | goodware.engine | Goodware v3.0 starting...
2026-09-30T22:35:52 | INFO    | goodware.engine |   node_id: None
2026-09-30T22:35:52 | INFO    | goodware.engine |   organization: None
2026-09-30T22:35:52 | INFO    | goodware.engine | ============================================================
2026-09-30T22:35:52 | INFO    | goodware.engine | Goodware stopped.
2026-09-30T22:35:52 | INFO    | goodware.engine | ============================================================
2026-09-30T22:35:52 | INFO    | goodware.engine | Goodware v3.0 starting...
2026-09-30T22:35:52 | INFO    | goodware.engine |   node_id: None
2026-09-30T22:35:52 | INFO    | goodware.engine |   organization: None
2026-09-30T22:35:52 | INFO    | goodware.engine | ============================================================
2026-09-30T22:35:52 | INFO    | goodware.engine | Goodware stopped.
2026-09-30T22:36:23 | INFO    | goodware.engine | component registered: filesystem
2026-09-30T22:36:23 | INFO    | goodware.engine | component registered: process
2026-09-30T22:36:23 | INFO    | goodware.engine | component registered: network
2026-09-30T22:36:23 | INFO    | goodware.engine | component registered: memory
2026-09-30T22:36:23 | INFO    | goodware.engine | component registered: config
2026-09-30T22:36:23 | INFO    | goodware.engine | component registered: behavior
2026-09-30T22:36:23 | INFO    | goodware.engine | component registered: quantum
2026-09-30T22:36:23 | INFO    | goodware.engine |   watching 4 paths: ['/etc', '/usr/local/bin', '/usr/bin', '/tmp']
2026-09-30T22:36:26 | INFO    | goodware.engine | component registered: threat
2026-09-30T22:36:26 | INFO    | goodware.engine | component registered: anomaly
2026-09-30T22:36:26 | INFO    | goodware.engine | component registered: simulator
2026-09-30T22:36:27 | INFO    | goodware.engine | component registered: federated-server
2026-09-30T22:36:27 | INFO    | goodware.engine | component registered: federated-client
2026-09-30T22:36:27 | INFO    | goodware.engine | federated server listening on 127.0.0.1:8443
2026-09-30T22:36:29 | INFO    | goodware.engine | component registered: decision-engine
2026-09-30T22:36:29 | INFO    | goodware.engine | component registered: adaptive
2026-09-30T22:36:29 | INFO    | goodware.engine | component registered: mutation
2026-09-30T22:36:29 | INFO    | goodware.engine | component registered: zero_day
2026-09-30T22:36:37 | INFO    | goodware.engine | component registered: decision-engine
2026-09-30T22:36:37 | INFO    | goodware.engine | component registered: adaptive
2026-09-30T22:36:37 | INFO    | goodware.engine | component registered: mutation
2026-09-30T22:36:37 | INFO    | goodware.engine | component registered: zero_day
2026-09-30T22:36:37 | INFO    | goodware.engine | component registered: crypto
2026-09-30T22:36:37 | INFO    | goodware.engine | component registered: human-factor
2026-09-30T22:36:37 | INFO    | goodware.engine | component registered: decision
2026-09-30T22:36:37 | INFO    | goodware.engine | component registered: effector
2026-09-30T22:36:37 | INFO    | goodware.engine | component registered: chainsaw
2026-09-30T22:36:40 | INFO    | goodware.engine | component registered: immune
2026-09-30T22:36:40 | INFO    | goodware.engine | component registered: physical
2026-09-30T22:36:40 | INFO    | goodware.engine | component registered: supply-chain
2026-09-30T22:36:44 | INFO    | goodware.engine | ============================================================
2026-09-30T22:36:44 | INFO    | goodware.engine | Goodware v3.0 starting...
2026-09-30T22:36:44 | INFO    | goodware.engine |   node_id: None
2026-09-30T22:36:44 | INFO    | goodware.engine |   organization: None
2026-09-30T22:36:44 | INFO    | goodware.engine | ============================================================
2026-09-30T22:36:44 | INFO    | goodware.engine | Goodware stopped.
2026-09-30T22:36:44 | INFO    | goodware.engine | ============================================================
2026-09-30T22:36:44 | INFO    | goodware.engine | Goodware v3.0 starting...
2026-09-30T22:36:44 | INFO    | goodware.engine |   node_id: None
2026-09-30T22:36:44 | INFO    | goodware.engine |   organization: None
2026-09-30T22:36:44 | INFO    | goodware.engine | ============================================================
2026-09-30T22:36:44 | INFO    | goodware.engine | Goodware stopped.
2026-09-30T22:36:45 | INFO    | goodware.engine | hunter2
2026-09-30T22:36:45 | INFO    | goodware.engine | component registered: dummy
2026-09-30T22:36:45 | INFO    | goodware.engine | test
2026-09-30T22:36:45 | WARNING | goodware.engine | warn
2026-09-30T22:36:45 | ERROR   | goodware.engine | err
2026-09-30T22:36:46 | INFO    | goodware.engine | component registered: with_attach
2026-09-30T22:36:46 | INFO    | goodware.engine | component registered: dummy
2026-09-30T22:36:46 | INFO    | goodware.engine | ============================================================
2026-09-30T22:36:46 | INFO    | goodware.engine | Goodware v3.0 starting...
2026-09-30T22:36:46 | INFO    | goodware.engine |   node_id: None
2026-09-30T22:36:46 | INFO    | goodware.engine |   organization: None
2026-09-30T22:36:46 | INFO    | goodware.engine | ============================================================
2026-09-30T22:36:46 | INFO    | goodware.engine |   ✓ dummy running
2026-09-30T22:36:46 | INFO    | goodware.engine | Goodware stopped.
2026-09-30T22:36:48 | INFO    | goodware.engine | component registered: threat
2026-09-30T22:36:48 | INFO    | goodware.engine | component registered: anomaly
2026-09-30T22:36:48 | INFO    | goodware.engine | component registered: simulator
2026-09-30T22:36:48 | INFO    | goodware.engine | component registered: filesystem
2026-09-30T22:36:48 | INFO    | goodware.engine | component registered: process
2026-09-30T22:36:48 | INFO    | goodware.engine | component registered: network
2026-09-30T22:36:48 | INFO    | goodware.engine | component registered: memory
2026-09-30T22:36:48 | INFO    | goodware.engine | component registered: config
2026-09-30T22:36:48 | INFO    | goodware.engine | component registered: behavior
2026-09-30T22:36:49 | INFO    | goodware.engine | component registered: quantum
2026-09-30T22:36:49 | INFO    | goodware.engine | component registered: filesystem
2026-09-30T22:36:49 | INFO    | goodware.engine | component registered: process
2026-09-30T22:36:49 | INFO    | goodware.engine | component registered: network
2026-09-30T22:36:49 | INFO    | goodware.engine | component registered: memory
2026-09-30T22:36:49 | INFO    | goodware.engine | component registered: config
2026-09-30T22:36:49 | INFO    | goodware.engine | component registered: behavior
2026-09-30T22:36:49 | INFO    | goodware.engine | component registered: quantum
2026-09-30T22:36:49 | INFO    | goodware.engine | component registered: filesystem
2026-09-30T22:36:49 | INFO    | goodware.engine | component registered: process
2026-09-30T22:36:49 | INFO    | goodware.engine | component registered: network
2026-09-30T22:36:49 | INFO    | goodware.engine | component registered: memory
2026-09-30T22:36:49 | INFO    | goodware.engine | component registered: config
2026-09-30T22:36:49 | INFO    | goodware.engine | component registered: behavior
2026-09-30T22:36:49 | INFO    | goodware.engine | component registered: quantum
2026-09-30T22:36:49 | INFO    | goodware.engine | component registered: filesystem
2026-09-30T22:36:49 | INFO    | goodware.engine | component registered: process
2026-09-30T22:36:49 | INFO    | goodware.engine | component registered: network
2026-09-30T22:36:49 | INFO    | goodware.engine | component registered: memory
2026-09-30T22:36:49 | INFO    | goodware.engine | component registered: config
2026-09-30T22:36:49 | INFO    | goodware.engine | component registered: behavior
2026-09-30T22:36:49 | INFO    | goodware.engine | component registered: quantum
2026-09-30T22:36:49 | INFO    | goodware.engine | component registered: filesystem
2026-09-30T22:36:49 | INFO    | goodware.engine | component registered: process
2026-09-30T22:36:49 | INFO    | goodware.engine | component registered: network
2026-09-30T22:36:49 | INFO    | goodware.engine | component registered: memory
2026-09-30T22:36:49 | INFO    | goodware.engine | component registered: config
2026-09-30T22:36:49 | INFO    | goodware.engine | component registered: behavior
2026-09-30T22:36:49 | INFO    | goodware.engine | component registered: quantum
2026-09-30T22:36:49 | INFO    | goodware.engine | component registered: filesystem
2026-09-30T22:36:49 | INFO    | goodware.engine | component registered: process
2026-09-30T22:36:49 | INFO    | goodware.engine | component registered: network
2026-09-30T22:36:49 | INFO    | goodware.engine | component registered: memory
2026-09-30T22:36:49 | INFO    | goodware.engine | component registered: config
2026-09-30T22:36:49 | INFO    | goodware.engine | component registered: behavior
2026-09-30T22:36:49 | INFO    | goodware.engine | component registered: quantum
2026-09-30T22:36:49 | INFO    | goodware.engine | component registered: filesystem
2026-09-30T22:36:49 | INFO    | goodware.engine | component registered: process
2026-09-30T22:36:49 | INFO    | goodware.engine | component registered: network
2026-09-30T22:36:49 | INFO    | goodware.engine | component registered: memory
2026-09-30T22:36:49 | INFO    | goodware.engine | component registered: config
2026-09-30T22:36:49 | INFO    | goodware.engine | component registered: behavior
2026-09-30T22:36:49 | INFO    | goodware.engine | component registered: quantum
2026-09-30T22:36:49 | INFO    | goodware.engine | component registered: filesystem
2026-09-30T22:36:49 | INFO    | goodware.engine | component registered: process
2026-09-30T22:36:49 | INFO    | goodware.engine | component registered: network
2026-09-30T22:36:49 | INFO    | goodware.engine | component registered: memory
2026-09-30T22:36:49 | INFO    | goodware.engine | component registered: config
2026-09-30T22:36:49 | INFO    | goodware.engine | component registered: behavior
2026-09-30T22:36:49 | INFO    | goodware.engine | component registered: quantum
2026-09-30T22:36:49 | INFO    | goodware.engine | component registered: filesystem
2026-09-30T22:36:49 | INFO    | goodware.engine | component registered: process
2026-09-30T22:36:49 | INFO    | goodware.engine | component registered: network
2026-09-30T22:36:49 | INFO    | goodware.engine | component registered: memory
2026-09-30T22:36:49 | INFO    | goodware.engine | component registered: config
2026-09-30T22:36:49 | INFO    | goodware.engine | component registered: behavior
2026-09-30T22:36:49 | INFO    | goodware.engine | component registered: quantum
2026-09-30T22:36:49 | INFO    | goodware.engine | component registered: filesystem
2026-09-30T22:36:49 | INFO    | goodware.engine | component registered: process
2026-09-30T22:36:49 | INFO    | goodware.engine | component registered: network
2026-09-30T22:36:49 | INFO    | goodware.engine | component registered: memory
2026-09-30T22:36:49 | INFO    | goodware.engine | component registered: config
2026-09-30T22:36:49 | INFO    | goodware.engine | component registered: behavior
2026-09-30T22:36:49 | INFO    | goodware.engine | component registered: quantum
2026-09-30T22:36:49 | INFO    | goodware.engine | component registered: filesystem
2026-09-30T22:36:49 | INFO    | goodware.engine | component registered: process
2026-09-30T22:36:49 | INFO    | goodware.engine | component registered: network
2026-09-30T22:36:49 | INFO    | goodware.engine | component registered: memory
2026-09-30T22:36:49 | INFO    | goodware.engine | component registered: config
2026-09-30T22:36:49 | INFO    | goodware.engine | component registered: behavior
2026-09-30T22:36:49 | INFO    | goodware.engine | component registered: quantum
2026-09-30T22:36:49 | INFO    | goodware.engine | component registered: filesystem
2026-09-30T22:36:49 | INFO    | goodware.engine | component registered: process
2026-09-30T22:36:49 | INFO    | goodware.engine | component registered: network
2026-09-30T22:36:49 | INFO    | goodware.engine | component registered: memory
2026-09-30T22:36:49 | INFO    | goodware.engine | component registered: config
2026-09-30T22:36:49 | INFO    | goodware.engine | component registered: behavior
2026-09-30T22:36:49 | INFO    | goodware.engine | component registered: quantum
2026-09-30T22:36:49 | INFO    | goodware.engine | component registered: filesystem
2026-09-30T22:36:49 | INFO    | goodware.engine | component registered: process
2026-09-30T22:36:49 | INFO    | goodware.engine | component registered: network
2026-09-30T22:36:49 | INFO    | goodware.engine | component registered: memory
2026-09-30T22:36:49 | INFO    | goodware.engine | component registered: config
2026-09-30T22:36:49 | INFO    | goodware.engine | component registered: behavior
2026-09-30T22:36:49 | INFO    | goodware.engine | component registered: quantum
2026-09-30T22:36:49 | INFO    | goodware.engine | component registered: filesystem
2026-09-30T22:36:49 | INFO    | goodware.engine | component registered: process
2026-09-30T22:36:49 | INFO    | goodware.engine | component registered: network
2026-09-30T22:36:49 | INFO    | goodware.engine | component registered: memory
2026-09-30T22:36:49 | INFO    | goodware.engine | component registered: config
2026-09-30T22:36:49 | INFO    | goodware.engine | component registered: behavior
2026-09-30T22:36:49 | INFO    | goodware.engine | component registered: quantum
2026-09-30T22:36:49 | INFO    | goodware.engine | component registered: filesystem
2026-09-30T22:36:49 | INFO    | goodware.engine | component registered: process
2026-09-30T22:36:49 | INFO    | goodware.engine | component registered: network
2026-09-30T22:36:49 | INFO    | goodware.engine | component registered: memory
2026-09-30T22:36:49 | INFO    | goodware.engine | component registered: config
2026-09-30T22:36:49 | INFO    | goodware.engine | component registered: behavior
2026-09-30T22:36:49 | INFO    | goodware.engine | component registered: quantum
2026-09-30T22:36:49 | INFO    | goodware.engine | component registered: filesystem
2026-09-30T22:36:49 | INFO    | goodware.engine | component registered: process
2026-09-30T22:36:49 | INFO    | goodware.engine | component registered: network
2026-09-30T22:36:49 | INFO    | goodware.engine | component registered: memory
2026-09-30T22:36:49 | INFO    | goodware.engine | component registered: config
2026-09-30T22:36:49 | INFO    | goodware.engine | component registered: behavior
2026-09-30T22:36:49 | INFO    | goodware.engine | component registered: quantum
2026-09-30T22:36:49 | INFO    | goodware.engine |   watching 2 paths: ['/etc', '/tmp']
2026-09-30T22:36:49 | INFO    | goodware.engine | component registered: filesystem
2026-09-30T22:36:49 | INFO    | goodware.engine | component registered: process
2026-09-30T22:36:49 | INFO    | goodware.engine | component registered: network
2026-09-30T22:36:49 | INFO    | goodware.engine | component registered: memory
2026-09-30T22:36:49 | INFO    | goodware.engine | component registered: config
2026-09-30T22:36:49 | INFO    | goodware.engine | component registered: behavior
2026-09-30T22:36:49 | INFO    | goodware.engine | component registered: quantum
2026-09-30T22:36:49 | INFO    | goodware.engine | component registered: filesystem
2026-09-30T22:36:49 | INFO    | goodware.engine | component registered: process
2026-09-30T22:36:49 | INFO    | goodware.engine | component registered: network
2026-09-30T22:36:49 | INFO    | goodware.engine | component registered: memory
2026-09-30T22:36:49 | INFO    | goodware.engine | component registered: config
2026-09-30T22:36:49 | INFO    | goodware.engine | component registered: behavior
2026-09-30T22:36:49 | INFO    | goodware.engine | component registered: quantum
2026-09-30T22:36:49 | INFO    | goodware.engine | component registered: filesystem
2026-09-30T22:36:49 | INFO    | goodware.engine | component registered: process
2026-09-30T22:36:49 | INFO    | goodware.engine | component registered: network
2026-09-30T22:36:49 | INFO    | goodware.engine | component registered: memory
2026-09-30T22:36:49 | INFO    | goodware.engine | component registered: config
2026-09-30T22:36:49 | INFO    | goodware.engine | component registered: behavior
2026-09-30T22:36:49 | INFO    | goodware.engine | component registered: quantum
2026-09-30T22:36:50 | INFO    | goodware.engine | component registered: filesystem
2026-09-30T22:36:50 | INFO    | goodware.engine | component registered: process
2026-09-30T22:36:50 | INFO    | goodware.engine | component registered: network
2026-09-30T22:36:50 | INFO    | goodware.engine | component registered: memory
2026-09-30T22:36:50 | INFO    | goodware.engine | component registered: config
2026-09-30T22:36:50 | INFO    | goodware.engine | component registered: behavior
2026-09-30T22:36:50 | INFO    | goodware.engine | component registered: quantum
2026-09-30T22:36:50 | INFO    | goodware.engine | component registered: filesystem
2026-09-30T22:36:50 | INFO    | goodware.engine | component registered: process
2026-09-30T22:36:50 | INFO    | goodware.engine | component registered: network
2026-09-30T22:36:50 | INFO    | goodware.engine | component registered: memory
2026-09-30T22:36:50 | INFO    | goodware.engine | component registered: config
2026-09-30T22:36:50 | INFO    | goodware.engine | component registered: behavior
2026-09-30T22:36:50 | INFO    | goodware.engine | component registered: quantum
2026-09-30T22:36:50 | INFO    | goodware.engine | component registered: filesystem
2026-09-30T22:36:50 | INFO    | goodware.engine | component registered: process
2026-09-30T22:36:50 | INFO    | goodware.engine | component registered: network
2026-09-30T22:36:50 | INFO    | goodware.engine | component registered: memory
2026-09-30T22:36:50 | INFO    | goodware.engine | component registered: config
2026-09-30T22:36:50 | INFO    | goodware.engine | component registered: behavior
2026-09-30T22:36:50 | INFO    | goodware.engine | component registered: quantum
2026-09-30T22:36:50 | INFO    | goodware.engine | component registered: filesystem
2026-09-30T22:36:50 | INFO    | goodware.engine | component registered: process
2026-09-30T22:36:50 | INFO    | goodware.engine | component registered: network
2026-09-30T22:36:50 | INFO    | goodware.engine | component registered: memory
2026-09-30T22:36:50 | INFO    | goodware.engine | component registered: config
2026-09-30T22:36:50 | INFO    | goodware.engine | component registered: behavior
2026-09-30T22:36:50 | INFO    | goodware.engine | component registered: quantum
2026-09-30T22:36:50 | INFO    | goodware.engine | component registered: filesystem
2026-09-30T22:36:50 | INFO    | goodware.engine | component registered: process
2026-09-30T22:36:50 | INFO    | goodware.engine | component registered: network
2026-09-30T22:36:50 | INFO    | goodware.engine | component registered: memory
2026-09-30T22:36:50 | INFO    | goodware.engine | component registered: config
2026-09-30T22:36:50 | INFO    | goodware.engine | component registered: behavior
2026-09-30T22:36:50 | INFO    | goodware.engine | component registered: quantum
2026-09-30T22:36:50 | INFO    | goodware.engine | component registered: filesystem
2026-09-30T22:36:50 | INFO    | goodware.engine | component registered: process
2026-09-30T22:36:50 | INFO    | goodware.engine | component registered: network
2026-09-30T22:36:50 | INFO    | goodware.engine | component registered: memory
2026-09-30T22:36:50 | INFO    | goodware.engine | component registered: config
2026-09-30T22:36:50 | INFO    | goodware.engine | component registered: behavior
2026-09-30T22:36:50 | INFO    | goodware.engine | component registered: quantum
2026-09-30T22:36:50 | INFO    | goodware.engine | component registered: filesystem
2026-09-30T22:36:50 | INFO    | goodware.engine | component registered: process
2026-09-30T22:36:50 | INFO    | goodware.engine | component registered: network
2026-09-30T22:36:50 | INFO    | goodware.engine | component registered: memory
2026-09-30T22:36:50 | INFO    | goodware.engine | component registered: config
2026-09-30T22:36:50 | INFO    | goodware.engine | component registered: behavior
2026-09-30T22:36:50 | INFO    | goodware.engine | component registered: quantum
2026-09-30T22:36:50 | INFO    | goodware.engine | component registered: filesystem
2026-09-30T22:36:50 | INFO    | goodware.engine | component registered: process
2026-09-30T22:36:50 | INFO    | goodware.engine | component registered: network
2026-09-30T22:36:50 | INFO    | goodware.engine | component registered: memory
2026-09-30T22:36:50 | INFO    | goodware.engine | component registered: config
2026-09-30T22:36:50 | INFO    | goodware.engine | component registered: behavior
2026-09-30T22:36:50 | INFO    | goodware.engine | component registered: quantum
2026-09-30T22:36:50 | INFO    | goodware.engine | component registered: filesystem
2026-09-30T22:36:50 | INFO    | goodware.engine | component registered: process
2026-09-30T22:36:50 | INFO    | goodware.engine | component registered: network
2026-09-30T22:36:50 | INFO    | goodware.engine | component registered: memory
2026-09-30T22:36:50 | INFO    | goodware.engine | component registered: config
2026-09-30T22:36:50 | INFO    | goodware.engine | component registered: behavior
2026-09-30T22:36:50 | INFO    | goodware.engine | component registered: quantum
2026-09-30T22:36:51 | INFO    | goodware.engine | component registered: filesystem
2026-09-30T22:36:51 | INFO    | goodware.engine | component registered: process
2026-09-30T22:36:51 | INFO    | goodware.engine | component registered: network
2026-09-30T22:36:51 | INFO    | goodware.engine | component registered: memory
2026-09-30T22:36:51 | INFO    | goodware.engine | component registered: config
2026-09-30T22:36:51 | INFO    | goodware.engine | component registered: behavior
2026-09-30T22:36:51 | INFO    | goodware.engine | component registered: quantum
2026-09-30T22:36:51 | INFO    | goodware.engine | component registered: filesystem
2026-09-30T22:36:51 | INFO    | goodware.engine | component registered: process
2026-09-30T22:36:51 | INFO    | goodware.engine | component registered: network
2026-09-30T22:36:51 | INFO    | goodware.engine | component registered: memory
2026-09-30T22:36:51 | INFO    | goodware.engine | component registered: config
2026-09-30T22:36:51 | INFO    | goodware.engine | component registered: behavior
2026-09-30T22:36:51 | INFO    | goodware.engine | component registered: quantum
2026-09-30T22:36:51 | INFO    | goodware.engine | component registered: filesystem
2026-09-30T22:36:51 | INFO    | goodware.engine | component registered: process
2026-09-30T22:36:51 | INFO    | goodware.engine | component registered: network
2026-09-30T22:36:51 | INFO    | goodware.engine | component registered: memory
2026-09-30T22:36:51 | INFO    | goodware.engine | component registered: config
2026-09-30T22:36:51 | INFO    | goodware.engine | component registered: behavior
2026-09-30T22:36:51 | INFO    | goodware.engine | component registered: quantum
2026-09-30T22:36:51 | INFO    | goodware.engine | component registered: filesystem
2026-09-30T22:36:51 | INFO    | goodware.engine | component registered: process
2026-09-30T22:36:51 | INFO    | goodware.engine | component registered: network
2026-09-30T22:36:51 | INFO    | goodware.engine | component registered: memory
2026-09-30T22:36:51 | INFO    | goodware.engine | component registered: config
2026-09-30T22:36:51 | INFO    | goodware.engine | component registered: behavior
2026-09-30T22:36:51 | INFO    | goodware.engine | component registered: quantum
2026-09-30T22:36:51 | INFO    | goodware.engine |   watching 2 paths: ['/etc', '/tmp']
2026-09-30T22:36:51 | INFO    | goodware.engine | component registered: filesystem
2026-09-30T22:36:51 | INFO    | goodware.engine | component registered: process
2026-09-30T22:36:51 | INFO    | goodware.engine | component registered: network
2026-09-30T22:36:51 | INFO    | goodware.engine | component registered: memory
2026-09-30T22:36:51 | INFO    | goodware.engine | component registered: config
2026-09-30T22:36:51 | INFO    | goodware.engine | component registered: behavior
2026-09-30T22:36:51 | INFO    | goodware.engine | component registered: quantum
2026-09-30T22:36:51 | INFO    | goodware.engine |   watching 2 paths: ['/etc', '/tmp']
2026-09-30T22:36:52 | INFO    | goodware.engine | ============================================================
2026-09-30T22:36:52 | INFO    | goodware.engine | Goodware v3.0 starting...
2026-09-30T22:36:52 | INFO    | goodware.engine |   node_id: None
2026-09-30T22:36:52 | INFO    | goodware.engine |   organization: None
2026-09-30T22:36:52 | INFO    | goodware.engine | ============================================================
2026-09-30T22:36:52 | INFO    | goodware.engine | Goodware stopped.
2026-09-30T22:36:52 | INFO    | goodware.engine | ============================================================
2026-09-30T22:36:52 | INFO    | goodware.engine | Goodware v3.0 starting...
2026-09-30T22:36:52 | INFO    | goodware.engine |   node_id: None
2026-09-30T22:36:52 | INFO    | goodware.engine |   organization: None
2026-09-30T22:36:52 | INFO    | goodware.engine | ============================================================
2026-09-30T22:36:52 | INFO    | goodware.engine | Goodware stopped.
2026-09-30T22:36:52 | INFO    | goodware.engine | ============================================================
2026-09-30T22:36:52 | INFO    | goodware.engine | Goodware v3.0 starting...
2026-09-30T22:36:52 | INFO    | goodware.engine |   node_id: None
2026-09-30T22:36:52 | INFO    | goodware.engine |   organization: None
2026-09-30T22:36:52 | INFO    | goodware.engine | ============================================================
2026-09-30T22:36:53 | INFO    | goodware.engine | Goodware stopped.
2026-09-30T22:36:53 | INFO    | goodware.engine | ============================================================
2026-09-30T22:36:53 | INFO    | goodware.engine | Goodware v3.0 starting...
2026-09-30T22:36:53 | INFO    | goodware.engine |   node_id: None
2026-09-30T22:36:53 | INFO    | goodware.engine |   organization: None
2026-09-30T22:36:53 | INFO    | goodware.engine | ============================================================
2026-09-30T22:36:53 | INFO    | goodware.engine | Goodware stopped.
2026-09-30T22:36:53 | INFO    | goodware.engine | ============================================================
2026-09-30T22:36:53 | INFO    | goodware.engine | Goodware v3.0 starting...
2026-09-30T22:36:53 | INFO    | goodware.engine |   node_id: None
2026-09-30T22:36:53 | INFO    | goodware.engine |   organization: None
2026-09-30T22:36:53 | INFO    | goodware.engine | ============================================================
2026-09-30T22:36:53 | INFO    | goodware.engine | Goodware stopped.
2026-09-30T22:36:53 | INFO    | goodware.engine | ============================================================
2026-09-30T22:36:53 | INFO    | goodware.engine | Goodware v3.0 starting...
2026-09-30T22:36:53 | INFO    | goodware.engine |   node_id: None
2026-09-30T22:36:53 | INFO    | goodware.engine |   organization: None
2026-09-30T22:36:53 | INFO    | goodware.engine | ============================================================
2026-09-30T22:36:54 | INFO    | goodware.engine | Goodware stopped.
2026-09-30T22:36:54 | INFO    | goodware.engine | ============================================================
2026-09-30T22:36:54 | INFO    | goodware.engine | Goodware v3.0 starting...
2026-09-30T22:36:54 | INFO    | goodware.engine |   node_id: None
2026-09-30T22:36:54 | INFO    | goodware.engine |   organization: None
2026-09-30T22:36:54 | INFO    | goodware.engine | ============================================================
2026-09-30T22:36:54 | INFO    | goodware.engine | Goodware stopped.
2026-09-30T22:36:54 | INFO    | goodware.engine | ============================================================
2026-09-30T22:36:54 | INFO    | goodware.engine | Goodware v3.0 starting...
2026-09-30T22:36:54 | INFO    | goodware.engine |   node_id: None
2026-09-30T22:36:54 | INFO    | goodware.engine |   organization: None
2026-09-30T22:36:54 | INFO    | goodware.engine | ============================================================
2026-09-30T22:36:54 | INFO    | goodware.engine | Goodware stopped.
2026-09-30T22:36:54 | INFO    | goodware.engine | ============================================================
2026-09-30T22:36:54 | INFO    | goodware.engine | Goodware v3.0 starting...
2026-09-30T22:36:54 | INFO    | goodware.engine |   node_id: None
2026-09-30T22:36:54 | INFO    | goodware.engine |   organization: None
2026-09-30T22:36:54 | INFO    | goodware.engine | ============================================================
2026-09-30T22:36:54 | INFO    | goodware.engine | Goodware stopped.
2026-09-30T22:36:54 | INFO    | goodware.engine | ============================================================
2026-09-30T22:36:54 | INFO    | goodware.engine | Goodware v3.0 starting...
2026-09-30T22:36:54 | INFO    | goodware.engine |   node_id: None
2026-09-30T22:36:54 | INFO    | goodware.engine |   organization: None
2026-09-30T22:36:54 | INFO    | goodware.engine | ============================================================
2026-09-30T22:36:55 | INFO    | goodware.engine | Goodware stopped.
2026-09-30T22:36:55 | INFO    | goodware.engine | ============================================================
2026-09-30T22:36:55 | INFO    | goodware.engine | Goodware v3.0 starting...
2026-09-30T22:36:55 | INFO    | goodware.engine |   node_id: None
2026-09-30T22:36:55 | INFO    | goodware.engine |   organization: None
2026-09-30T22:36:55 | INFO    | goodware.engine | ============================================================
2026-09-30T22:36:55 | INFO    | goodware.engine | Goodware stopped.
2026-09-30T22:36:55 | INFO    | goodware.engine | ============================================================
2026-09-30T22:36:55 | INFO    | goodware.engine | Goodware v3.0 starting...
2026-09-30T22:36:55 | INFO    | goodware.engine |   node_id: None
2026-09-30T22:36:55 | INFO    | goodware.engine |   organization: None
2026-09-30T22:36:55 | INFO    | goodware.engine | ============================================================
2026-09-30T22:36:55 | INFO    | goodware.engine | Goodware stopped.
2026-09-30T22:36:55 | INFO    | goodware.engine | ============================================================
2026-09-30T22:36:55 | INFO    | goodware.engine | Goodware v3.0 starting...
2026-09-30T22:36:55 | INFO    | goodware.engine |   node_id: None
2026-09-30T22:36:55 | INFO    | goodware.engine |   organization: None
2026-09-30T22:36:55 | INFO    | goodware.engine | ============================================================
2026-09-30T22:36:55 | INFO    | goodware.engine | Goodware stopped.
2026-09-30T22:36:55 | INFO    | goodware.engine | ============================================================
2026-09-30T22:36:55 | INFO    | goodware.engine | Goodware v3.0 starting...
2026-09-30T22:36:55 | INFO    | goodware.engine |   node_id: None
2026-09-30T22:36:55 | INFO    | goodware.engine |   organization: None
2026-09-30T22:36:55 | INFO    | goodware.engine | ============================================================
2026-09-30T22:36:55 | INFO    | goodware.engine | Goodware stopped.
2026-09-30T22:36:55 | INFO    | goodware.engine | ============================================================
2026-09-30T22:36:55 | INFO    | goodware.engine | Goodware v3.0 starting...
2026-09-30T22:36:55 | INFO    | goodware.engine |   node_id: None
2026-09-30T22:36:55 | INFO    | goodware.engine |   organization: None
2026-09-30T22:36:55 | INFO    | goodware.engine | ============================================================
2026-09-30T22:36:55 | INFO    | goodware.engine | Goodware stopped.
2026-09-30T22:36:55 | INFO    | goodware.engine | ============================================================
2026-09-30T22:36:55 | INFO    | goodware.engine | Goodware v3.0 starting...
2026-09-30T22:36:55 | INFO    | goodware.engine |   node_id: None
2026-09-30T22:36:55 | INFO    | goodware.engine |   organization: None
2026-09-30T22:36:55 | INFO    | goodware.engine | ============================================================
2026-09-30T22:36:55 | INFO    | goodware.engine | Goodware stopped.
2026-09-30T22:36:55 | INFO    | goodware.engine | ============================================================
2026-09-30T22:36:55 | INFO    | goodware.engine | Goodware v3.0 starting...
2026-09-30T22:36:55 | INFO    | goodware.engine |   node_id: None
2026-09-30T22:36:55 | INFO    | goodware.engine |   organization: None
2026-09-30T22:36:55 | INFO    | goodware.engine | ============================================================
2026-09-30T22:36:55 | INFO    | goodware.engine | Goodware stopped.
2026-09-30T22:36:55 | INFO    | goodware.engine | ============================================================
2026-09-30T22:36:55 | INFO    | goodware.engine | Goodware v3.0 starting...
2026-09-30T22:36:55 | INFO    | goodware.engine |   node_id: None
2026-09-30T22:36:55 | INFO    | goodware.engine |   organization: None
2026-09-30T22:36:55 | INFO    | goodware.engine | ============================================================
2026-09-30T22:36:55 | INFO    | goodware.engine | Goodware stopped.
2026-09-30T22:36:55 | INFO    | goodware.engine | ============================================================
2026-09-30T22:36:55 | INFO    | goodware.engine | Goodware v3.0 starting...
2026-09-30T22:36:55 | INFO    | goodware.engine |   node_id: None
2026-09-30T22:36:55 | INFO    | goodware.engine |   organization: None
2026-09-30T22:36:55 | INFO    | goodware.engine | ============================================================
2026-09-30T22:36:56 | INFO    | goodware.engine | Goodware stopped.
2026-09-30T22:36:56 | INFO    | goodware.engine | ============================================================
2026-09-30T22:36:56 | INFO    | goodware.engine | Goodware v3.0 starting...
2026-09-30T22:36:56 | INFO    | goodware.engine |   node_id: None
2026-09-30T22:36:56 | INFO    | goodware.engine |   organization: None
2026-09-30T22:36:56 | INFO    | goodware.engine | ============================================================
2026-09-30T22:36:56 | INFO    | goodware.engine | Goodware stopped.
2026-09-30T22:36:56 | INFO    | goodware.engine | ============================================================
2026-09-30T22:36:56 | INFO    | goodware.engine | Goodware v3.0 starting...
2026-09-30T22:36:56 | INFO    | goodware.engine |   node_id: None
2026-09-30T22:36:56 | INFO    | goodware.engine |   organization: None
2026-09-30T22:36:56 | INFO    | goodware.engine | ============================================================
2026-09-30T22:36:56 | INFO    | goodware.engine | Goodware stopped.
2026-09-30T22:36:56 | INFO    | goodware.engine | ============================================================
2026-09-30T22:36:56 | INFO    | goodware.engine | Goodware v3.0 starting...
2026-09-30T22:36:56 | INFO    | goodware.engine |   node_id: None
2026-09-30T22:36:56 | INFO    | goodware.engine |   organization: None
2026-09-30T22:36:56 | INFO    | goodware.engine | ============================================================
2026-09-30T22:36:57 | INFO    | goodware.engine | Goodware stopped.
2026-09-30T22:39:25 | INFO    | goodware.engine | component registered: filesystem
2026-09-30T22:39:25 | INFO    | goodware.engine | component registered: process
2026-09-30T22:39:25 | INFO    | goodware.engine | component registered: network
2026-09-30T22:39:25 | INFO    | goodware.engine | component registered: memory
2026-09-30T22:39:25 | INFO    | goodware.engine | component registered: config
2026-09-30T22:39:25 | INFO    | goodware.engine | component registered: behavior
2026-09-30T22:39:25 | INFO    | goodware.engine | component registered: quantum
2026-09-30T22:39:25 | INFO    | goodware.engine |   watching 4 paths: ['/etc', '/usr/local/bin', '/usr/bin', '/tmp']
2026-09-30T22:39:28 | INFO    | goodware.engine | component registered: threat
2026-09-30T22:39:28 | INFO    | goodware.engine | component registered: anomaly
2026-09-30T22:39:28 | INFO    | goodware.engine | component registered: simulator
2026-09-30T22:39:29 | INFO    | goodware.engine | component registered: federated-server
2026-09-30T22:39:29 | INFO    | goodware.engine | component registered: federated-client
2026-09-30T22:39:29 | INFO    | goodware.engine | federated server listening on 127.0.0.1:8443
2026-09-30T22:39:31 | INFO    | goodware.engine | component registered: decision-engine
2026-09-30T22:39:31 | INFO    | goodware.engine | component registered: adaptive
2026-09-30T22:39:31 | INFO    | goodware.engine | component registered: mutation
2026-09-30T22:39:31 | INFO    | goodware.engine | component registered: zero_day
2026-09-30T22:39:39 | INFO    | goodware.engine | component registered: decision-engine
2026-09-30T22:39:39 | INFO    | goodware.engine | component registered: adaptive
2026-09-30T22:39:39 | INFO    | goodware.engine | component registered: mutation
2026-09-30T22:39:39 | INFO    | goodware.engine | component registered: zero_day
2026-09-30T22:39:39 | INFO    | goodware.engine | component registered: crypto
2026-09-30T22:39:39 | INFO    | goodware.engine | component registered: human-factor
2026-09-30T22:39:39 | INFO    | goodware.engine | component registered: decision
2026-09-30T22:39:39 | INFO    | goodware.engine | component registered: effector
2026-09-30T22:39:39 | INFO    | goodware.engine | component registered: chainsaw
2026-09-30T22:39:42 | INFO    | goodware.engine | component registered: immune
2026-09-30T22:39:42 | INFO    | goodware.engine | component registered: physical
2026-09-30T22:39:42 | INFO    | goodware.engine | component registered: supply-chain
2026-09-30T22:39:46 | INFO    | goodware.engine | ============================================================
2026-09-30T22:39:46 | INFO    | goodware.engine | Goodware v3.0 starting...
2026-09-30T22:39:46 | INFO    | goodware.engine |   node_id: None
2026-09-30T22:39:46 | INFO    | goodware.engine |   organization: None
2026-09-30T22:39:46 | INFO    | goodware.engine | ============================================================
2026-09-30T22:39:46 | INFO    | goodware.engine | Goodware stopped.
2026-09-30T22:39:46 | INFO    | goodware.engine | ============================================================
2026-09-30T22:39:46 | INFO    | goodware.engine | Goodware v3.0 starting...
2026-09-30T22:39:46 | INFO    | goodware.engine |   node_id: None
2026-09-30T22:39:46 | INFO    | goodware.engine |   organization: None
2026-09-30T22:39:46 | INFO    | goodware.engine | ============================================================
2026-09-30T22:39:46 | INFO    | goodware.engine | Goodware stopped.
2026-09-30T22:39:47 | INFO    | goodware.engine | hunter2
2026-09-30T22:39:47 | INFO    | goodware.engine | component registered: dummy
2026-09-30T22:39:48 | INFO    | goodware.engine | test
2026-09-30T22:39:48 | WARNING | goodware.engine | warn
2026-09-30T22:39:48 | ERROR   | goodware.engine | err
2026-09-30T22:39:48 | INFO    | goodware.engine | component registered: with_attach
2026-09-30T22:39:48 | INFO    | goodware.engine | component registered: dummy
2026-09-30T22:39:48 | INFO    | goodware.engine | ============================================================
2026-09-30T22:39:48 | INFO    | goodware.engine | Goodware v3.0 starting...
2026-09-30T22:39:48 | INFO    | goodware.engine |   node_id: None
2026-09-30T22:39:48 | INFO    | goodware.engine |   organization: None
2026-09-30T22:39:48 | INFO    | goodware.engine | ============================================================
2026-09-30T22:39:48 | INFO    | goodware.engine |   ✓ dummy running
2026-09-30T22:39:49 | INFO    | goodware.engine | Goodware stopped.
2026-09-30T22:39:51 | INFO    | goodware.engine | component registered: threat
2026-09-30T22:39:51 | INFO    | goodware.engine | component registered: anomaly
2026-09-30T22:39:51 | INFO    | goodware.engine | component registered: simulator
2026-09-30T22:39:51 | INFO    | goodware.engine | component registered: filesystem
2026-09-30T22:39:51 | INFO    | goodware.engine | component registered: process
2026-09-30T22:39:51 | INFO    | goodware.engine | component registered: network
2026-09-30T22:39:51 | INFO    | goodware.engine | component registered: memory
2026-09-30T22:39:51 | INFO    | goodware.engine | component registered: config
2026-09-30T22:39:51 | INFO    | goodware.engine | component registered: behavior
2026-09-30T22:39:51 | INFO    | goodware.engine | component registered: quantum
2026-09-30T22:39:51 | INFO    | goodware.engine | component registered: filesystem
2026-09-30T22:39:51 | INFO    | goodware.engine | component registered: process
2026-09-30T22:39:51 | INFO    | goodware.engine | component registered: network
2026-09-30T22:39:51 | INFO    | goodware.engine | component registered: memory
2026-09-30T22:39:51 | INFO    | goodware.engine | component registered: config
2026-09-30T22:39:51 | INFO    | goodware.engine | component registered: behavior
2026-09-30T22:39:51 | INFO    | goodware.engine | component registered: quantum
2026-09-30T22:39:51 | INFO    | goodware.engine | component registered: filesystem
2026-09-30T22:39:51 | INFO    | goodware.engine | component registered: process
2026-09-30T22:39:51 | INFO    | goodware.engine | component registered: network
2026-09-30T22:39:51 | INFO    | goodware.engine | component registered: memory
2026-09-30T22:39:51 | INFO    | goodware.engine | component registered: config
2026-09-30T22:39:51 | INFO    | goodware.engine | component registered: behavior
2026-09-30T22:39:51 | INFO    | goodware.engine | component registered: quantum
2026-09-30T22:39:51 | INFO    | goodware.engine | component registered: filesystem
2026-09-30T22:39:51 | INFO    | goodware.engine | component registered: process
2026-09-30T22:39:51 | INFO    | goodware.engine | component registered: network
2026-09-30T22:39:51 | INFO    | goodware.engine | component registered: memory
2026-09-30T22:39:51 | INFO    | goodware.engine | component registered: config
2026-09-30T22:39:51 | INFO    | goodware.engine | component registered: behavior
2026-09-30T22:39:51 | INFO    | goodware.engine | component registered: quantum
2026-09-30T22:39:51 | INFO    | goodware.engine | component registered: filesystem
2026-09-30T22:39:51 | INFO    | goodware.engine | component registered: process
2026-09-30T22:39:51 | INFO    | goodware.engine | component registered: network
2026-09-30T22:39:51 | INFO    | goodware.engine | component registered: memory
2026-09-30T22:39:51 | INFO    | goodware.engine | component registered: config
2026-09-30T22:39:51 | INFO    | goodware.engine | component registered: behavior
2026-09-30T22:39:51 | INFO    | goodware.engine | component registered: quantum
2026-09-30T22:39:51 | INFO    | goodware.engine | component registered: filesystem
2026-09-30T22:39:51 | INFO    | goodware.engine | component registered: process
2026-09-30T22:39:51 | INFO    | goodware.engine | component registered: network
2026-09-30T22:39:51 | INFO    | goodware.engine | component registered: memory
2026-09-30T22:39:51 | INFO    | goodware.engine | component registered: config
2026-09-30T22:39:51 | INFO    | goodware.engine | component registered: behavior
2026-09-30T22:39:51 | INFO    | goodware.engine | component registered: quantum
2026-09-30T22:39:51 | INFO    | goodware.engine | component registered: filesystem
2026-09-30T22:39:51 | INFO    | goodware.engine | component registered: process
2026-09-30T22:39:51 | INFO    | goodware.engine | component registered: network
2026-09-30T22:39:51 | INFO    | goodware.engine | component registered: memory
2026-09-30T22:39:51 | INFO    | goodware.engine | component registered: config
2026-09-30T22:39:51 | INFO    | goodware.engine | component registered: behavior
2026-09-30T22:39:51 | INFO    | goodware.engine | component registered: quantum
2026-09-30T22:39:51 | INFO    | goodware.engine | component registered: filesystem
2026-09-30T22:39:51 | INFO    | goodware.engine | component registered: process
2026-09-30T22:39:51 | INFO    | goodware.engine | component registered: network
2026-09-30T22:39:51 | INFO    | goodware.engine | component registered: memory
2026-09-30T22:39:51 | INFO    | goodware.engine | component registered: config
2026-09-30T22:39:51 | INFO    | goodware.engine | component registered: behavior
2026-09-30T22:39:51 | INFO    | goodware.engine | component registered: quantum
2026-09-30T22:39:51 | INFO    | goodware.engine | component registered: filesystem
2026-09-30T22:39:51 | INFO    | goodware.engine | component registered: process
2026-09-30T22:39:51 | INFO    | goodware.engine | component registered: network
2026-09-30T22:39:51 | INFO    | goodware.engine | component registered: memory
2026-09-30T22:39:51 | INFO    | goodware.engine | component registered: config
2026-09-30T22:39:51 | INFO    | goodware.engine | component registered: behavior
2026-09-30T22:39:51 | INFO    | goodware.engine | component registered: quantum
2026-09-30T22:39:51 | INFO    | goodware.engine | component registered: filesystem
2026-09-30T22:39:51 | INFO    | goodware.engine | component registered: process
2026-09-30T22:39:51 | INFO    | goodware.engine | component registered: network
2026-09-30T22:39:51 | INFO    | goodware.engine | component registered: memory
2026-09-30T22:39:51 | INFO    | goodware.engine | component registered: config
2026-09-30T22:39:51 | INFO    | goodware.engine | component registered: behavior
2026-09-30T22:39:51 | INFO    | goodware.engine | component registered: quantum
2026-09-30T22:39:51 | INFO    | goodware.engine | component registered: filesystem
2026-09-30T22:39:51 | INFO    | goodware.engine | component registered: process
2026-09-30T22:39:51 | INFO    | goodware.engine | component registered: network
2026-09-30T22:39:51 | INFO    | goodware.engine | component registered: memory
2026-09-30T22:39:51 | INFO    | goodware.engine | component registered: config
2026-09-30T22:39:51 | INFO    | goodware.engine | component registered: behavior
2026-09-30T22:39:51 | INFO    | goodware.engine | component registered: quantum
2026-09-30T22:39:51 | INFO    | goodware.engine | component registered: filesystem
2026-09-30T22:39:51 | INFO    | goodware.engine | component registered: process
2026-09-30T22:39:51 | INFO    | goodware.engine | component registered: network
2026-09-30T22:39:51 | INFO    | goodware.engine | component registered: memory
2026-09-30T22:39:51 | INFO    | goodware.engine | component registered: config
2026-09-30T22:39:51 | INFO    | goodware.engine | component registered: behavior
2026-09-30T22:39:51 | INFO    | goodware.engine | component registered: quantum
2026-09-30T22:39:51 | INFO    | goodware.engine | component registered: filesystem
2026-09-30T22:39:51 | INFO    | goodware.engine | component registered: process
2026-09-30T22:39:51 | INFO    | goodware.engine | component registered: network
2026-09-30T22:39:51 | INFO    | goodware.engine | component registered: memory
2026-09-30T22:39:51 | INFO    | goodware.engine | component registered: config
2026-09-30T22:39:51 | INFO    | goodware.engine | component registered: behavior
2026-09-30T22:39:51 | INFO    | goodware.engine | component registered: quantum
2026-09-30T22:39:51 | INFO    | goodware.engine | component registered: filesystem
2026-09-30T22:39:51 | INFO    | goodware.engine | component registered: process
2026-09-30T22:39:52 | INFO    | goodware.engine | component registered: network
2026-09-30T22:39:52 | INFO    | goodware.engine | component registered: memory
2026-09-30T22:39:52 | INFO    | goodware.engine | component registered: config
2026-09-30T22:39:52 | INFO    | goodware.engine | component registered: behavior
2026-09-30T22:39:52 | INFO    | goodware.engine | component registered: quantum
2026-09-30T22:39:52 | INFO    | goodware.engine | component registered: filesystem
2026-09-30T22:39:52 | INFO    | goodware.engine | component registered: process
2026-09-30T22:39:52 | INFO    | goodware.engine | component registered: network
2026-09-30T22:39:52 | INFO    | goodware.engine | component registered: memory
2026-09-30T22:39:52 | INFO    | goodware.engine | component registered: config
2026-09-30T22:39:52 | INFO    | goodware.engine | component registered: behavior
2026-09-30T22:39:52 | INFO    | goodware.engine | component registered: quantum
2026-09-30T22:39:52 | INFO    | goodware.engine | component registered: filesystem
2026-09-30T22:39:52 | INFO    | goodware.engine | component registered: process
2026-09-30T22:39:52 | INFO    | goodware.engine | component registered: network
2026-09-30T22:39:52 | INFO    | goodware.engine | component registered: memory
2026-09-30T22:39:52 | INFO    | goodware.engine | component registered: config
2026-09-30T22:39:52 | INFO    | goodware.engine | component registered: behavior
2026-09-30T22:39:52 | INFO    | goodware.engine | component registered: quantum
2026-09-30T22:39:52 | INFO    | goodware.engine |   watching 2 paths: ['/etc', '/tmp']
2026-09-30T22:39:52 | INFO    | goodware.engine | component registered: filesystem
2026-09-30T22:39:52 | INFO    | goodware.engine | component registered: process
2026-09-30T22:39:52 | INFO    | goodware.engine | component registered: network
2026-09-30T22:39:52 | INFO    | goodware.engine | component registered: memory
2026-09-30T22:39:52 | INFO    | goodware.engine | component registered: config
2026-09-30T22:39:52 | INFO    | goodware.engine | component registered: behavior
2026-09-30T22:39:52 | INFO    | goodware.engine | component registered: quantum
2026-09-30T22:39:52 | INFO    | goodware.engine | component registered: filesystem
2026-09-30T22:39:52 | INFO    | goodware.engine | component registered: process
2026-09-30T22:39:52 | INFO    | goodware.engine | component registered: network
2026-09-30T22:39:52 | INFO    | goodware.engine | component registered: memory
2026-09-30T22:39:52 | INFO    | goodware.engine | component registered: config
2026-09-30T22:39:52 | INFO    | goodware.engine | component registered: behavior
2026-09-30T22:39:52 | INFO    | goodware.engine | component registered: quantum
2026-09-30T22:39:52 | INFO    | goodware.engine | component registered: filesystem
2026-09-30T22:39:52 | INFO    | goodware.engine | component registered: process
2026-09-30T22:39:52 | INFO    | goodware.engine | component registered: network
2026-09-30T22:39:52 | INFO    | goodware.engine | component registered: memory
2026-09-30T22:39:52 | INFO    | goodware.engine | component registered: config
2026-09-30T22:39:52 | INFO    | goodware.engine | component registered: behavior
2026-09-30T22:39:52 | INFO    | goodware.engine | component registered: quantum
2026-09-30T22:39:52 | INFO    | goodware.engine | component registered: filesystem
2026-09-30T22:39:52 | INFO    | goodware.engine | component registered: process
2026-09-30T22:39:52 | INFO    | goodware.engine | component registered: network
2026-09-30T22:39:52 | INFO    | goodware.engine | component registered: memory
2026-09-30T22:39:52 | INFO    | goodware.engine | component registered: config
2026-09-30T22:39:52 | INFO    | goodware.engine | component registered: behavior
2026-09-30T22:39:52 | INFO    | goodware.engine | component registered: quantum
2026-09-30T22:39:52 | INFO    | goodware.engine | component registered: filesystem
2026-09-30T22:39:52 | INFO    | goodware.engine | component registered: process
2026-09-30T22:39:52 | INFO    | goodware.engine | component registered: network
2026-09-30T22:39:52 | INFO    | goodware.engine | component registered: memory
2026-09-30T22:39:52 | INFO    | goodware.engine | component registered: config
2026-09-30T22:39:52 | INFO    | goodware.engine | component registered: behavior
2026-09-30T22:39:52 | INFO    | goodware.engine | component registered: quantum
2026-09-30T22:39:52 | INFO    | goodware.engine | component registered: filesystem
2026-09-30T22:39:52 | INFO    | goodware.engine | component registered: process
2026-09-30T22:39:52 | INFO    | goodware.engine | component registered: network
2026-09-30T22:39:52 | INFO    | goodware.engine | component registered: memory
2026-09-30T22:39:52 | INFO    | goodware.engine | component registered: config
2026-09-30T22:39:52 | INFO    | goodware.engine | component registered: behavior
2026-09-30T22:39:52 | INFO    | goodware.engine | component registered: quantum
2026-09-30T22:39:52 | INFO    | goodware.engine | component registered: filesystem
2026-09-30T22:39:52 | INFO    | goodware.engine | component registered: process
2026-09-30T22:39:52 | INFO    | goodware.engine | component registered: network
2026-09-30T22:39:52 | INFO    | goodware.engine | component registered: memory
2026-09-30T22:39:52 | INFO    | goodware.engine | component registered: config
2026-09-30T22:39:52 | INFO    | goodware.engine | component registered: behavior
2026-09-30T22:39:52 | INFO    | goodware.engine | component registered: quantum
2026-09-30T22:39:52 | INFO    | goodware.engine | component registered: filesystem
2026-09-30T22:39:52 | INFO    | goodware.engine | component registered: process
2026-09-30T22:39:52 | INFO    | goodware.engine | component registered: network
2026-09-30T22:39:52 | INFO    | goodware.engine | component registered: memory
2026-09-30T22:39:52 | INFO    | goodware.engine | component registered: config
2026-09-30T22:39:52 | INFO    | goodware.engine | component registered: behavior
2026-09-30T22:39:52 | INFO    | goodware.engine | component registered: quantum
2026-09-30T22:39:52 | INFO    | goodware.engine | component registered: filesystem
2026-09-30T22:39:52 | INFO    | goodware.engine | component registered: process
2026-09-30T22:39:52 | INFO    | goodware.engine | component registered: network
2026-09-30T22:39:52 | INFO    | goodware.engine | component registered: memory
2026-09-30T22:39:52 | INFO    | goodware.engine | component registered: config
2026-09-30T22:39:52 | INFO    | goodware.engine | component registered: behavior
2026-09-30T22:39:52 | INFO    | goodware.engine | component registered: quantum
2026-09-30T22:39:52 | INFO    | goodware.engine | component registered: filesystem
2026-09-30T22:39:52 | INFO    | goodware.engine | component registered: process
2026-09-30T22:39:52 | INFO    | goodware.engine | component registered: network
2026-09-30T22:39:52 | INFO    | goodware.engine | component registered: memory
2026-09-30T22:39:52 | INFO    | goodware.engine | component registered: config
2026-09-30T22:39:52 | INFO    | goodware.engine | component registered: behavior
2026-09-30T22:39:52 | INFO    | goodware.engine | component registered: quantum
2026-09-30T22:39:52 | INFO    | goodware.engine | component registered: filesystem
2026-09-30T22:39:52 | INFO    | goodware.engine | component registered: process
2026-09-30T22:39:53 | INFO    | goodware.engine | component registered: network
2026-09-30T22:39:53 | INFO    | goodware.engine | component registered: memory
2026-09-30T22:39:53 | INFO    | goodware.engine | component registered: config
2026-09-30T22:39:53 | INFO    | goodware.engine | component registered: behavior
2026-09-30T22:39:53 | INFO    | goodware.engine | component registered: quantum
2026-09-30T22:39:53 | INFO    | goodware.engine | component registered: filesystem
2026-09-30T22:39:53 | INFO    | goodware.engine | component registered: process
2026-09-30T22:39:53 | INFO    | goodware.engine | component registered: network
2026-09-30T22:39:53 | INFO    | goodware.engine | component registered: memory
2026-09-30T22:39:53 | INFO    | goodware.engine | component registered: config
2026-09-30T22:39:53 | INFO    | goodware.engine | component registered: behavior
2026-09-30T22:39:53 | INFO    | goodware.engine | component registered: quantum
2026-09-30T22:39:53 | INFO    | goodware.engine | component registered: filesystem
2026-09-30T22:39:53 | INFO    | goodware.engine | component registered: process
2026-09-30T22:39:53 | INFO    | goodware.engine | component registered: network
2026-09-30T22:39:53 | INFO    | goodware.engine | component registered: memory
2026-09-30T22:39:53 | INFO    | goodware.engine | component registered: config
2026-09-30T22:39:53 | INFO    | goodware.engine | component registered: behavior
2026-09-30T22:39:53 | INFO    | goodware.engine | component registered: quantum
2026-09-30T22:39:53 | INFO    | goodware.engine | component registered: filesystem
2026-09-30T22:39:53 | INFO    | goodware.engine | component registered: process
2026-09-30T22:39:53 | INFO    | goodware.engine | component registered: network
2026-09-30T22:39:53 | INFO    | goodware.engine | component registered: memory
2026-09-30T22:39:53 | INFO    | goodware.engine | component registered: config
2026-09-30T22:39:53 | INFO    | goodware.engine | component registered: behavior
2026-09-30T22:39:53 | INFO    | goodware.engine | component registered: quantum
2026-09-30T22:39:53 | INFO    | goodware.engine | component registered: filesystem
2026-09-30T22:39:53 | INFO    | goodware.engine | component registered: process
2026-09-30T22:39:53 | INFO    | goodware.engine | component registered: network
2026-09-30T22:39:53 | INFO    | goodware.engine | component registered: memory
2026-09-30T22:39:53 | INFO    | goodware.engine | component registered: config
2026-09-30T22:39:53 | INFO    | goodware.engine | component registered: behavior
2026-09-30T22:39:53 | INFO    | goodware.engine | component registered: quantum
2026-09-30T22:39:53 | INFO    | goodware.engine | component registered: filesystem
2026-09-30T22:39:53 | INFO    | goodware.engine | component registered: process
2026-09-30T22:39:53 | INFO    | goodware.engine | component registered: network
2026-09-30T22:39:53 | INFO    | goodware.engine | component registered: memory
2026-09-30T22:39:53 | INFO    | goodware.engine | component registered: config
2026-09-30T22:39:53 | INFO    | goodware.engine | component registered: behavior
2026-09-30T22:39:53 | INFO    | goodware.engine | component registered: quantum
2026-09-30T22:39:53 | INFO    | goodware.engine |   watching 2 paths: ['/etc', '/tmp']
2026-09-30T22:39:53 | INFO    | goodware.engine | component registered: filesystem
2026-09-30T22:39:53 | INFO    | goodware.engine | component registered: process
2026-09-30T22:39:53 | INFO    | goodware.engine | component registered: network
2026-09-30T22:39:53 | INFO    | goodware.engine | component registered: memory
2026-09-30T22:39:53 | INFO    | goodware.engine | component registered: config
2026-09-30T22:39:53 | INFO    | goodware.engine | component registered: behavior
2026-09-30T22:39:53 | INFO    | goodware.engine | component registered: quantum
2026-09-30T22:39:53 | INFO    | goodware.engine |   watching 2 paths: ['/etc', '/tmp']
2026-09-30T22:39:54 | INFO    | goodware.engine | ============================================================
2026-09-30T22:39:54 | INFO    | goodware.engine | Goodware v3.0 starting...
2026-09-30T22:39:54 | INFO    | goodware.engine |   node_id: None
2026-09-30T22:39:54 | INFO    | goodware.engine |   organization: None
2026-09-30T22:39:54 | INFO    | goodware.engine | ============================================================
2026-09-30T22:39:54 | INFO    | goodware.engine | Goodware stopped.
2026-09-30T22:39:54 | INFO    | goodware.engine | ============================================================
2026-09-30T22:39:54 | INFO    | goodware.engine | Goodware v3.0 starting...
2026-09-30T22:39:54 | INFO    | goodware.engine |   node_id: None
2026-09-30T22:39:54 | INFO    | goodware.engine |   organization: None
2026-09-30T22:39:54 | INFO    | goodware.engine | ============================================================
2026-09-30T22:39:55 | INFO    | goodware.engine | Goodware stopped.
2026-09-30T22:39:55 | INFO    | goodware.engine | ============================================================
2026-09-30T22:39:55 | INFO    | goodware.engine | Goodware v3.0 starting...
2026-09-30T22:39:55 | INFO    | goodware.engine |   node_id: None
2026-09-30T22:39:55 | INFO    | goodware.engine |   organization: None
2026-09-30T22:39:55 | INFO    | goodware.engine | ============================================================
2026-09-30T22:39:55 | INFO    | goodware.engine | Goodware stopped.
2026-09-30T22:39:55 | INFO    | goodware.engine | ============================================================
2026-09-30T22:39:55 | INFO    | goodware.engine | Goodware v3.0 starting...
2026-09-30T22:39:55 | INFO    | goodware.engine |   node_id: None
2026-09-30T22:39:55 | INFO    | goodware.engine |   organization: None
2026-09-30T22:39:55 | INFO    | goodware.engine | ============================================================
2026-09-30T22:39:56 | INFO    | goodware.engine | Goodware stopped.
2026-09-30T22:39:56 | INFO    | goodware.engine | ============================================================
2026-09-30T22:39:56 | INFO    | goodware.engine | Goodware v3.0 starting...
2026-09-30T22:39:56 | INFO    | goodware.engine |   node_id: None
2026-09-30T22:39:56 | INFO    | goodware.engine |   organization: None
2026-09-30T22:39:56 | INFO    | goodware.engine | ============================================================
2026-09-30T22:39:56 | INFO    | goodware.engine | Goodware stopped.
2026-09-30T22:39:56 | INFO    | goodware.engine | ============================================================
2026-09-30T22:39:56 | INFO    | goodware.engine | Goodware v3.0 starting...
2026-09-30T22:39:56 | INFO    | goodware.engine |   node_id: None
2026-09-30T22:39:56 | INFO    | goodware.engine |   organization: None
2026-09-30T22:39:56 | INFO    | goodware.engine | ============================================================
2026-09-30T22:39:56 | INFO    | goodware.engine | Goodware stopped.
2026-09-30T22:39:56 | INFO    | goodware.engine | ============================================================
2026-09-30T22:39:56 | INFO    | goodware.engine | Goodware v3.0 starting...
2026-09-30T22:39:56 | INFO    | goodware.engine |   node_id: None
2026-09-30T22:39:56 | INFO    | goodware.engine |   organization: None
2026-09-30T22:39:56 | INFO    | goodware.engine | ============================================================
2026-09-30T22:39:56 | INFO    | goodware.engine | Goodware stopped.
2026-09-30T22:39:56 | INFO    | goodware.engine | ============================================================
2026-09-30T22:39:56 | INFO    | goodware.engine | Goodware v3.0 starting...
2026-09-30T22:39:56 | INFO    | goodware.engine |   node_id: None
2026-09-30T22:39:56 | INFO    | goodware.engine |   organization: None
2026-09-30T22:39:56 | INFO    | goodware.engine | ============================================================
2026-09-30T22:39:57 | INFO    | goodware.engine | Goodware stopped.
2026-09-30T22:39:57 | INFO    | goodware.engine | ============================================================
2026-09-30T22:39:57 | INFO    | goodware.engine | Goodware v3.0 starting...
2026-09-30T22:39:57 | INFO    | goodware.engine |   node_id: None
2026-09-30T22:39:57 | INFO    | goodware.engine |   organization: None
2026-09-30T22:39:57 | INFO    | goodware.engine | ============================================================
2026-09-30T22:39:57 | INFO    | goodware.engine | Goodware stopped.
2026-09-30T22:39:57 | INFO    | goodware.engine | ============================================================
2026-09-30T22:39:57 | INFO    | goodware.engine | Goodware v3.0 starting...
2026-09-30T22:39:57 | INFO    | goodware.engine |   node_id: None
2026-09-30T22:39:57 | INFO    | goodware.engine |   organization: None
2026-09-30T22:39:57 | INFO    | goodware.engine | ============================================================
2026-09-30T22:39:57 | INFO    | goodware.engine | Goodware stopped.
2026-09-30T22:39:57 | INFO    | goodware.engine | ============================================================
2026-09-30T22:39:57 | INFO    | goodware.engine | Goodware v3.0 starting...
2026-09-30T22:39:57 | INFO    | goodware.engine |   node_id: None
2026-09-30T22:39:57 | INFO    | goodware.engine |   organization: None
2026-09-30T22:39:57 | INFO    | goodware.engine | ============================================================
2026-09-30T22:39:57 | INFO    | goodware.engine | Goodware stopped.
2026-09-30T22:39:57 | INFO    | goodware.engine | ============================================================
2026-09-30T22:39:57 | INFO    | goodware.engine | Goodware v3.0 starting...
2026-09-30T22:39:57 | INFO    | goodware.engine |   node_id: None
2026-09-30T22:39:57 | INFO    | goodware.engine |   organization: None
2026-09-30T22:39:57 | INFO    | goodware.engine | ============================================================
2026-09-30T22:39:57 | INFO    | goodware.engine | Goodware stopped.
2026-09-30T22:39:57 | INFO    | goodware.engine | ============================================================
2026-09-30T22:39:57 | INFO    | goodware.engine | Goodware v3.0 starting...
2026-09-30T22:39:57 | INFO    | goodware.engine |   node_id: None
2026-09-30T22:39:57 | INFO    | goodware.engine |   organization: None
2026-09-30T22:39:57 | INFO    | goodware.engine | ============================================================
2026-09-30T22:39:57 | INFO    | goodware.engine | Goodware stopped.
2026-09-30T22:39:57 | INFO    | goodware.engine | ============================================================
2026-09-30T22:39:57 | INFO    | goodware.engine | Goodware v3.0 starting...
2026-09-30T22:39:57 | INFO    | goodware.engine |   node_id: None
2026-09-30T22:39:57 | INFO    | goodware.engine |   organization: None
2026-09-30T22:39:57 | INFO    | goodware.engine | ============================================================
2026-09-30T22:39:57 | INFO    | goodware.engine | Goodware stopped.
2026-09-30T22:39:57 | INFO    | goodware.engine | ============================================================
2026-09-30T22:39:57 | INFO    | goodware.engine | Goodware v3.0 starting...
2026-09-30T22:39:57 | INFO    | goodware.engine |   node_id: None
2026-09-30T22:39:57 | INFO    | goodware.engine |   organization: None
2026-09-30T22:39:57 | INFO    | goodware.engine | ============================================================
2026-09-30T22:39:57 | INFO    | goodware.engine | Goodware stopped.
2026-09-30T22:39:57 | INFO    | goodware.engine | ============================================================
2026-09-30T22:39:57 | INFO    | goodware.engine | Goodware v3.0 starting...
2026-09-30T22:39:57 | INFO    | goodware.engine |   node_id: None
2026-09-30T22:39:57 | INFO    | goodware.engine |   organization: None
2026-09-30T22:39:57 | INFO    | goodware.engine | ============================================================
2026-09-30T22:39:58 | INFO    | goodware.engine | Goodware stopped.
2026-09-30T22:39:58 | INFO    | goodware.engine | ============================================================
2026-09-30T22:39:58 | INFO    | goodware.engine | Goodware v3.0 starting...
2026-09-30T22:39:58 | INFO    | goodware.engine |   node_id: None
2026-09-30T22:39:58 | INFO    | goodware.engine |   organization: None
2026-09-30T22:39:58 | INFO    | goodware.engine | ============================================================
2026-09-30T22:39:58 | INFO    | goodware.engine | Goodware stopped.
2026-09-30T22:39:58 | INFO    | goodware.engine | ============================================================
2026-09-30T22:39:58 | INFO    | goodware.engine | Goodware v3.0 starting...
2026-09-30T22:39:58 | INFO    | goodware.engine |   node_id: None
2026-09-30T22:39:58 | INFO    | goodware.engine |   organization: None
2026-09-30T22:39:58 | INFO    | goodware.engine | ============================================================
2026-09-30T22:39:58 | INFO    | goodware.engine | Goodware stopped.
2026-09-30T22:39:58 | INFO    | goodware.engine | ============================================================
2026-09-30T22:39:58 | INFO    | goodware.engine | Goodware v3.0 starting...
2026-09-30T22:39:58 | INFO    | goodware.engine |   node_id: None
2026-09-30T22:39:58 | INFO    | goodware.engine |   organization: None
2026-09-30T22:39:58 | INFO    | goodware.engine | ============================================================
2026-09-30T22:39:58 | INFO    | goodware.engine | Goodware stopped.
2026-09-30T22:39:58 | INFO    | goodware.engine | ============================================================
2026-09-30T22:39:58 | INFO    | goodware.engine | Goodware v3.0 starting...
2026-09-30T22:39:58 | INFO    | goodware.engine |   node_id: None
2026-09-30T22:39:58 | INFO    | goodware.engine |   organization: None
2026-09-30T22:39:58 | INFO    | goodware.engine | ============================================================
2026-09-30T22:39:58 | INFO    | goodware.engine | Goodware stopped.
2026-09-30T22:39:59 | INFO    | goodware.engine | ============================================================
2026-09-30T22:39:59 | INFO    | goodware.engine | Goodware v3.0 starting...
2026-09-30T22:39:59 | INFO    | goodware.engine |   node_id: None
2026-09-30T22:39:59 | INFO    | goodware.engine |   organization: None
2026-09-30T22:39:59 | INFO    | goodware.engine | ============================================================
2026-09-30T22:39:59 | INFO    | goodware.engine | Goodware stopped.
2026-09-30T22:39:59 | INFO    | goodware.engine | ============================================================
2026-09-30T22:39:59 | INFO    | goodware.engine | Goodware v3.0 starting...
2026-09-30T22:39:59 | INFO    | goodware.engine |   node_id: None
2026-09-30T22:39:59 | INFO    | goodware.engine |   organization: None
2026-09-30T22:39:59 | INFO    | goodware.engine | ============================================================
2026-09-30T22:39:59 | INFO    | goodware.engine | Goodware stopped.
2026-09-30T23:07:18 | INFO    | goodware.engine | component registered: filesystem
2026-09-30T23:07:18 | INFO    | goodware.engine | component registered: process
2026-09-30T23:07:18 | INFO    | goodware.engine | component registered: network
2026-09-30T23:07:18 | INFO    | goodware.engine | component registered: memory
2026-09-30T23:07:18 | INFO    | goodware.engine | component registered: config
2026-09-30T23:07:18 | INFO    | goodware.engine | component registered: behavior
2026-09-30T23:07:18 | INFO    | goodware.engine | component registered: quantum
2026-09-30T23:07:18 | INFO    | goodware.engine |   watching 4 paths: ['/etc', '/usr/local/bin', '/usr/bin', '/tmp']
2026-09-30T23:07:21 | INFO    | goodware.engine | component registered: threat
2026-09-30T23:07:21 | INFO    | goodware.engine | component registered: anomaly
2026-09-30T23:07:21 | INFO    | goodware.engine | component registered: simulator
2026-09-30T23:07:22 | INFO    | goodware.engine | component registered: federated-server
2026-09-30T23:07:22 | INFO    | goodware.engine | component registered: federated-client
2026-09-30T23:07:22 | INFO    | goodware.engine | federated server listening on 127.0.0.1:8443
2026-09-30T23:07:24 | INFO    | goodware.engine | component registered: decision-engine
2026-09-30T23:07:24 | INFO    | goodware.engine | component registered: adaptive
2026-09-30T23:07:24 | INFO    | goodware.engine | component registered: mutation
2026-09-30T23:07:24 | INFO    | goodware.engine | component registered: zero_day
2026-09-30T23:07:33 | INFO    | goodware.engine | component registered: decision-engine
2026-09-30T23:07:33 | INFO    | goodware.engine | component registered: adaptive
2026-09-30T23:07:33 | INFO    | goodware.engine | component registered: mutation
2026-09-30T23:07:33 | INFO    | goodware.engine | component registered: zero_day
2026-09-30T23:07:33 | INFO    | goodware.engine | component registered: crypto
2026-09-30T23:07:33 | INFO    | goodware.engine | component registered: human-factor
2026-09-30T23:07:33 | INFO    | goodware.engine | component registered: decision
2026-09-30T23:07:33 | INFO    | goodware.engine | component registered: effector
2026-09-30T23:07:33 | INFO    | goodware.engine | component registered: chainsaw
2026-09-30T23:07:36 | INFO    | goodware.engine | component registered: immune
2026-09-30T23:07:36 | INFO    | goodware.engine | component registered: physical
2026-09-30T23:07:36 | INFO    | goodware.engine | component registered: supply-chain
2026-09-30T23:07:40 | INFO    | goodware.engine | ============================================================
2026-09-30T23:07:40 | INFO    | goodware.engine | Goodware v3.0 starting...
2026-09-30T23:07:40 | INFO    | goodware.engine |   node_id: None
2026-09-30T23:07:40 | INFO    | goodware.engine |   organization: None
2026-09-30T23:07:40 | INFO    | goodware.engine | ============================================================
2026-09-30T23:07:40 | INFO    | goodware.engine | Goodware stopped.
2026-09-30T23:07:40 | INFO    | goodware.engine | ============================================================
2026-09-30T23:07:40 | INFO    | goodware.engine | Goodware v3.0 starting...
2026-09-30T23:07:40 | INFO    | goodware.engine |   node_id: None
2026-09-30T23:07:40 | INFO    | goodware.engine |   organization: None
2026-09-30T23:07:40 | INFO    | goodware.engine | ============================================================
2026-09-30T23:07:40 | INFO    | goodware.engine | Goodware stopped.
2026-09-30T23:07:41 | INFO    | goodware.engine | hunter2
2026-09-30T23:07:41 | INFO    | goodware.engine | component registered: dummy
2026-09-30T23:07:42 | INFO    | goodware.engine | test
2026-09-30T23:07:42 | WARNING | goodware.engine | warn
2026-09-30T23:07:42 | ERROR   | goodware.engine | err
2026-09-30T23:07:42 | INFO    | goodware.engine | component registered: with_attach
2026-09-30T23:07:42 | INFO    | goodware.engine | component registered: dummy
2026-09-30T23:07:42 | INFO    | goodware.engine | ============================================================
2026-09-30T23:07:42 | INFO    | goodware.engine | Goodware v3.0 starting...
2026-09-30T23:07:42 | INFO    | goodware.engine |   node_id: None
2026-09-30T23:07:42 | INFO    | goodware.engine |   organization: None
2026-09-30T23:07:42 | INFO    | goodware.engine | ============================================================
2026-09-30T23:07:42 | INFO    | goodware.engine |   ✓ dummy running
2026-09-30T23:07:42 | INFO    | goodware.engine | Goodware stopped.
2026-09-30T23:07:45 | INFO    | goodware.engine | component registered: threat
2026-09-30T23:07:45 | INFO    | goodware.engine | component registered: anomaly
2026-09-30T23:07:45 | INFO    | goodware.engine | component registered: simulator
2026-09-30T23:07:45 | INFO    | goodware.engine | component registered: filesystem
2026-09-30T23:07:45 | INFO    | goodware.engine | component registered: process
2026-09-30T23:07:45 | INFO    | goodware.engine | component registered: network
2026-09-30T23:07:45 | INFO    | goodware.engine | component registered: memory
2026-09-30T23:07:45 | INFO    | goodware.engine | component registered: config
2026-09-30T23:07:45 | INFO    | goodware.engine | component registered: behavior
2026-09-30T23:07:45 | INFO    | goodware.engine | component registered: quantum
2026-09-30T23:07:45 | INFO    | goodware.engine | component registered: filesystem
2026-09-30T23:07:45 | INFO    | goodware.engine | component registered: process
2026-09-30T23:07:45 | INFO    | goodware.engine | component registered: network
2026-09-30T23:07:45 | INFO    | goodware.engine | component registered: memory
2026-09-30T23:07:45 | INFO    | goodware.engine | component registered: config
2026-09-30T23:07:45 | INFO    | goodware.engine | component registered: behavior
2026-09-30T23:07:45 | INFO    | goodware.engine | component registered: quantum
2026-09-30T23:07:45 | INFO    | goodware.engine | component registered: filesystem
2026-09-30T23:07:45 | INFO    | goodware.engine | component registered: process
2026-09-30T23:07:45 | INFO    | goodware.engine | component registered: network
2026-09-30T23:07:45 | INFO    | goodware.engine | component registered: memory
2026-09-30T23:07:45 | INFO    | goodware.engine | component registered: config
2026-09-30T23:07:45 | INFO    | goodware.engine | component registered: behavior
2026-09-30T23:07:45 | INFO    | goodware.engine | component registered: quantum
2026-09-30T23:07:45 | INFO    | goodware.engine | component registered: filesystem
2026-09-30T23:07:45 | INFO    | goodware.engine | component registered: process
2026-09-30T23:07:45 | INFO    | goodware.engine | component registered: network
2026-09-30T23:07:45 | INFO    | goodware.engine | component registered: memory
2026-09-30T23:07:45 | INFO    | goodware.engine | component registered: config
2026-09-30T23:07:45 | INFO    | goodware.engine | component registered: behavior
2026-09-30T23:07:45 | INFO    | goodware.engine | component registered: quantum
2026-09-30T23:07:45 | INFO    | goodware.engine | component registered: filesystem
2026-09-30T23:07:45 | INFO    | goodware.engine | component registered: process
2026-09-30T23:07:45 | INFO    | goodware.engine | component registered: network
2026-09-30T23:07:45 | INFO    | goodware.engine | component registered: memory
2026-09-30T23:07:45 | INFO    | goodware.engine | component registered: config
2026-09-30T23:07:45 | INFO    | goodware.engine | component registered: behavior
2026-09-30T23:07:45 | INFO    | goodware.engine | component registered: quantum
2026-09-30T23:07:45 | INFO    | goodware.engine | component registered: filesystem
2026-09-30T23:07:45 | INFO    | goodware.engine | component registered: process
2026-09-30T23:07:45 | INFO    | goodware.engine | component registered: network
2026-09-30T23:07:45 | INFO    | goodware.engine | component registered: memory
2026-09-30T23:07:45 | INFO    | goodware.engine | component registered: config
2026-09-30T23:07:45 | INFO    | goodware.engine | component registered: behavior
2026-09-30T23:07:45 | INFO    | goodware.engine | component registered: quantum
2026-09-30T23:07:45 | INFO    | goodware.engine | component registered: filesystem
2026-09-30T23:07:45 | INFO    | goodware.engine | component registered: process
2026-09-30T23:07:45 | INFO    | goodware.engine | component registered: network
2026-09-30T23:07:45 | INFO    | goodware.engine | component registered: memory
2026-09-30T23:07:45 | INFO    | goodware.engine | component registered: config
2026-09-30T23:07:45 | INFO    | goodware.engine | component registered: behavior
2026-09-30T23:07:45 | INFO    | goodware.engine | component registered: quantum
2026-09-30T23:07:45 | INFO    | goodware.engine | component registered: filesystem
2026-09-30T23:07:45 | INFO    | goodware.engine | component registered: process
2026-09-30T23:07:45 | INFO    | goodware.engine | component registered: network
2026-09-30T23:07:45 | INFO    | goodware.engine | component registered: memory
2026-09-30T23:07:45 | INFO    | goodware.engine | component registered: config
2026-09-30T23:07:45 | INFO    | goodware.engine | component registered: behavior
2026-09-30T23:07:45 | INFO    | goodware.engine | component registered: quantum
2026-09-30T23:07:45 | INFO    | goodware.engine | component registered: filesystem
2026-09-30T23:07:45 | INFO    | goodware.engine | component registered: process
2026-09-30T23:07:45 | INFO    | goodware.engine | component registered: network
2026-09-30T23:07:45 | INFO    | goodware.engine | component registered: memory
2026-09-30T23:07:45 | INFO    | goodware.engine | component registered: config
2026-09-30T23:07:45 | INFO    | goodware.engine | component registered: behavior
2026-09-30T23:07:45 | INFO    | goodware.engine | component registered: quantum
2026-09-30T23:07:45 | INFO    | goodware.engine | component registered: filesystem
2026-09-30T23:07:45 | INFO    | goodware.engine | component registered: process
2026-09-30T23:07:45 | INFO    | goodware.engine | component registered: network
2026-09-30T23:07:45 | INFO    | goodware.engine | component registered: memory
2026-09-30T23:07:45 | INFO    | goodware.engine | component registered: config
2026-09-30T23:07:45 | INFO    | goodware.engine | component registered: behavior
2026-09-30T23:07:45 | INFO    | goodware.engine | component registered: quantum
2026-09-30T23:07:45 | INFO    | goodware.engine | component registered: filesystem
2026-09-30T23:07:45 | INFO    | goodware.engine | component registered: process
2026-09-30T23:07:45 | INFO    | goodware.engine | component registered: network
2026-09-30T23:07:45 | INFO    | goodware.engine | component registered: memory
2026-09-30T23:07:45 | INFO    | goodware.engine | component registered: config
2026-09-30T23:07:45 | INFO    | goodware.engine | component registered: behavior
2026-09-30T23:07:45 | INFO    | goodware.engine | component registered: quantum
2026-09-30T23:07:45 | INFO    | goodware.engine | component registered: filesystem
2026-09-30T23:07:45 | INFO    | goodware.engine | component registered: process
2026-09-30T23:07:45 | INFO    | goodware.engine | component registered: network
2026-09-30T23:07:45 | INFO    | goodware.engine | component registered: memory
2026-09-30T23:07:45 | INFO    | goodware.engine | component registered: config
2026-09-30T23:07:45 | INFO    | goodware.engine | component registered: behavior
2026-09-30T23:07:45 | INFO    | goodware.engine | component registered: quantum
2026-09-30T23:07:45 | INFO    | goodware.engine | component registered: filesystem
2026-09-30T23:07:45 | INFO    | goodware.engine | component registered: process
2026-09-30T23:07:45 | INFO    | goodware.engine | component registered: network
2026-09-30T23:07:45 | INFO    | goodware.engine | component registered: memory
2026-09-30T23:07:45 | INFO    | goodware.engine | component registered: config
2026-09-30T23:07:45 | INFO    | goodware.engine | component registered: behavior
2026-09-30T23:07:45 | INFO    | goodware.engine | component registered: quantum
2026-09-30T23:07:45 | INFO    | goodware.engine | component registered: filesystem
2026-09-30T23:07:45 | INFO    | goodware.engine | component registered: process
2026-09-30T23:07:45 | INFO    | goodware.engine | component registered: network
2026-09-30T23:07:45 | INFO    | goodware.engine | component registered: memory
2026-09-30T23:07:45 | INFO    | goodware.engine | component registered: config
2026-09-30T23:07:45 | INFO    | goodware.engine | component registered: behavior
2026-09-30T23:07:45 | INFO    | goodware.engine | component registered: quantum
2026-09-30T23:07:46 | INFO    | goodware.engine | component registered: filesystem
2026-09-30T23:07:46 | INFO    | goodware.engine | component registered: process
2026-09-30T23:07:46 | INFO    | goodware.engine | component registered: network
2026-09-30T23:07:46 | INFO    | goodware.engine | component registered: memory
2026-09-30T23:07:46 | INFO    | goodware.engine | component registered: config
2026-09-30T23:07:46 | INFO    | goodware.engine | component registered: behavior
2026-09-30T23:07:46 | INFO    | goodware.engine | component registered: quantum
2026-09-30T23:07:46 | INFO    | goodware.engine | component registered: filesystem
2026-09-30T23:07:46 | INFO    | goodware.engine | component registered: process
2026-09-30T23:07:46 | INFO    | goodware.engine | component registered: network
2026-09-30T23:07:46 | INFO    | goodware.engine | component registered: memory
2026-09-30T23:07:46 | INFO    | goodware.engine | component registered: config
2026-09-30T23:07:46 | INFO    | goodware.engine | component registered: behavior
2026-09-30T23:07:46 | INFO    | goodware.engine | component registered: quantum
2026-09-30T23:07:46 | INFO    | goodware.engine |   watching 2 paths: ['/etc', '/tmp']
2026-09-30T23:07:46 | INFO    | goodware.engine | component registered: filesystem
2026-09-30T23:07:46 | INFO    | goodware.engine | component registered: process
2026-09-30T23:07:46 | INFO    | goodware.engine | component registered: network
2026-09-30T23:07:46 | INFO    | goodware.engine | component registered: memory
2026-09-30T23:07:46 | INFO    | goodware.engine | component registered: config
2026-09-30T23:07:46 | INFO    | goodware.engine | component registered: behavior
2026-09-30T23:07:46 | INFO    | goodware.engine | component registered: quantum
2026-09-30T23:07:46 | INFO    | goodware.engine | component registered: filesystem
2026-09-30T23:07:46 | INFO    | goodware.engine | component registered: process
2026-09-30T23:07:46 | INFO    | goodware.engine | component registered: network
2026-09-30T23:07:46 | INFO    | goodware.engine | component registered: memory
2026-09-30T23:07:46 | INFO    | goodware.engine | component registered: config
2026-09-30T23:07:46 | INFO    | goodware.engine | component registered: behavior
2026-09-30T23:07:46 | INFO    | goodware.engine | component registered: quantum
2026-09-30T23:07:46 | INFO    | goodware.engine | component registered: filesystem
2026-09-30T23:07:46 | INFO    | goodware.engine | component registered: process
2026-09-30T23:07:46 | INFO    | goodware.engine | component registered: network
2026-09-30T23:07:46 | INFO    | goodware.engine | component registered: memory
2026-09-30T23:07:46 | INFO    | goodware.engine | component registered: config
2026-09-30T23:07:46 | INFO    | goodware.engine | component registered: behavior
2026-09-30T23:07:46 | INFO    | goodware.engine | component registered: quantum
2026-09-30T23:07:46 | INFO    | goodware.engine | component registered: filesystem
2026-09-30T23:07:46 | INFO    | goodware.engine | component registered: process
2026-09-30T23:07:46 | INFO    | goodware.engine | component registered: network
2026-09-30T23:07:46 | INFO    | goodware.engine | component registered: memory
2026-09-30T23:07:46 | INFO    | goodware.engine | component registered: config
2026-09-30T23:07:46 | INFO    | goodware.engine | component registered: behavior
2026-09-30T23:07:46 | INFO    | goodware.engine | component registered: quantum
2026-09-30T23:07:46 | INFO    | goodware.engine | component registered: filesystem
2026-09-30T23:07:46 | INFO    | goodware.engine | component registered: process
2026-09-30T23:07:46 | INFO    | goodware.engine | component registered: network
2026-09-30T23:07:46 | INFO    | goodware.engine | component registered: memory
2026-09-30T23:07:46 | INFO    | goodware.engine | component registered: config
2026-09-30T23:07:46 | INFO    | goodware.engine | component registered: behavior
2026-09-30T23:07:46 | INFO    | goodware.engine | component registered: quantum
2026-09-30T23:07:46 | INFO    | goodware.engine | component registered: filesystem
2026-09-30T23:07:46 | INFO    | goodware.engine | component registered: process
2026-09-30T23:07:46 | INFO    | goodware.engine | component registered: network
2026-09-30T23:07:46 | INFO    | goodware.engine | component registered: memory
2026-09-30T23:07:46 | INFO    | goodware.engine | component registered: config
2026-09-30T23:07:46 | INFO    | goodware.engine | component registered: behavior
2026-09-30T23:07:46 | INFO    | goodware.engine | component registered: quantum
2026-09-30T23:07:49 | INFO    | goodware.engine | component registered: filesystem
2026-09-30T23:07:49 | INFO    | goodware.engine | component registered: process
2026-09-30T23:07:49 | INFO    | goodware.engine | component registered: network
2026-09-30T23:07:49 | INFO    | goodware.engine | component registered: memory
2026-09-30T23:07:49 | INFO    | goodware.engine | component registered: config
2026-09-30T23:07:49 | INFO    | goodware.engine | component registered: behavior
2026-09-30T23:07:49 | INFO    | goodware.engine | component registered: quantum
2026-09-30T23:07:49 | INFO    | goodware.engine | component registered: filesystem
2026-09-30T23:07:49 | INFO    | goodware.engine | component registered: process
2026-09-30T23:07:49 | INFO    | goodware.engine | component registered: network
2026-09-30T23:07:49 | INFO    | goodware.engine | component registered: memory
2026-09-30T23:07:49 | INFO    | goodware.engine | component registered: config
2026-09-30T23:07:49 | INFO    | goodware.engine | component registered: behavior
2026-09-30T23:07:49 | INFO    | goodware.engine | component registered: quantum
2026-09-30T23:07:49 | INFO    | goodware.engine | component registered: filesystem
2026-09-30T23:07:49 | INFO    | goodware.engine | component registered: process
2026-09-30T23:07:49 | INFO    | goodware.engine | component registered: network
2026-09-30T23:07:49 | INFO    | goodware.engine | component registered: memory
2026-09-30T23:07:49 | INFO    | goodware.engine | component registered: config
2026-09-30T23:07:49 | INFO    | goodware.engine | component registered: behavior
2026-09-30T23:07:49 | INFO    | goodware.engine | component registered: quantum
2026-09-30T23:07:49 | INFO    | goodware.engine | component registered: filesystem
2026-09-30T23:07:49 | INFO    | goodware.engine | component registered: process
2026-09-30T23:07:49 | INFO    | goodware.engine | component registered: network
2026-09-30T23:07:49 | INFO    | goodware.engine | component registered: memory
2026-09-30T23:07:49 | INFO    | goodware.engine | component registered: config
2026-09-30T23:07:49 | INFO    | goodware.engine | component registered: behavior
2026-09-30T23:07:49 | INFO    | goodware.engine | component registered: quantum
2026-09-30T23:07:49 | INFO    | goodware.engine | component registered: filesystem
2026-09-30T23:07:49 | INFO    | goodware.engine | component registered: process
2026-09-30T23:07:49 | INFO    | goodware.engine | component registered: network
2026-09-30T23:07:49 | INFO    | goodware.engine | component registered: memory
2026-09-30T23:07:49 | INFO    | goodware.engine | component registered: config
2026-09-30T23:07:49 | INFO    | goodware.engine | component registered: behavior
2026-09-30T23:07:49 | INFO    | goodware.engine | component registered: quantum
2026-09-30T23:07:49 | INFO    | goodware.engine | component registered: filesystem
2026-09-30T23:07:49 | INFO    | goodware.engine | component registered: process
2026-09-30T23:07:49 | INFO    | goodware.engine | component registered: network
2026-09-30T23:07:49 | INFO    | goodware.engine | component registered: memory
2026-09-30T23:07:49 | INFO    | goodware.engine | component registered: config
2026-09-30T23:07:49 | INFO    | goodware.engine | component registered: behavior
2026-09-30T23:07:49 | INFO    | goodware.engine | component registered: quantum
2026-09-30T23:07:49 | INFO    | goodware.engine | component registered: filesystem
2026-09-30T23:07:49 | INFO    | goodware.engine | component registered: process
2026-09-30T23:07:49 | INFO    | goodware.engine | component registered: network
2026-09-30T23:07:49 | INFO    | goodware.engine | component registered: memory
2026-09-30T23:07:49 | INFO    | goodware.engine | component registered: config
2026-09-30T23:07:49 | INFO    | goodware.engine | component registered: behavior
2026-09-30T23:07:49 | INFO    | goodware.engine | component registered: quantum
2026-09-30T23:07:49 | INFO    | goodware.engine | component registered: filesystem
2026-09-30T23:07:49 | INFO    | goodware.engine | component registered: process
2026-09-30T23:07:49 | INFO    | goodware.engine | component registered: network
2026-09-30T23:07:49 | INFO    | goodware.engine | component registered: memory
2026-09-30T23:07:49 | INFO    | goodware.engine | component registered: config
2026-09-30T23:07:49 | INFO    | goodware.engine | component registered: behavior
2026-09-30T23:07:49 | INFO    | goodware.engine | component registered: quantum
2026-09-30T23:07:49 | INFO    | goodware.engine | component registered: filesystem
2026-09-30T23:07:49 | INFO    | goodware.engine | component registered: process
2026-09-30T23:07:49 | INFO    | goodware.engine | component registered: network
2026-09-30T23:07:49 | INFO    | goodware.engine | component registered: memory
2026-09-30T23:07:49 | INFO    | goodware.engine | component registered: config
2026-09-30T23:07:49 | INFO    | goodware.engine | component registered: behavior
2026-09-30T23:07:49 | INFO    | goodware.engine | component registered: quantum
2026-09-30T23:07:49 | INFO    | goodware.engine | component registered: filesystem
2026-09-30T23:07:49 | INFO    | goodware.engine | component registered: process
2026-09-30T23:07:49 | INFO    | goodware.engine | component registered: network
2026-09-30T23:07:49 | INFO    | goodware.engine | component registered: memory
2026-09-30T23:07:49 | INFO    | goodware.engine | component registered: config
2026-09-30T23:07:49 | INFO    | goodware.engine | component registered: behavior
2026-09-30T23:07:49 | INFO    | goodware.engine | component registered: quantum
2026-09-30T23:07:49 | INFO    | goodware.engine |   watching 2 paths: ['/etc', '/tmp']
2026-09-30T23:07:50 | INFO    | goodware.engine | component registered: filesystem
2026-09-30T23:07:50 | INFO    | goodware.engine | component registered: process
2026-09-30T23:07:50 | INFO    | goodware.engine | component registered: network
2026-09-30T23:07:50 | INFO    | goodware.engine | component registered: memory
2026-09-30T23:07:50 | INFO    | goodware.engine | component registered: config
2026-09-30T23:07:50 | INFO    | goodware.engine | component registered: behavior
2026-09-30T23:07:50 | INFO    | goodware.engine | component registered: quantum
2026-09-30T23:07:50 | INFO    | goodware.engine |   watching 2 paths: ['/etc', '/tmp']
2026-09-30T23:07:50 | INFO    | goodware.engine | ============================================================
2026-09-30T23:07:50 | INFO    | goodware.engine | Goodware v3.0 starting...
2026-09-30T23:07:50 | INFO    | goodware.engine |   node_id: None
2026-09-30T23:07:50 | INFO    | goodware.engine |   organization: None
2026-09-30T23:07:50 | INFO    | goodware.engine | ============================================================
2026-09-30T23:07:51 | INFO    | goodware.engine | Goodware stopped.
2026-09-30T23:07:51 | INFO    | goodware.engine | ============================================================
2026-09-30T23:07:51 | INFO    | goodware.engine | Goodware v3.0 starting...
2026-09-30T23:07:51 | INFO    | goodware.engine |   node_id: None
2026-09-30T23:07:51 | INFO    | goodware.engine |   organization: None
2026-09-30T23:07:51 | INFO    | goodware.engine | ============================================================
2026-09-30T23:07:51 | INFO    | goodware.engine | Goodware stopped.
2026-09-30T23:07:51 | INFO    | goodware.engine | ============================================================
2026-09-30T23:07:51 | INFO    | goodware.engine | Goodware v3.0 starting...
2026-09-30T23:07:51 | INFO    | goodware.engine |   node_id: None
2026-09-30T23:07:51 | INFO    | goodware.engine |   organization: None
2026-09-30T23:07:51 | INFO    | goodware.engine | ============================================================
2026-09-30T23:07:51 | INFO    | goodware.engine | Goodware stopped.
2026-09-30T23:07:51 | INFO    | goodware.engine | ============================================================
2026-09-30T23:07:51 | INFO    | goodware.engine | Goodware v3.0 starting...
2026-09-30T23:07:51 | INFO    | goodware.engine |   node_id: None
2026-09-30T23:07:51 | INFO    | goodware.engine |   organization: None
2026-09-30T23:07:51 | INFO    | goodware.engine | ============================================================
2026-09-30T23:07:52 | INFO    | goodware.engine | Goodware stopped.
2026-09-30T23:07:52 | INFO    | goodware.engine | ============================================================
2026-09-30T23:07:52 | INFO    | goodware.engine | Goodware v3.0 starting...
2026-09-30T23:07:52 | INFO    | goodware.engine |   node_id: None
2026-09-30T23:07:52 | INFO    | goodware.engine |   organization: None
2026-09-30T23:07:52 | INFO    | goodware.engine | ============================================================
2026-09-30T23:07:52 | INFO    | goodware.engine | Goodware stopped.
2026-09-30T23:07:52 | INFO    | goodware.engine | ============================================================
2026-09-30T23:07:52 | INFO    | goodware.engine | Goodware v3.0 starting...
2026-09-30T23:07:52 | INFO    | goodware.engine |   node_id: None
2026-09-30T23:07:52 | INFO    | goodware.engine |   organization: None
2026-09-30T23:07:52 | INFO    | goodware.engine | ============================================================
2026-09-30T23:07:52 | INFO    | goodware.engine | Goodware stopped.
2026-09-30T23:07:52 | INFO    | goodware.engine | ============================================================
2026-09-30T23:07:52 | INFO    | goodware.engine | Goodware v3.0 starting...
2026-09-30T23:07:52 | INFO    | goodware.engine |   node_id: None
2026-09-30T23:07:52 | INFO    | goodware.engine |   organization: None
2026-09-30T23:07:52 | INFO    | goodware.engine | ============================================================
2026-09-30T23:07:52 | INFO    | goodware.engine | Goodware stopped.
2026-09-30T23:07:52 | INFO    | goodware.engine | ============================================================
2026-09-30T23:07:52 | INFO    | goodware.engine | Goodware v3.0 starting...
2026-09-30T23:07:52 | INFO    | goodware.engine |   node_id: None
2026-09-30T23:07:52 | INFO    | goodware.engine |   organization: None
2026-09-30T23:07:52 | INFO    | goodware.engine | ============================================================
2026-09-30T23:07:53 | INFO    | goodware.engine | Goodware stopped.
2026-09-30T23:07:53 | INFO    | goodware.engine | ============================================================
2026-09-30T23:07:53 | INFO    | goodware.engine | Goodware v3.0 starting...
2026-09-30T23:07:53 | INFO    | goodware.engine |   node_id: None
2026-09-30T23:07:53 | INFO    | goodware.engine |   organization: None
2026-09-30T23:07:53 | INFO    | goodware.engine | ============================================================
2026-09-30T23:07:53 | INFO    | goodware.engine | Goodware stopped.
2026-09-30T23:07:53 | INFO    | goodware.engine | ============================================================
2026-09-30T23:07:53 | INFO    | goodware.engine | Goodware v3.0 starting...
2026-09-30T23:07:53 | INFO    | goodware.engine |   node_id: None
2026-09-30T23:07:53 | INFO    | goodware.engine |   organization: None
2026-09-30T23:07:53 | INFO    | goodware.engine | ============================================================
2026-09-30T23:07:53 | INFO    | goodware.engine | Goodware stopped.
2026-09-30T23:07:53 | INFO    | goodware.engine | ============================================================
2026-09-30T23:07:53 | INFO    | goodware.engine | Goodware v3.0 starting...
2026-09-30T23:07:53 | INFO    | goodware.engine |   node_id: None
2026-09-30T23:07:53 | INFO    | goodware.engine |   organization: None
2026-09-30T23:07:53 | INFO    | goodware.engine | ============================================================
2026-09-30T23:07:53 | INFO    | goodware.engine | Goodware stopped.
2026-09-30T23:07:53 | INFO    | goodware.engine | ============================================================
2026-09-30T23:07:53 | INFO    | goodware.engine | Goodware v3.0 starting...
2026-09-30T23:07:53 | INFO    | goodware.engine |   node_id: None
2026-09-30T23:07:53 | INFO    | goodware.engine |   organization: None
2026-09-30T23:07:53 | INFO    | goodware.engine | ============================================================
2026-09-30T23:07:53 | INFO    | goodware.engine | Goodware stopped.
2026-09-30T23:07:53 | INFO    | goodware.engine | ============================================================
2026-09-30T23:07:53 | INFO    | goodware.engine | Goodware v3.0 starting...
2026-09-30T23:07:53 | INFO    | goodware.engine |   node_id: None
2026-09-30T23:07:53 | INFO    | goodware.engine |   organization: None
2026-09-30T23:07:53 | INFO    | goodware.engine | ============================================================
2026-09-30T23:07:53 | INFO    | goodware.engine | Goodware stopped.
2026-09-30T23:07:53 | INFO    | goodware.engine | ============================================================
2026-09-30T23:07:53 | INFO    | goodware.engine | Goodware v3.0 starting...
2026-09-30T23:07:53 | INFO    | goodware.engine |   node_id: None
2026-09-30T23:07:53 | INFO    | goodware.engine |   organization: None
2026-09-30T23:07:53 | INFO    | goodware.engine | ============================================================
2026-09-30T23:07:53 | INFO    | goodware.engine | Goodware stopped.
2026-09-30T23:07:53 | INFO    | goodware.engine | ============================================================
2026-09-30T23:07:53 | INFO    | goodware.engine | Goodware v3.0 starting...
2026-09-30T23:07:53 | INFO    | goodware.engine |   node_id: None
2026-09-30T23:07:53 | INFO    | goodware.engine |   organization: None
2026-09-30T23:07:53 | INFO    | goodware.engine | ============================================================
2026-09-30T23:07:53 | INFO    | goodware.engine | Goodware stopped.
2026-09-30T23:07:53 | INFO    | goodware.engine | ============================================================
2026-09-30T23:07:53 | INFO    | goodware.engine | Goodware v3.0 starting...
2026-09-30T23:07:53 | INFO    | goodware.engine |   node_id: None
2026-09-30T23:07:54 | INFO    | goodware.engine |   organization: None
2026-09-30T23:07:54 | INFO    | goodware.engine | ============================================================
2026-09-30T23:07:54 | INFO    | goodware.engine | Goodware stopped.
2026-09-30T23:07:54 | INFO    | goodware.engine | ============================================================
2026-09-30T23:07:54 | INFO    | goodware.engine | Goodware v3.0 starting...
2026-09-30T23:07:54 | INFO    | goodware.engine |   node_id: None
2026-09-30T23:07:54 | INFO    | goodware.engine |   organization: None
2026-09-30T23:07:54 | INFO    | goodware.engine | ============================================================
2026-09-30T23:07:54 | INFO    | goodware.engine | Goodware stopped.
2026-09-30T23:07:54 | INFO    | goodware.engine | ============================================================
2026-09-30T23:07:54 | INFO    | goodware.engine | Goodware v3.0 starting...
2026-09-30T23:07:54 | INFO    | goodware.engine |   node_id: None
2026-09-30T23:07:54 | INFO    | goodware.engine |   organization: None
2026-09-30T23:07:54 | INFO    | goodware.engine | ============================================================
2026-09-30T23:07:54 | INFO    | goodware.engine | Goodware stopped.
2026-09-30T23:07:54 | INFO    | goodware.engine | ============================================================
2026-09-30T23:07:54 | INFO    | goodware.engine | Goodware v3.0 starting...
2026-09-30T23:07:54 | INFO    | goodware.engine |   node_id: None
2026-09-30T23:07:54 | INFO    | goodware.engine |   organization: None
2026-09-30T23:07:54 | INFO    | goodware.engine | ============================================================
2026-09-30T23:07:54 | INFO    | goodware.engine | Goodware stopped.
2026-09-30T23:07:54 | INFO    | goodware.engine | ============================================================
2026-09-30T23:07:54 | INFO    | goodware.engine | Goodware v3.0 starting...
2026-09-30T23:07:54 | INFO    | goodware.engine |   node_id: None
2026-09-30T23:07:54 | INFO    | goodware.engine |   organization: None
2026-09-30T23:07:54 | INFO    | goodware.engine | ============================================================
2026-09-30T23:07:54 | INFO    | goodware.engine | Goodware stopped.
2026-09-30T23:07:55 | INFO    | goodware.engine | ============================================================
2026-09-30T23:07:55 | INFO    | goodware.engine | Goodware v3.0 starting...
2026-09-30T23:07:55 | INFO    | goodware.engine |   node_id: None
2026-09-30T23:07:55 | INFO    | goodware.engine |   organization: None
2026-09-30T23:07:55 | INFO    | goodware.engine | ============================================================
2026-09-30T23:07:55 | INFO    | goodware.engine | Goodware stopped.
2026-09-30T23:07:55 | INFO    | goodware.engine | ============================================================
2026-09-30T23:07:55 | INFO    | goodware.engine | Goodware v3.0 starting...
2026-09-30T23:07:55 | INFO    | goodware.engine |   node_id: None
2026-09-30T23:07:55 | INFO    | goodware.engine |   organization: None
2026-09-30T23:07:55 | INFO    | goodware.engine | ============================================================
2026-09-30T23:07:55 | INFO    | goodware.engine | Goodware stopped.
